employee_id,role,department,experience_years,statistical_analysis_score,data_visualization_score,python_score,sql_score,data_collection_score,data_quality_score,statistical_methods_score,communication_score,previous_training_count,training_hours_completed,assessment_score,learning_progress,target_role,required_skill_levels,competency_level,data_type
IND-OSS-1001,Assistant Director (Statistics),National Sample Survey Office (NSSO),7,71,71,61,71,60,70,75,67,6.0,191,78,79.0,Statistical Analyst,"{""statistical_analysis_score"": 85, ""data_visualization_score"": 75, ""python_score"": 75, ""sql_score"": 80, ""data_collection_score"": 60, ""data_quality_score"": 80, ""statistical_methods_score"": 80, ""communication_score"": 70}",Proficient,SYNTHETIC_PROTOTYPE
IND-OSS-1002,Assistant Director (Statistics),National Statistical Systems Training Academy (NSSTA),6,71,58,66,57,50,73,64,69,9.0,142,47,47.0,Data Analyst,"{""statistical_analysis_score"": 75, ""data_visualization_score"": 85, ""python_score"": 85, ""sql_score"": 85, ""data_collection_score"": 60, ""data_quality_score"": 80, ""statistical_methods_score"": 70, ""communication_score"": 75}",Developing,SYNTHETIC_PROTOTYPE
IND-OSS-1003,Data Analyst,Central Statistics Office (CSO),5,63,75,79,77,43,68,71,74,7.0,422,54,55.0,Assistant Director (Statistics),"{""statistical_analysis_score"": 90, ""data_visualization_score"": 80, ""python_score"": 70, ""sql_score"": 75, ""data_collection_score"": 75, ""data_quality_score"": 85, ""statistical_methods_score"": 90, ""communication_score"": 85}",Developing,SYNTHETIC_PROTOTYPE
IND-OSS-1004,Statistical Analyst,Data Quality Assurance Division (DQAD),5,59,54,48,61,39,78,52,44,8.0,485,54,22.0,Assistant Director (Statistics),"{""statistical_analysis_score"": 90, ""data_visualization_score"": 80, ""python_score"": 70, ""sql_score"": 75, ""data_collection_score"": 75, ""data_quality_score"": 85, ""statistical_methods_score"": 90, ""communication_score"": 85}",Developing,SYNTHETIC_PROTOTYPE
IND-OSS-1005,Field Operations Officer (NSSO),National Sample Survey Office (NSSO),3,46,41,19,26,76,59,67,67,2.0,49,49,49.0,Field Operations Officer (NSSO),"{""statistical_analysis_score"": 65, ""data_visualization_score"": 55, ""python_score"": 45, ""sql_score"": 50, ""data_collection_score"": 92, ""data_quality_score"": 85, ""statistical_methods_score"": 70, ""communication_score"": 85}",Beginner,SYNTHETIC_PROTOTYPE
IND-OSS-1006,Senior Statistical Officer (SSO),National Sample Survey Office (NSSO),1,69,57,57,65,70,73,69,69,1.0,46,61,17.0,Statistical Analyst,"{""statistical_analysis_score"": 85, ""data_visualization_score"": 75, ""python_score"": 75, ""sql_score"": 80, ""data_collection_score"": 60, ""data_quality_score"": 80, ""statistical_methods_score"": 80, ""communication_score"": 70}",Developing,SYNTHETIC_PROTOTYPE
IND-OSS-1007,Statistical Analyst,Central Statistics Office (CSO),2,66,59,63,64,37,68,60,61,3.0,152,61,11.0,Data Analyst,"{""statistical_analysis_score"": 75, ""data_visualization_score"": 85, ""python_score"": 85, ""sql_score"": 85, ""data_collection_score"": 60, ""data_quality_score"": 80, ""statistical_methods_score"": 70, ""communication_score"": 75}",Developing,SYNTHETIC_PROTOTYPE
IND-OSS-1008,Field Operations Officer (NSSO),Social Statistics Division (SSD),21,56,47,22,37,83,69,59,69,20.0,303,45,19.0,Statistical Analyst,"{""statistical_analysis_score"": 85, ""data_visualization_score"": 75, ""python_score"": 75, ""sql_score"": 80, ""data_collection_score"": 60, ""data_quality_score"": 80, ""statistical_methods_score"": 80, ""communication_score"": 70}",Developing,SYNTHETIC_PROTOTYPE
IND-OSS-1009,Field Operations Officer (NSSO),Central Statistics Office (CSO),9,56,53,33,42,95,80,76,86,6.0,106,60,48.0,Assistant Director (Statistics),"{""statistical_analysis_score"": 90, ""data_visualization_score"": 80, ""python_score"": 70, ""sql_score"": 75, ""data_collection_score"": 75, ""data_quality_score"": 85, ""statistical_methods_score"": 90, ""communication_score"": 85}",Developing,SYNTHETIC_PROTOTYPE
IND-OSS-1010,Assistant Director (Statistics),Data Quality Assurance Division (DQAD),7,99,89,82,90,79,92,95,93,6.0,122,90,87.0,Field Operations Officer (NSSO),"{""statistical_analysis_score"": 65, ""data_visualization_score"": 55, ""python_score"": 45, ""sql_score"": 50, ""data_collection_score"": 92, ""data_quality_score"": 85, ""statistical_methods_score"": 70, ""communication_score"": 85}",Advanced,SYNTHETIC_PROTOTYPE
IND-OSS-1011,Senior Statistical Officer (SSO),Central Statistics Office (CSO),2,74,67,52,82,69,91,79,74,1.0,34,77,67.0,Senior Statistical Officer (SSO),"{""statistical_analysis_score"": 85, ""data_visualization_score"": 75, ""python_score"": 70, ""sql_score"": 75, ""data_collection_score"": 85, ""data_quality_score"": 90, ""statistical_methods_score"": 85, ""communication_score"": 80}",Developing,SYNTHETIC_PROTOTYPE
IND-OSS-1012,Field Operations Officer (NSSO),National Statistical Systems Training Academy (NSSTA),6,85,56,62,61,99,95,85,99,3.0,52,78,43.0,Survey Data Specialist,"{""statistical_analysis_score"": 80, ""data_visualization_score"": 70, ""python_score"": 65, ""sql_score"": 75, ""data_collection_score"": 88, ""data_quality_score"": 88, ""statistical_methods_score"": 80, ""communication_score"": 75}",Proficient,SYNTHETIC_PROTOTYPE
IND-OSS-1013,Survey Data Specialist,National Sample Survey Office (NSSO),14,62,62,53,60,84,83,67,51,14.0,843,60,24.0,Survey Data Specialist,"{""statistical_analysis_score"": 80, ""data_visualization_score"": 70, ""python_score"": 65, ""sql_score"": 75, ""data_collection_score"": 88, ""data_quality_score"": 88, ""statistical_methods_score"": 80, ""communication_score"": 75}",Developing,SYNTHETIC_PROTOTYPE
IND-OSS-1014,Survey Data Specialist,Central Statistics Office (CSO),5,67,62,54,67,84,90,63,81,5.0,118,54,9.0,Assistant Director (Statistics),"{""statistical_analysis_score"": 90, ""data_visualization_score"": 80, ""python_score"": 70, ""sql_score"": 75, ""data_collection_score"": 75, ""data_quality_score"": 85, ""statistical_methods_score"": 90, ""communication_score"": 85}",Developing,SYNTHETIC_PROTOTYPE
IND-OSS-1015,Senior Statistical Officer (SSO),National Statistical Systems Training Academy (NSSTA),2,99,77,76,76,86,88,87,85,4.0,66,83,41.0,Junior Statistical Officer (JSO),"{""statistical_analysis_score"": 70, ""data_visualization_score"": 65, ""python_score"": 60, ""sql_score"": 65, ""data_collection_score"": 85, ""data_quality_score"": 80, ""statistical_methods_score"": 75, ""communication_score"": 70}",Proficient,SYNTHETIC_PROTOTYPE
IND-OSS-1016,Data Analyst,Central Statistics Office (CSO),2,53,62,79,75,52,71,71,70,2.0,122,63,74.0,Survey Data Specialist,"{""statistical_analysis_score"": 80, ""data_visualization_score"": 70, ""python_score"": 65, ""sql_score"": 75, ""data_collection_score"": 88, ""data_quality_score"": 88, ""statistical_methods_score"": 80, ""communication_score"": 75}",Developing,SYNTHETIC_PROTOTYPE
IND-OSS-1017,Junior Statistical Officer (JSO),National Sample Survey Office (NSSO),6,75,65,57,59,79,64,66,70,6.0,102,60,19.0,Statistical Analyst,"{""statistical_analysis_score"": 85, ""data_visualization_score"": 75, ""python_score"": 75, ""sql_score"": 80, ""data_collection_score"": 60, ""data_quality_score"": 80, ""statistical_methods_score"": 80, ""communication_score"": 70}",Developing,SYNTHETIC_PROTOTYPE
IND-OSS-1018,Senior Statistical Officer (SSO),National Sample Survey Office (NSSO),13,77,62,61,76,82,85,77,62,16.0,331,62,44.0,Junior Statistical Officer (JSO),"{""statistical_analysis_score"": 70, ""data_visualization_score"": 65, ""python_score"": 60, ""sql_score"": 65, ""data_collection_score"": 85, ""data_quality_score"": 80, ""statistical_methods_score"": 75, ""communication_score"": 70}",Proficient,SYNTHETIC_PROTOTYPE
IND-OSS-1019,Survey Data Specialist,National Statistical Systems Training Academy (NSSTA),9,56,46,38,65,70,69,53,53,7.0,226,49,26.0,Field Operations Officer (NSSO),"{""statistical_analysis_score"": 65, ""data_visualization_score"": 55, ""python_score"": 45, ""sql_score"": 50, ""data_collection_score"": 92, ""data_quality_score"": 85, ""statistical_methods_score"": 70, ""communication_score"": 85}",Developing,SYNTHETIC_PROTOTYPE
IND-OSS-1020,Junior Statistical Officer (JSO),State Directorate of Economics and Statistics (DES),4,66,74,76,71,85,88,94,74,3.0,60,80,64.0,Statistical Analyst,"{""statistical_analysis_score"": 85, ""data_visualization_score"": 75, ""python_score"": 75, ""sql_score"": 80, ""data_collection_score"": 60, ""data_quality_score"": 80, ""statistical_methods_score"": 80, ""communication_score"": 70}",Proficient,SYNTHETIC_PROTOTYPE
IND-OSS-1021,Assistant Director (Statistics),Economic Statistics Division (ESD),6,85,89,64,70,69,78,92,83,3.0,61,80,60.0,Field Operations Officer (NSSO),"{""statistical_analysis_score"": 65, ""data_visualization_score"": 55, ""python_score"": 45, ""sql_score"": 50, ""data_collection_score"": 92, ""data_quality_score"": 85, ""statistical_methods_score"": 70, ""communication_score"": 85}",Proficient,SYNTHETIC_PROTOTYPE
IND-OSS-1022,Statistical Analyst,Economic Statistics Division (ESD),21,99,90,94,94,75,99,99,86,18.0,819,80,16.0,Statistical Analyst,"{""statistical_analysis_score"": 85, ""data_visualization_score"": 75, ""python_score"": 75, ""sql_score"": 80, ""data_collection_score"": 60, ""data_quality_score"": 80, ""statistical_methods_score"": 80, ""communication_score"": 70}",Advanced,SYNTHETIC_PROTOTYPE
IND-OSS-1023,Field Operations Officer (NSSO),National Statistical Systems Training Academy (NSSTA),1,49,39,22,38,82,68,69,67,1.0,34,43,9.0,Survey Data Specialist,"{""statistical_analysis_score"": 80, ""data_visualization_score"": 70, ""python_score"": 65, ""sql_score"": 75, ""data_collection_score"": 88, ""data_quality_score"": 88, ""statistical_methods_score"": 80, ""communication_score"": 75}",Beginner,SYNTHETIC_PROTOTYPE
IND-OSS-1024,Assistant Director (Statistics),Social Statistics Division (SSD),19,80,71,64,84,69,72,86,82,13.0,272,70,73.0,Survey Data Specialist,"{""statistical_analysis_score"": 80, ""data_visualization_score"": 70, ""python_score"": 65, ""sql_score"": 75, ""data_collection_score"": 88, ""data_quality_score"": 88, ""statistical_methods_score"": 80, ""communication_score"": 75}",Proficient,SYNTHETIC_PROTOTYPE
IND-OSS-1025,Junior Statistical Officer (JSO),Social Statistics Division (SSD),2,31,36,35,33,52,41,37,28,3.0,149,39,96.0,Data Analyst,"{""statistical_analysis_score"": 75, ""data_visualization_score"": 85, ""python_score"": 85, ""sql_score"": 85, ""data_collection_score"": 60, ""data_quality_score"": 80, ""statistical_methods_score"": 70, ""communication_score"": 75}",Beginner,SYNTHETIC_PROTOTYPE
IND-OSS-1026,Assistant Director (Statistics),National Sample Survey Office (NSSO),10,70,41,46,47,42,69,66,62,10.0,203,58,98.0,Statistical Analyst,"{""statistical_analysis_score"": 85, ""data_visualization_score"": 75, ""python_score"": 75, ""sql_score"": 80, ""data_collection_score"": 60, ""data_quality_score"": 80, ""statistical_methods_score"": 80, ""communication_score"": 70}",Developing,SYNTHETIC_PROTOTYPE
IND-OSS-1027,Assistant Director (Statistics),Central Statistics Office (CSO),1,85,67,61,71,64,78,92,76,2.0,74,53,31.0,Survey Data Specialist,"{""statistical_analysis_score"": 80, ""data_visualization_score"": 70, ""python_score"": 65, ""sql_score"": 75, ""data_collection_score"": 88, ""data_quality_score"": 88, ""statistical_methods_score"": 80, ""communication_score"": 75}",Developing,SYNTHETIC_PROTOTYPE
IND-OSS-1028,Junior Statistical Officer (JSO),National Sample Survey Office (NSSO),5,76,59,56,56,84,73,68,69,7.0,119,69,7.0,Survey Data Specialist,"{""statistical_analysis_score"": 80, ""data_visualization_score"": 70, ""python_score"": 65, ""sql_score"": 75, ""data_collection_score"": 88, ""data_quality_score"": 88, ""statistical_methods_score"": 80, ""communication_score"": 75}",Developing,SYNTHETIC_PROTOTYPE
IND-OSS-1029,Data Analyst,State Directorate of Economics and Statistics (DES),1,84,96,99,88,69,90,70,81,1.0,69,83,22.0,Statistical Analyst,"{""statistical_analysis_score"": 85, ""data_visualization_score"": 75, ""python_score"": 75, ""sql_score"": 80, ""data_collection_score"": 60, ""data_quality_score"": 80, ""statistical_methods_score"": 80, ""communication_score"": 70}",Proficient,SYNTHETIC_PROTOTYPE
IND-OSS-1030,Senior Statistical Officer (SSO),National Statistical Systems Training Academy (NSSTA),3,91,84,76,63,86,82,80,80,3.0,187,78,80.0,Senior Statistical Officer (SSO),"{""statistical_analysis_score"": 85, ""data_visualization_score"": 75, ""python_score"": 70, ""sql_score"": 75, ""data_collection_score"": 85, ""data_quality_score"": 90, ""statistical_methods_score"": 85, ""communication_score"": 80}",Proficient,SYNTHETIC_PROTOTYPE
IND-OSS-1031,Assistant Director (Statistics),State Directorate of Economics and Statistics (DES),5,89,81,69,65,63,96,89,83,5.0,75,73,78.0,Junior Statistical Officer (JSO),"{""statistical_analysis_score"": 70, ""data_visualization_score"": 65, ""python_score"": 60, ""sql_score"": 65, ""data_collection_score"": 85, ""data_quality_score"": 80, ""statistical_methods_score"": 75, ""communication_score"": 70}",Proficient,SYNTHETIC_PROTOTYPE
IND-OSS-1032,Data Analyst,National Statistical Systems Training Academy (NSSTA),4,57,82,88,92,53,68,67,66,4.0,137,65,22.0,Junior Statistical Officer (JSO),"{""statistical_analysis_score"": 70, ""data_visualization_score"": 65, ""python_score"": 60, ""sql_score"": 65, ""data_collection_score"": 85, ""data_quality_score"": 80, ""statistical_methods_score"": 75, ""communication_score"": 70}",Developing,SYNTHETIC_PROTOTYPE
IND-OSS-1033,Data Analyst,Data Quality Assurance Division (DQAD),2,78,70,70,69,46,64,51,56,0.0,17,65,65.0,Junior Statistical Officer (JSO),"{""statistical_analysis_score"": 70, ""data_visualization_score"": 65, ""python_score"": 60, ""sql_score"": 65, ""data_collection_score"": 85, ""data_quality_score"": 80, ""statistical_methods_score"": 75, ""communication_score"": 70}",Developing,SYNTHETIC_PROTOTYPE
IND-OSS-1034,Assistant Director (Statistics),Data Quality Assurance Division (DQAD),23,81,77,65,75,69,91,87,80,20.0,607,78,54.0,Assistant Director (Statistics),"{""statistical_analysis_score"": 90, ""data_visualization_score"": 80, ""python_score"": 70, ""sql_score"": 75, ""data_collection_score"": 75, ""data_quality_score"": 85, ""statistical_methods_score"": 90, ""communication_score"": 85}",Proficient,SYNTHETIC_PROTOTYPE
IND-OSS-1035,Statistical Analyst,Social Statistics Division (SSD),4,75,64,58,74,38,70,70,53,0.0,18,67,89.0,Assistant Director (Statistics),"{""statistical_analysis_score"": 90, ""data_visualization_score"": 80, ""python_score"": 70, ""sql_score"": 75, ""data_collection_score"": 75, ""data_quality_score"": 85, ""statistical_methods_score"": 90, ""communication_score"": 85}",Developing,SYNTHETIC_PROTOTYPE
IND-OSS-1036,Data Analyst,Social Statistics Division (SSD),10,78,99,90,90,69,89,77,73,13.0,263,75,34.0,Assistant Director (Statistics),"{""statistical_analysis_score"": 90, ""data_visualization_score"": 80, ""python_score"": 70, ""sql_score"": 75, ""data_collection_score"": 75, ""data_quality_score"": 85, ""statistical_methods_score"": 90, ""communication_score"": 85}",Proficient,SYNTHETIC_PROTOTYPE
IND-OSS-1037,Data Analyst,Central Statistics Office (CSO),3,60,70,70,82,50,87,69,68,5.0,303,63,57.0,Senior Statistical Officer (SSO),"{""statistical_analysis_score"": 85, ""data_visualization_score"": 75, ""python_score"": 70, ""sql_score"": 75, ""data_collection_score"": 85, ""data_quality_score"": 90, ""statistical_methods_score"": 85, ""communication_score"": 80}",Developing,SYNTHETIC_PROTOTYPE
IND-OSS-1038,Senior Statistical Officer (SSO),National Statistical Systems Training Academy (NSSTA),13,58,41,45,51,61,61,75,45,10.0,206,43,76.0,Assistant Director (Statistics),"{""statistical_analysis_score"": 90, ""data_visualization_score"": 80, ""python_score"": 70, ""sql_score"": 75, ""data_collection_score"": 75, ""data_quality_score"": 85, ""statistical_methods_score"": 90, ""communication_score"": 85}",Developing,SYNTHETIC_PROTOTYPE
IND-OSS-1039,Assistant Director (Statistics),Social Statistics Division (SSD),6,99,98,89,98,98,99,99,95,5.0,306,90,47.0,Data Analyst,"{""statistical_analysis_score"": 75, ""data_visualization_score"": 85, ""python_score"": 85, ""sql_score"": 85, ""data_collection_score"": 60, ""data_quality_score"": 80, ""statistical_methods_score"": 70, ""communication_score"": 75}",Advanced,SYNTHETIC_PROTOTYPE
IND-OSS-1040,Assistant Director (Statistics),National Statistical Systems Training Academy (NSSTA),8,89,83,69,75,75,89,89,96,8.0,249,70,68.0,Survey Data Specialist,"{""statistical_analysis_score"": 80, ""data_visualization_score"": 70, ""python_score"": 65, ""sql_score"": 75, ""data_collection_score"": 88, ""data_quality_score"": 88, ""statistical_methods_score"": 80, ""communication_score"": 75}",Proficient,SYNTHETIC_PROTOTYPE
IND-OSS-1041,Survey Data Specialist,State Directorate of Economics and Statistics (DES),21,67,61,59,53,67,78,75,72,19.0,1153,56,58.0,Statistical Analyst,"{""statistical_analysis_score"": 85, ""data_visualization_score"": 75, ""python_score"": 75, ""sql_score"": 80, ""data_collection_score"": 60, ""data_quality_score"": 80, ""statistical_methods_score"": 80, ""communication_score"": 70}",Developing,SYNTHETIC_PROTOTYPE
IND-OSS-1042,Data Analyst,State Directorate of Economics and Statistics (DES),8,76,79,80,87,52,79,61,66,13.0,794,66,30.0,Statistical Analyst,"{""statistical_analysis_score"": 85, ""data_visualization_score"": 75, ""python_score"": 75, ""sql_score"": 80, ""data_collection_score"": 60, ""data_quality_score"": 80, ""statistical_methods_score"": 80, ""communication_score"": 70}",Developing,SYNTHETIC_PROTOTYPE
IND-OSS-1043,Survey Data Specialist,National Statistical Systems Training Academy (NSSTA),3,67,56,53,64,68,69,67,58,4.0,258,55,91.0,Senior Statistical Officer (SSO),"{""statistical_analysis_score"": 85, ""data_visualization_score"": 75, ""python_score"": 70, ""sql_score"": 75, ""data_collection_score"": 85, ""data_quality_score"": 90, ""statistical_methods_score"": 85, ""communication_score"": 80}",Developing,SYNTHETIC_PROTOTYPE
IND-OSS-1044,Junior Statistical Officer (JSO),National Sample Survey Office (NSSO),7,75,70,67,70,93,89,88,67,5.0,103,74,68.0,Data Analyst,"{""statistical_analysis_score"": 75, ""data_visualization_score"": 85, ""python_score"": 85, ""sql_score"": 85, ""data_collection_score"": 60, ""data_quality_score"": 80, ""statistical_methods_score"": 70, ""communication_score"": 75}",Proficient,SYNTHETIC_PROTOTYPE
IND-OSS-1045,Field Operations Officer (NSSO),Data Quality Assurance Division (DQAD),4,44,30,23,26,73,64,49,74,4.0,196,50,76.0,Junior Statistical Officer (JSO),"{""statistical_analysis_score"": 70, ""data_visualization_score"": 65, ""python_score"": 60, ""sql_score"": 65, ""data_collection_score"": 85, ""data_quality_score"": 80, ""statistical_methods_score"": 75, ""communication_score"": 70}",Beginner,SYNTHETIC_PROTOTYPE
IND-OSS-1046,Data Analyst,Data Quality Assurance Division (DQAD),15,63,71,82,70,55,74,59,74,11.0,505,64,71.0,Senior Statistical Officer (SSO),"{""statistical_analysis_score"": 85, ""data_visualization_score"": 75, ""python_score"": 70, ""sql_score"": 75, ""data_collection_score"": 85, ""data_quality_score"": 90, ""statistical_methods_score"": 85, ""communication_score"": 80}",Proficient,SYNTHETIC_PROTOTYPE
IND-OSS-1047,Senior Statistical Officer (SSO),Data Quality Assurance Division (DQAD),2,91,83,75,84,83,99,91,94,6.0,191,87,72.0,Senior Statistical Officer (SSO),"{""statistical_analysis_score"": 85, ""data_visualization_score"": 75, ""python_score"": 70, ""sql_score"": 75, ""data_collection_score"": 85, ""data_quality_score"": 90, ""statistical_methods_score"": 85, ""communication_score"": 80}",Proficient,SYNTHETIC_PROTOTYPE
IND-OSS-1048,Data Analyst,National Statistical Systems Training Academy (NSSTA),15,69,89,79,80,45,75,52,62,16.0,488,68,74.0,Data Analyst,"{""statistical_analysis_score"": 75, ""data_visualization_score"": 85, ""python_score"": 85, ""sql_score"": 85, ""data_collection_score"": 60, ""data_quality_score"": 80, ""statistical_methods_score"": 70, ""communication_score"": 75}",Proficient,SYNTHETIC_PROTOTYPE
IND-OSS-1049,Data Analyst,Data Quality Assurance Division (DQAD),4,57,74,72,73,47,63,60,56,4.0,122,60,89.0,Field Operations Officer (NSSO),"{""statistical_analysis_score"": 65, ""data_visualization_score"": 55, ""python_score"": 45, ""sql_score"": 50, ""data_collection_score"": 92, ""data_quality_score"": 85, ""statistical_methods_score"": 70, ""communication_score"": 85}",Developing,SYNTHETIC_PROTOTYPE
IND-OSS-1050,Field Operations Officer (NSSO),National Statistical Systems Training Academy (NSSTA),9,76,60,69,62,99,99,81,88,11.0,341,72,69.0,Assistant Director (Statistics),"{""statistical_analysis_score"": 90, ""data_visualization_score"": 80, ""python_score"": 70, ""sql_score"": 75, ""data_collection_score"": 75, ""data_quality_score"": 85, ""statistical_methods_score"": 90, ""communication_score"": 85}",Proficient,SYNTHETIC_PROTOTYPE
IND-OSS-1051,Field Operations Officer (NSSO),Economic Statistics Division (ESD),5,52,47,43,40,89,82,47,69,5.0,301,61,83.0,Field Operations Officer (NSSO),"{""statistical_analysis_score"": 65, ""data_visualization_score"": 55, ""python_score"": 45, ""sql_score"": 50, ""data_collection_score"": 92, ""data_quality_score"": 85, ""statistical_methods_score"": 70, ""communication_score"": 85}",Developing,SYNTHETIC_PROTOTYPE
IND-OSS-1052,Senior Statistical Officer (SSO),National Statistical Systems Training Academy (NSSTA),3,70,78,69,72,74,86,77,62,5.0,151,67,52.0,Data Analyst,"{""statistical_analysis_score"": 75, ""data_visualization_score"": 85, ""python_score"": 85, ""sql_score"": 85, ""data_collection_score"": 60, ""data_quality_score"": 80, ""statistical_methods_score"": 70, ""communication_score"": 75}",Developing,SYNTHETIC_PROTOTYPE
IND-OSS-1053,Data Analyst,Social Statistics Division (SSD),7,58,58,66,75,62,58,48,51,9.0,188,60,54.0,Senior Statistical Officer (SSO),"{""statistical_analysis_score"": 85, ""data_visualization_score"": 75, ""python_score"": 70, ""sql_score"": 75, ""data_collection_score"": 85, ""data_quality_score"": 90, ""statistical_methods_score"": 85, ""communication_score"": 80}",Developing,SYNTHETIC_PROTOTYPE
IND-OSS-1054,Statistical Analyst,State Directorate of Economics and Statistics (DES),2,65,56,58,59,47,45,80,43,0.0,19,56,22.0,Statistical Analyst,"{""statistical_analysis_score"": 85, ""data_visualization_score"": 75, ""python_score"": 75, ""sql_score"": 80, ""data_collection_score"": 60, ""data_quality_score"": 80, ""statistical_methods_score"": 80, ""communication_score"": 70}",Developing,SYNTHETIC_PROTOTYPE
IND-OSS-1055,Survey Data Specialist,National Sample Survey Office (NSSO),6,61,54,53,60,71,73,79,57,6.0,375,54,57.0,Data Analyst,"{""statistical_analysis_score"": 75, ""data_visualization_score"": 85, ""python_score"": 85, ""sql_score"": 85, ""data_collection_score"": 60, ""data_quality_score"": 80, ""statistical_methods_score"": 70, ""communication_score"": 75}",Developing,SYNTHETIC_PROTOTYPE
IND-OSS-1056,Assistant Director (Statistics),Central Statistics Office (CSO),6,99,87,86,92,76,98,99,92,3.0,56,91,38.0,Survey Data Specialist,"{""statistical_analysis_score"": 80, ""data_visualization_score"": 70, ""python_score"": 65, ""sql_score"": 75, ""data_collection_score"": 88, ""data_quality_score"": 88, ""statistical_methods_score"": 80, ""communication_score"": 75}",Advanced,SYNTHETIC_PROTOTYPE
IND-OSS-1057,Assistant Director (Statistics),Economic Statistics Division (ESD),10,99,98,93,88,95,99,99,99,10.0,460,85,72.0,Field Operations Officer (NSSO),"{""statistical_analysis_score"": 65, ""data_visualization_score"": 55, ""python_score"": 45, ""sql_score"": 50, ""data_collection_score"": 92, ""data_quality_score"": 85, ""statistical_methods_score"": 70, ""communication_score"": 85}",Advanced,SYNTHETIC_PROTOTYPE
IND-OSS-1058,Statistical Analyst,Economic Statistics Division (ESD),4,54,53,61,63,25,49,63,39,3.0,54,47,35.0,Senior Statistical Officer (SSO),"{""statistical_analysis_score"": 85, ""data_visualization_score"": 75, ""python_score"": 70, ""sql_score"": 75, ""data_collection_score"": 85, ""data_quality_score"": 90, ""statistical_methods_score"": 85, ""communication_score"": 80}",Beginner,SYNTHETIC_PROTOTYPE
IND-OSS-1059,Field Operations Officer (NSSO),Economic Statistics Division (ESD),2,54,58,42,40,72,76,63,71,3.0,93,66,50.0,Field Operations Officer (NSSO),"{""statistical_analysis_score"": 65, ""data_visualization_score"": 55, ""python_score"": 45, ""sql_score"": 50, ""data_collection_score"": 92, ""data_quality_score"": 85, ""statistical_methods_score"": 70, ""communication_score"": 85}",Developing,SYNTHETIC_PROTOTYPE
IND-OSS-1060,Junior Statistical Officer (JSO),Social Statistics Division (SSD),17,79,70,65,72,90,93,97,72,16.0,322,65,61.0,Survey Data Specialist,"{""statistical_analysis_score"": 80, ""data_visualization_score"": 70, ""python_score"": 65, ""sql_score"": 75, ""data_collection_score"": 88, ""data_quality_score"": 88, ""statistical_methods_score"": 80, ""communication_score"": 75}",Proficient,SYNTHETIC_PROTOTYPE
IND-OSS-1061,Statistical Analyst,Data Quality Assurance Division (DQAD),10,77,60,57,73,55,79,55,48,10.0,202,50,17.0,Assistant Director (Statistics),"{""statistical_analysis_score"": 90, ""data_visualization_score"": 80, ""python_score"": 70, ""sql_score"": 75, ""data_collection_score"": 75, ""data_quality_score"": 85, ""statistical_methods_score"": 90, ""communication_score"": 85}",Developing,SYNTHETIC_PROTOTYPE
IND-OSS-1062,Statistical Analyst,Data Quality Assurance Division (DQAD),5,76,60,77,71,53,76,67,62,4.0,259,58,52.0,Field Operations Officer (NSSO),"{""statistical_analysis_score"": 65, ""data_visualization_score"": 55, ""python_score"": 45, ""sql_score"": 50, ""data_collection_score"": 92, ""data_quality_score"": 85, ""statistical_methods_score"": 70, ""communication_score"": 85}",Developing,SYNTHETIC_PROTOTYPE
IND-OSS-1063,Survey Data Specialist,National Statistical Systems Training Academy (NSSTA),4,49,36,47,46,52,69,76,54,6.0,133,56,49.0,Survey Data Specialist,"{""statistical_analysis_score"": 80, ""data_visualization_score"": 70, ""python_score"": 65, ""sql_score"": 75, ""data_collection_score"": 88, ""data_quality_score"": 88, ""statistical_methods_score"": 80, ""communication_score"": 75}",Developing,SYNTHETIC_PROTOTYPE
IND-OSS-1064,Assistant Director (Statistics),National Statistical Systems Training Academy (NSSTA),2,73,62,60,61,57,73,82,71,2.0,42,59,37.0,Statistical Analyst,"{""statistical_analysis_score"": 85, ""data_visualization_score"": 75, ""python_score"": 75, ""sql_score"": 80, ""data_collection_score"": 60, ""data_quality_score"": 80, ""statistical_methods_score"": 80, ""communication_score"": 70}",Developing,SYNTHETIC_PROTOTYPE
IND-OSS-1065,Junior Statistical Officer (JSO),Economic Statistics Division (ESD),5,26,21,15,23,30,28,32,20,5.0,88,25,68.0,Data Analyst,"{""statistical_analysis_score"": 75, ""data_visualization_score"": 85, ""python_score"": 85, ""sql_score"": 85, ""data_collection_score"": 60, ""data_quality_score"": 80, ""statistical_methods_score"": 70, ""communication_score"": 75}",Beginner,SYNTHETIC_PROTOTYPE
IND-OSS-1066,Senior Statistical Officer (SSO),National Sample Survey Office (NSSO),1,64,78,57,70,74,74,86,82,1.0,25,72,68.0,Assistant Director (Statistics),"{""statistical_analysis_score"": 90, ""data_visualization_score"": 80, ""python_score"": 70, ""sql_score"": 75, ""data_collection_score"": 75, ""data_quality_score"": 85, ""statistical_methods_score"": 90, ""communication_score"": 85}",Developing,SYNTHETIC_PROTOTYPE
IND-OSS-1067,Assistant Director (Statistics),National Statistical Systems Training Academy (NSSTA),6,84,70,53,73,64,74,73,72,10.0,465,60,71.0,Field Operations Officer (NSSO),"{""statistical_analysis_score"": 65, ""data_visualization_score"": 55, ""python_score"": 45, ""sql_score"": 50, ""data_collection_score"": 92, ""data_quality_score"": 85, ""statistical_methods_score"": 70, ""communication_score"": 85}",Developing,SYNTHETIC_PROTOTYPE
IND-OSS-1068,Survey Data Specialist,Central Statistics Office (CSO),17,73,67,52,68,71,80,72,78,17.0,265,71,60.0,Field Operations Officer (NSSO),"{""statistical_analysis_score"": 65, ""data_visualization_score"": 55, ""python_score"": 45, ""sql_score"": 50, ""data_collection_score"": 92, ""data_quality_score"": 85, ""statistical_methods_score"": 70, ""communication_score"": 85}",Proficient,SYNTHETIC_PROTOTYPE
IND-OSS-1069,Statistical Analyst,State Directorate of Economics and Statistics (DES),3,47,58,51,54,29,55,49,46,3.0,138,48,41.0,Assistant Director (Statistics),"{""statistical_analysis_score"": 90, ""data_visualization_score"": 80, ""python_score"": 70, ""sql_score"": 75, ""data_collection_score"": 75, ""data_quality_score"": 85, ""statistical_methods_score"": 90, ""communication_score"": 85}",Beginner,SYNTHETIC_PROTOTYPE
IND-OSS-1070,Junior Statistical Officer (JSO),State Directorate of Economics and Statistics (DES),12,90,89,74,75,94,82,99,78,17.0,1031,79,32.0,Assistant Director (Statistics),"{""statistical_analysis_score"": 90, ""data_visualization_score"": 80, ""python_score"": 70, ""sql_score"": 75, ""data_collection_score"": 75, ""data_quality_score"": 85, ""statistical_methods_score"": 90, ""communication_score"": 85}",Proficient,SYNTHETIC_PROTOTYPE
IND-OSS-1071,Field Operations Officer (NSSO),Social Statistics Division (SSD),3,52,39,42,39,83,75,64,72,3.0,194,47,25.0,Data Analyst,"{""statistical_analysis_score"": 75, ""data_visualization_score"": 85, ""python_score"": 85, ""sql_score"": 85, ""data_collection_score"": 60, ""data_quality_score"": 80, ""statistical_methods_score"": 70, ""communication_score"": 75}",Developing,SYNTHETIC_PROTOTYPE
IND-OSS-1072,Data Analyst,National Statistical Systems Training Academy (NSSTA),8,78,81,85,94,63,73,76,82,11.0,504,67,,Survey Data Specialist,"{""statistical_analysis_score"": 80, ""data_visualization_score"": 70, ""python_score"": 65, ""sql_score"": 75, ""data_collection_score"": 88, ""data_quality_score"": 88, ""statistical_methods_score"": 80, ""communication_score"": 75}",Proficient,SYNTHETIC_PROTOTYPE
IND-OSS-1073,Data Analyst,Social Statistics Division (SSD),2,37,66,64,50,47,69,42,60,1.0,58,48,34.0,Survey Data Specialist,"{""statistical_analysis_score"": 80, ""data_visualization_score"": 70, ""python_score"": 65, ""sql_score"": 75, ""data_collection_score"": 88, ""data_quality_score"": 88, ""statistical_methods_score"": 80, ""communication_score"": 75}",Beginner,SYNTHETIC_PROTOTYPE
IND-OSS-1074,Field Operations Officer (NSSO),National Sample Survey Office (NSSO),5,44,36,34,21,76,60,55,63,4.0,196,55,58.0,Field Operations Officer (NSSO),"{""statistical_analysis_score"": 65, ""data_visualization_score"": 55, ""python_score"": 45, ""sql_score"": 50, ""data_collection_score"": 92, ""data_quality_score"": 85, ""statistical_methods_score"": 70, ""communication_score"": 85}",Beginner,SYNTHETIC_PROTOTYPE
IND-OSS-1075,Junior Statistical Officer (JSO),Economic Statistics Division (ESD),7,58,59,44,60,58,58,64,47,1.0,65,46,36.0,Statistical Analyst,"{""statistical_analysis_score"": 85, ""data_visualization_score"": 75, ""python_score"": 75, ""sql_score"": 80, ""data_collection_score"": 60, ""data_quality_score"": 80, ""statistical_methods_score"": 80, ""communication_score"": 70}",Developing,SYNTHETIC_PROTOTYPE
IND-OSS-1076,Statistical Analyst,National Statistical Systems Training Academy (NSSTA),4,81,53,61,67,43,46,65,62,2.0,93,60,50.0,Survey Data Specialist,"{""statistical_analysis_score"": 80, ""data_visualization_score"": 70, ""python_score"": 65, ""sql_score"": 75, ""data_collection_score"": 88, ""data_quality_score"": 88, ""statistical_methods_score"": 80, ""communication_score"": 75}",Developing,SYNTHETIC_PROTOTYPE
IND-OSS-1077,Survey Data Specialist,National Statistical Systems Training Academy (NSSTA),2,38,30,36,53,42,44,42,39,3.0,189,42,53.0,Data Analyst,"{""statistical_analysis_score"": 75, ""data_visualization_score"": 85, ""python_score"": 85, ""sql_score"": 85, ""data_collection_score"": 60, ""data_quality_score"": 80, ""statistical_methods_score"": 70, ""communication_score"": 75}",Beginner,SYNTHETIC_PROTOTYPE
IND-OSS-1078,Statistical Analyst,Central Statistics Office (CSO),5,60,59,56,57,41,66,76,59,6.0,91,42,78.0,Field Operations Officer (NSSO),"{""statistical_analysis_score"": 65, ""data_visualization_score"": 55, ""python_score"": 45, ""sql_score"": 50, ""data_collection_score"": 92, ""data_quality_score"": 85, ""statistical_methods_score"": 70, ""communication_score"": 85}",Developing,SYNTHETIC_PROTOTYPE
IND-OSS-1079,Statistical Analyst,National Sample Survey Office (NSSO),4,63,64,59,56,49,60,61,43,5.0,102,54,60.0,Assistant Director (Statistics),"{""statistical_analysis_score"": 90, ""data_visualization_score"": 80, ""python_score"": 70, ""sql_score"": 75, ""data_collection_score"": 75, ""data_quality_score"": 85, ""statistical_methods_score"": 90, ""communication_score"": 85}",Developing,SYNTHETIC_PROTOTYPE
IND-OSS-1080,Senior Statistical Officer (SSO),State Directorate of Economics and Statistics (DES),3,64,70,54,77,81,76,83,69,3.0,102,71,36.0,Statistical Analyst,"{""statistical_analysis_score"": 85, ""data_visualization_score"": 75, ""python_score"": 75, ""sql_score"": 80, ""data_collection_score"": 60, ""data_quality_score"": 80, ""statistical_methods_score"": 80, ""communication_score"": 70}",Developing,SYNTHETIC_PROTOTYPE
IND-OSS-1081,Survey Data Specialist,Social Statistics Division (SSD),3,55,54,61,49,69,79,61,59,5.0,154,64,90.0,Survey Data Specialist,"{""statistical_analysis_score"": 80, ""data_visualization_score"": 70, ""python_score"": 65, ""sql_score"": 75, ""data_collection_score"": 88, ""data_quality_score"": 88, ""statistical_methods_score"": 80, ""communication_score"": 75}",Developing,SYNTHETIC_PROTOTYPE
IND-OSS-1082,Data Analyst,Central Statistics Office (CSO),7,90,95,84,96,81,92,67,84,5.0,93,84,79.0,Assistant Director (Statistics),"{""statistical_analysis_score"": 90, ""data_visualization_score"": 80, ""python_score"": 70, ""sql_score"": 75, ""data_collection_score"": 75, ""data_quality_score"": 85, ""statistical_methods_score"": 90, ""communication_score"": 85}",Proficient,SYNTHETIC_PROTOTYPE
IND-OSS-1083,Senior Statistical Officer (SSO),Social Statistics Division (SSD),9,72,63,60,56,80,69,69,71,7.0,433,64,49.0,Data Analyst,"{""statistical_analysis_score"": 75, ""data_visualization_score"": 85, ""python_score"": 85, ""sql_score"": 85, ""data_collection_score"": 60, ""data_quality_score"": 80, ""statistical_methods_score"": 70, ""communication_score"": 75}",Developing,SYNTHETIC_PROTOTYPE
IND-OSS-1084,Junior Statistical Officer (JSO),Social Statistics Division (SSD),8,49,43,43,45,70,76,59,54,7.0,334,52,48.0,Survey Data Specialist,"{""statistical_analysis_score"": 80, ""data_visualization_score"": 70, ""python_score"": 65, ""sql_score"": 75, ""data_collection_score"": 88, ""data_quality_score"": 88, ""statistical_methods_score"": 80, ""communication_score"": 75}",Developing,SYNTHETIC_PROTOTYPE
IND-OSS-1085,Field Operations Officer (NSSO),Economic Statistics Division (ESD),18,68,59,50,54,98,87,82,87,8.0,123,65,43.0,Data Analyst,"{""statistical_analysis_score"": 75, ""data_visualization_score"": 85, ""python_score"": 85, ""sql_score"": 85, ""data_collection_score"": 60, ""data_quality_score"": 80, ""statistical_methods_score"": 70, ""communication_score"": 75}",Proficient,SYNTHETIC_PROTOTYPE
IND-OSS-1086,Field Operations Officer (NSSO),State Directorate of Economics and Statistics (DES),5,59,67,50,44,86,96,69,81,3.0,146,64,28.0,Assistant Director (Statistics),"{""statistical_analysis_score"": 90, ""data_visualization_score"": 80, ""python_score"": 70, ""sql_score"": 75, ""data_collection_score"": 75, ""data_quality_score"": 85, ""statistical_methods_score"": 90, ""communication_score"": 85}",Developing,SYNTHETIC_PROTOTYPE
IND-OSS-1087,Assistant Director (Statistics),Central Statistics Office (CSO),12,76,74,66,62,65,64,88,75,8.0,132,57,67.0,Assistant Director (Statistics),"{""statistical_analysis_score"": 90, ""data_visualization_score"": 80, ""python_score"": 70, ""sql_score"": 75, ""data_collection_score"": 75, ""data_quality_score"": 85, ""statistical_methods_score"": 90, ""communication_score"": 85}",Developing,SYNTHETIC_PROTOTYPE
IND-OSS-1088,Junior Statistical Officer (JSO),Economic Statistics Division (ESD),3,66,69,80,68,84,75,74,64,6.0,360,68,83.0,Assistant Director (Statistics),"{""statistical_analysis_score"": 90, ""data_visualization_score"": 80, ""python_score"": 70, ""sql_score"": 75, ""data_collection_score"": 75, ""data_quality_score"": 85, ""statistical_methods_score"": 90, ""communication_score"": 85}",Developing,SYNTHETIC_PROTOTYPE
IND-OSS-1089,Assistant Director (Statistics),National Statistical Systems Training Academy (NSSTA),9,73,61,46,57,61,67,64,65,12.0,186,60,82.0,Senior Statistical Officer (SSO),"{""statistical_analysis_score"": 85, ""data_visualization_score"": 75, ""python_score"": 70, ""sql_score"": 75, ""data_collection_score"": 85, ""data_quality_score"": 90, ""statistical_methods_score"": 85, ""communication_score"": 80}",Developing,SYNTHETIC_PROTOTYPE
IND-OSS-1090,Field Operations Officer (NSSO),Economic Statistics Division (ESD),5,39,39,33,39,72,81,51,79,6.0,122,54,93.0,Statistical Analyst,"{""statistical_analysis_score"": 85, ""data_visualization_score"": 75, ""python_score"": 75, ""sql_score"": 80, ""data_collection_score"": 60, ""data_quality_score"": 80, ""statistical_methods_score"": 80, ""communication_score"": 70}",Developing,SYNTHETIC_PROTOTYPE
IND-OSS-1091,Data Analyst,Central Statistics Office (CSO),4,72,94,75,65,46,70,41,65,0.0,10,68,36.0,Statistical Analyst,"{""statistical_analysis_score"": 85, ""data_visualization_score"": 75, ""python_score"": 75, ""sql_score"": 80, ""data_collection_score"": 60, ""data_quality_score"": 80, ""statistical_methods_score"": 80, ""communication_score"": 70}",Developing,SYNTHETIC_PROTOTYPE
IND-OSS-1092,Junior Statistical Officer (JSO),National Sample Survey Office (NSSO),2,62,53,51,60,69,69,54,59,3.0,152,46,41.0,Field Operations Officer (NSSO),"{""statistical_analysis_score"": 65, ""data_visualization_score"": 55, ""python_score"": 45, ""sql_score"": 50, ""data_collection_score"": 92, ""data_quality_score"": 85, ""statistical_methods_score"": 70, ""communication_score"": 85}",Developing,SYNTHETIC_PROTOTYPE
IND-OSS-1093,Field Operations Officer (NSSO),Central Statistics Office (CSO),5,65,39,38,41,84,80,63,68,5.0,77,60,40.0,Field Operations Officer (NSSO),"{""statistical_analysis_score"": 65, ""data_visualization_score"": 55, ""python_score"": 45, ""sql_score"": 50, ""data_collection_score"": 92, ""data_quality_score"": 85, ""statistical_methods_score"": 70, ""communication_score"": 85}",Developing,SYNTHETIC_PROTOTYPE
IND-OSS-1094,Data Analyst,National Sample Survey Office (NSSO),3,66,47,59,60,40,53,44,44,2.0,51,43,89.0,Statistical Analyst,"{""statistical_analysis_score"": 85, ""data_visualization_score"": 75, ""python_score"": 75, ""sql_score"": 80, ""data_collection_score"": 60, ""data_quality_score"": 80, ""statistical_methods_score"": 80, ""communication_score"": 70}",Beginner,SYNTHETIC_PROTOTYPE
IND-OSS-1095,Assistant Director (Statistics),Data Quality Assurance Division (DQAD),5,71,52,39,52,36,51,64,67,5.0,91,44,44.0,Statistical Analyst,"{""statistical_analysis_score"": 85, ""data_visualization_score"": 75, ""python_score"": 75, ""sql_score"": 80, ""data_collection_score"": 60, ""data_quality_score"": 80, ""statistical_methods_score"": 80, ""communication_score"": 70}",Beginner,SYNTHETIC_PROTOTYPE
IND-OSS-1096,Data Analyst,National Sample Survey Office (NSSO),8,57,74,76,75,37,68,53,68,5.0,150,66,15.0,Statistical Analyst,"{""statistical_analysis_score"": 85, ""data_visualization_score"": 75, ""python_score"": 75, ""sql_score"": 80, ""data_collection_score"": 60, ""data_quality_score"": 80, ""statistical_methods_score"": 80, ""communication_score"": 70}",Developing,SYNTHETIC_PROTOTYPE
IND-OSS-1097,Survey Data Specialist,National Statistical Systems Training Academy (NSSTA),7,62,51,60,66,63,84,81,58,7.0,217,63,43.0,Statistical Analyst,"{""statistical_analysis_score"": 85, ""data_visualization_score"": 75, ""python_score"": 75, ""sql_score"": 80, ""data_collection_score"": 60, ""data_quality_score"": 80, ""statistical_methods_score"": 80, ""communication_score"": 70}",Developing,SYNTHETIC_PROTOTYPE
IND-OSS-1098,Field Operations Officer (NSSO),Central Statistics Office (CSO),10,59,42,36,50,93,84,75,80,8.0,247,60,11.0,Junior Statistical Officer (JSO),"{""statistical_analysis_score"": 70, ""data_visualization_score"": 65, ""python_score"": 60, ""sql_score"": 65, ""data_collection_score"": 85, ""data_quality_score"": 80, ""statistical_methods_score"": 75, ""communication_score"": 70}",Developing,SYNTHETIC_PROTOTYPE
IND-OSS-1099,Assistant Director (Statistics),Economic Statistics Division (ESD),2,69,66,42,48,62,62,64,69,5.0,243,53,67.0,Data Analyst,"{""statistical_analysis_score"": 75, ""data_visualization_score"": 85, ""python_score"": 85, ""sql_score"": 85, ""data_collection_score"": 60, ""data_quality_score"": 80, ""statistical_methods_score"": 70, ""communication_score"": 75}",Developing,SYNTHETIC_PROTOTYPE
IND-OSS-1100,Field Operations Officer (NSSO),Central Statistics Office (CSO),12,74,55,52,56,90,98,77,89,12.0,735,74,39.0,Assistant Director (Statistics),"{""statistical_analysis_score"": 90, ""data_visualization_score"": 80, ""python_score"": 70, ""sql_score"": 75, ""data_collection_score"": 75, ""data_quality_score"": 85, ""statistical_methods_score"": 90, ""communication_score"": 85}",Proficient,SYNTHETIC_PROTOTYPE
IND-OSS-1101,Field Operations Officer (NSSO),Social Statistics Division (SSD),2,50,23,38,27,85,71,58,76,1.0,22,54,57.0,Senior Statistical Officer (SSO),"{""statistical_analysis_score"": 85, ""data_visualization_score"": 75, ""python_score"": 70, ""sql_score"": 75, ""data_collection_score"": 85, ""data_quality_score"": 90, ""statistical_methods_score"": 85, ""communication_score"": 80}",Beginner,SYNTHETIC_PROTOTYPE
IND-OSS-1102,Data Analyst,State Directorate of Economics and Statistics (DES),13,59,75,67,70,47,59,61,58,10.0,463,56,5.0,Senior Statistical Officer (SSO),"{""statistical_analysis_score"": 85, ""data_visualization_score"": 75, ""python_score"": 70, ""sql_score"": 75, ""data_collection_score"": 85, ""data_quality_score"": 90, ""statistical_methods_score"": 85, ""communication_score"": 80}",Developing,SYNTHETIC_PROTOTYPE
IND-OSS-1103,Survey Data Specialist,Economic Statistics Division (ESD),8,75,53,64,72,85,83,72,71,2.0,120,70,22.0,Data Analyst,"{""statistical_analysis_score"": 75, ""data_visualization_score"": 85, ""python_score"": 85, ""sql_score"": 85, ""data_collection_score"": 60, ""data_quality_score"": 80, ""statistical_methods_score"": 70, ""communication_score"": 75}",Proficient,SYNTHETIC_PROTOTYPE
IND-OSS-1104,Statistical Analyst,National Sample Survey Office (NSSO),15,94,87,90,88,56,92,83,74,18.0,1081,72,70.0,Assistant Director (Statistics),"{""statistical_analysis_score"": 90, ""data_visualization_score"": 80, ""python_score"": 70, ""sql_score"": 75, ""data_collection_score"": 75, ""data_quality_score"": 85, ""statistical_methods_score"": 90, ""communication_score"": 85}",Proficient,SYNTHETIC_PROTOTYPE
IND-OSS-1105,Senior Statistical Officer (SSO),National Statistical Systems Training Academy (NSSTA),14,99,99,99,92,99,99,99,94,18.0,550,82,84.0,Senior Statistical Officer (SSO),"{""statistical_analysis_score"": 85, ""data_visualization_score"": 75, ""python_score"": 70, ""sql_score"": 75, ""data_collection_score"": 85, ""data_quality_score"": 90, ""statistical_methods_score"": 85, ""communication_score"": 80}",Advanced,SYNTHETIC_PROTOTYPE
IND-OSS-1106,Senior Statistical Officer (SSO),Economic Statistics Division (ESD),10,80,81,76,78,99,91,95,85,15.0,680,79,25.0,Survey Data Specialist,"{""statistical_analysis_score"": 80, ""data_visualization_score"": 70, ""python_score"": 65, ""sql_score"": 75, ""data_collection_score"": 88, ""data_quality_score"": 88, ""statistical_methods_score"": 80, ""communication_score"": 75}",Proficient,SYNTHETIC_PROTOTYPE
IND-OSS-1107,Assistant Director (Statistics),National Sample Survey Office (NSSO),5,88,75,65,78,79,93,82,88,7.0,332,73,26.0,Assistant Director (Statistics),"{""statistical_analysis_score"": 90, ""data_visualization_score"": 80, ""python_score"": 70, ""sql_score"": 75, ""data_collection_score"": 75, ""data_quality_score"": 85, ""statistical_methods_score"": 90, ""communication_score"": 85}",Proficient,SYNTHETIC_PROTOTYPE
IND-OSS-1108,Assistant Director (Statistics),Data Quality Assurance Division (DQAD),8,70,73,65,61,61,76,76,73,7.0,426,56,59.0,Statistical Analyst,"{""statistical_analysis_score"": 85, ""data_visualization_score"": 75, ""python_score"": 75, ""sql_score"": 80, ""data_collection_score"": 60, ""data_quality_score"": 80, ""statistical_methods_score"": 80, ""communication_score"": 70}",Developing,SYNTHETIC_PROTOTYPE
IND-OSS-1109,Statistical Analyst,Economic Statistics Division (ESD),10,61,36,49,49,23,47,54,40,13.0,787,47,61.0,Assistant Director (Statistics),"{""statistical_analysis_score"": 90, ""data_visualization_score"": 80, ""python_score"": 70, ""sql_score"": 75, ""data_collection_score"": 75, ""data_quality_score"": 85, ""statistical_methods_score"": 90, ""communication_score"": 85}",Beginner,SYNTHETIC_PROTOTYPE
IND-OSS-1110,Junior Statistical Officer (JSO),State Directorate of Economics and Statistics (DES),5,71,65,66,55,87,86,60,70,2.0,35,60,20.0,Survey Data Specialist,"{""statistical_analysis_score"": 80, ""data_visualization_score"": 70, ""python_score"": 65, ""sql_score"": 75, ""data_collection_score"": 88, ""data_quality_score"": 88, ""statistical_methods_score"": 80, ""communication_score"": 75}",Developing,SYNTHETIC_PROTOTYPE
IND-OSS-1111,Statistical Analyst,Central Statistics Office (CSO),2,46,49,34,43,29,51,44,32,2.0,49,48,13.0,Data Analyst,"{""statistical_analysis_score"": 75, ""data_visualization_score"": 85, ""python_score"": 85, ""sql_score"": 85, ""data_collection_score"": 60, ""data_quality_score"": 80, ""statistical_methods_score"": 70, ""communication_score"": 75}",Beginner,SYNTHETIC_PROTOTYPE
IND-OSS-1112,Data Analyst,Social Statistics Division (SSD),7,65,66,79,81,40,68,57,65,3.0,53,53,19.0,Senior Statistical Officer (SSO),"{""statistical_analysis_score"": 85, ""data_visualization_score"": 75, ""python_score"": 70, ""sql_score"": 75, ""data_collection_score"": 85, ""data_quality_score"": 90, ""statistical_methods_score"": 85, ""communication_score"": 80}",Developing,SYNTHETIC_PROTOTYPE
IND-OSS-1113,Data Analyst,Economic Statistics Division (ESD),8,71,69,74,81,57,69,61,56,10.0,465,60,59.0,Data Analyst,"{""statistical_analysis_score"": 75, ""data_visualization_score"": 85, ""python_score"": 85, ""sql_score"": 85, ""data_collection_score"": 60, ""data_quality_score"": 80, ""statistical_methods_score"": 70, ""communication_score"": 75}",Developing,SYNTHETIC_PROTOTYPE
IND-OSS-1114,Junior Statistical Officer (JSO),Economic Statistics Division (ESD),10,78,79,61,61,78,73,84,60,9.0,405,74,74.0,Data Analyst,"{""statistical_analysis_score"": 75, ""data_visualization_score"": 85, ""python_score"": 85, ""sql_score"": 85, ""data_collection_score"": 60, ""data_quality_score"": 80, ""statistical_methods_score"": 70, ""communication_score"": 75}",Proficient,SYNTHETIC_PROTOTYPE
IND-OSS-1115,Survey Data Specialist,National Sample Survey Office (NSSO),1,48,47,39,49,57,61,48,55,1.0,51,54,46.0,Senior Statistical Officer (SSO),"{""statistical_analysis_score"": 85, ""data_visualization_score"": 75, ""python_score"": 70, ""sql_score"": 75, ""data_collection_score"": 85, ""data_quality_score"": 90, ""statistical_methods_score"": 85, ""communication_score"": 80}",Beginner,SYNTHETIC_PROTOTYPE
IND-OSS-1116,Survey Data Specialist,State Directorate of Economics and Statistics (DES),9,52,48,38,50,76,74,48,58,7.0,316,51,37.0,Survey Data Specialist,"{""statistical_analysis_score"": 80, ""data_visualization_score"": 70, ""python_score"": 65, ""sql_score"": 75, ""data_collection_score"": 88, ""data_quality_score"": 88, ""statistical_methods_score"": 80, ""communication_score"": 75}",Developing,SYNTHETIC_PROTOTYPE
IND-OSS-1117,Field Operations Officer (NSSO),National Sample Survey Office (NSSO),10,43,34,19,32,64,64,37,59,7.0,331,41,70.0,Statistical Analyst,"{""statistical_analysis_score"": 85, ""data_visualization_score"": 75, ""python_score"": 75, ""sql_score"": 80, ""data_collection_score"": 60, ""data_quality_score"": 80, ""statistical_methods_score"": 80, ""communication_score"": 70}",Beginner,SYNTHETIC_PROTOTYPE
IND-OSS-1118,Assistant Director (Statistics),Social Statistics Division (SSD),10,82,66,72,65,62,93,95,82,11.0,336,66,11.0,Survey Data Specialist,"{""statistical_analysis_score"": 80, ""data_visualization_score"": 70, ""python_score"": 65, ""sql_score"": 75, ""data_collection_score"": 88, ""data_quality_score"": 88, ""statistical_methods_score"": 80, ""communication_score"": 75}",Proficient,SYNTHETIC_PROTOTYPE
IND-OSS-1119,Statistical Analyst,National Sample Survey Office (NSSO),8,79,65,62,85,63,78,69,67,7.0,424,65,48.0,Survey Data Specialist,"{""statistical_analysis_score"": 80, ""data_visualization_score"": 70, ""python_score"": 65, ""sql_score"": 75, ""data_collection_score"": 88, ""data_quality_score"": 88, ""statistical_methods_score"": 80, ""communication_score"": 75}",Developing,SYNTHETIC_PROTOTYPE
IND-OSS-1120,Survey Data Specialist,Central Statistics Office (CSO),5,84,62,60,77,90,91,69,84,4.0,242,72,10.0,Data Analyst,"{""statistical_analysis_score"": 75, ""data_visualization_score"": 85, ""python_score"": 85, ""sql_score"": 85, ""data_collection_score"": 60, ""data_quality_score"": 80, ""statistical_methods_score"": 70, ""communication_score"": 75}",Proficient,SYNTHETIC_PROTOTYPE
IND-OSS-1121,Senior Statistical Officer (SSO),Economic Statistics Division (ESD),8,41,33,44,19,46,58,51,54,9.0,190,43,30.0,Senior Statistical Officer (SSO),"{""statistical_analysis_score"": 85, ""data_visualization_score"": 75, ""python_score"": 70, ""sql_score"": 75, ""data_collection_score"": 85, ""data_quality_score"": 90, ""statistical_methods_score"": 85, ""communication_score"": 80}",Beginner,SYNTHETIC_PROTOTYPE
IND-OSS-1122,Data Analyst,State Directorate of Economics and Statistics (DES),10,99,87,99,99,78,89,95,91,7.0,424,88,51.0,Senior Statistical Officer (SSO),"{""statistical_analysis_score"": 85, ""data_visualization_score"": 75, ""python_score"": 70, ""sql_score"": 75, ""data_collection_score"": 85, ""data_quality_score"": 90, ""statistical_methods_score"": 85, ""communication_score"": 80}",Advanced,SYNTHETIC_PROTOTYPE
IND-OSS-1123,Statistical Analyst,Central Statistics Office (CSO),6,74,66,64,73,54,65,78,55,6.0,193,63,77.0,Senior Statistical Officer (SSO),"{""statistical_analysis_score"": 85, ""data_visualization_score"": 75, ""python_score"": 70, ""sql_score"": 75, ""data_collection_score"": 85, ""data_quality_score"": 90, ""statistical_methods_score"": 85, ""communication_score"": 80}",Developing,SYNTHETIC_PROTOTYPE
IND-OSS-1124,Statistical Analyst,Economic Statistics Division (ESD),9,52,36,39,41,23,55,38,30,8.0,241,37,71.0,Junior Statistical Officer (JSO),"{""statistical_analysis_score"": 70, ""data_visualization_score"": 65, ""python_score"": 60, ""sql_score"": 65, ""data_collection_score"": 85, ""data_quality_score"": 80, ""statistical_methods_score"": 75, ""communication_score"": 70}",Beginner,SYNTHETIC_PROTOTYPE
IND-OSS-1125,Survey Data Specialist,State Directorate of Economics and Statistics (DES),8,87,72,67,72,95,88,71,82,,232,77,16.0,Senior Statistical Officer (SSO),"{""statistical_analysis_score"": 85, ""data_visualization_score"": 75, ""python_score"": 70, ""sql_score"": 75, ""data_collection_score"": 85, ""data_quality_score"": 90, ""statistical_methods_score"": 85, ""communication_score"": 80}",Proficient,SYNTHETIC_PROTOTYPE
IND-OSS-1126,Junior Statistical Officer (JSO),Economic Statistics Division (ESD),10,73,67,71,71,80,69,75,66,12.0,734,65,60.0,Assistant Director (Statistics),"{""statistical_analysis_score"": 90, ""data_visualization_score"": 80, ""python_score"": 70, ""sql_score"": 75, ""data_collection_score"": 75, ""data_quality_score"": 85, ""statistical_methods_score"": 90, ""communication_score"": 85}",Proficient,SYNTHETIC_PROTOTYPE
IND-OSS-1127,Assistant Director (Statistics),State Directorate of Economics and Statistics (DES),8,69,65,48,71,67,72,89,75,13.0,392,55,9.0,Field Operations Officer (NSSO),"{""statistical_analysis_score"": 65, ""data_visualization_score"": 55, ""python_score"": 45, ""sql_score"": 50, ""data_collection_score"": 92, ""data_quality_score"": 85, ""statistical_methods_score"": 70, ""communication_score"": 85}",Developing,SYNTHETIC_PROTOTYPE
IND-OSS-1128,Assistant Director (Statistics),Data Quality Assurance Division (DQAD),4,71,76,58,55,50,62,73,72,5.0,163,68,84.0,Senior Statistical Officer (SSO),"{""statistical_analysis_score"": 85, ""data_visualization_score"": 75, ""python_score"": 70, ""sql_score"": 75, ""data_collection_score"": 85, ""data_quality_score"": 90, ""statistical_methods_score"": 85, ""communication_score"": 80}",Developing,SYNTHETIC_PROTOTYPE
IND-OSS-1129,Data Analyst,Central Statistics Office (CSO),1,69,84,79,76,62,76,69,70,1.0,30,64,44.0,Junior Statistical Officer (JSO),"{""statistical_analysis_score"": 70, ""data_visualization_score"": 65, ""python_score"": 60, ""sql_score"": 65, ""data_collection_score"": 85, ""data_quality_score"": 80, ""statistical_methods_score"": 75, ""communication_score"": 70}",Developing,SYNTHETIC_PROTOTYPE
IND-OSS-1130,Data Analyst,National Sample Survey Office (NSSO),16,70,86,82,80,45,93,54,64,15.0,685,56,69.0,Field Operations Officer (NSSO),"{""statistical_analysis_score"": 65, ""data_visualization_score"": 55, ""python_score"": 45, ""sql_score"": 50, ""data_collection_score"": 92, ""data_quality_score"": 85, ""statistical_methods_score"": 70, ""communication_score"": 85}",Developing,SYNTHETIC_PROTOTYPE
IND-OSS-1131,Assistant Director (Statistics),Social Statistics Division (SSD),3,68,58,38,55,44,61,70,59,2.0,131,56,51.0,Statistical Analyst,"{""statistical_analysis_score"": 85, ""data_visualization_score"": 75, ""python_score"": 75, ""sql_score"": 80, ""data_collection_score"": 60, ""data_quality_score"": 80, ""statistical_methods_score"": 80, ""communication_score"": 70}",Developing,SYNTHETIC_PROTOTYPE
IND-OSS-1132,Assistant Director (Statistics),National Statistical Systems Training Academy (NSSTA),3,74,54,52,58,58,69,75,74,3.0,144,55,29.0,Statistical Analyst,"{""statistical_analysis_score"": 85, ""data_visualization_score"": 75, ""python_score"": 75, ""sql_score"": 80, ""data_collection_score"": 60, ""data_quality_score"": 80, ""statistical_methods_score"": 80, ""communication_score"": 70}",Developing,SYNTHETIC_PROTOTYPE
IND-OSS-1133,Statistical Analyst,Social Statistics Division (SSD),6,51,51,44,48,19,39,47,27,5.0,108,44,63.0,Senior Statistical Officer (SSO),"{""statistical_analysis_score"": 85, ""data_visualization_score"": 75, ""python_score"": 70, ""sql_score"": 75, ""data_collection_score"": 85, ""data_quality_score"": 90, ""statistical_methods_score"": 85, ""communication_score"": 80}",Beginner,SYNTHETIC_PROTOTYPE
IND-OSS-1134,Field Operations Officer (NSSO),State Directorate of Economics and Statistics (DES),7,76,46,68,64,99,99,88,95,11.0,501,71,49.0,Field Operations Officer (NSSO),"{""statistical_analysis_score"": 65, ""data_visualization_score"": 55, ""python_score"": 45, ""sql_score"": 50, ""data_collection_score"": 92, ""data_quality_score"": 85, ""statistical_methods_score"": 70, ""communication_score"": 85}",Proficient,SYNTHETIC_PROTOTYPE
IND-OSS-1135,Data Analyst,National Sample Survey Office (NSSO),4,48,74,77,82,62,85,70,62,6.0,278,65,6.0,Field Operations Officer (NSSO),"{""statistical_analysis_score"": 65, ""data_visualization_score"": 55, ""python_score"": 45, ""sql_score"": 50, ""data_collection_score"": 92, ""data_quality_score"": 85, ""statistical_methods_score"": 70, ""communication_score"": 85}",Developing,SYNTHETIC_PROTOTYPE
IND-OSS-1136,Statistical Analyst,State Directorate of Economics and Statistics (DES),7,70,58,58,59,51,62,63,64,5.0,116,58,53.0,Data Analyst,"{""statistical_analysis_score"": 75, ""data_visualization_score"": 85, ""python_score"": 85, ""sql_score"": 85, ""data_collection_score"": 60, ""data_quality_score"": 80, ""statistical_methods_score"": 70, ""communication_score"": 75}",Developing,SYNTHETIC_PROTOTYPE
IND-OSS-1137,Statistical Analyst,Social Statistics Division (SSD),16,80,67,74,67,65,73,77,58,11.0,179,55,56.0,Statistical Analyst,"{""statistical_analysis_score"": 85, ""data_visualization_score"": 75, ""python_score"": 75, ""sql_score"": 80, ""data_collection_score"": 60, ""data_quality_score"": 80, ""statistical_methods_score"": 80, ""communication_score"": 70}",Developing,SYNTHETIC_PROTOTYPE
IND-OSS-1138,Assistant Director (Statistics),State Directorate of Economics and Statistics (DES),6,67,62,64,56,62,65,80,75,3.0,97,73,24.0,Data Analyst,"{""statistical_analysis_score"": 75, ""data_visualization_score"": 85, ""python_score"": 85, ""sql_score"": 85, ""data_collection_score"": 60, ""data_quality_score"": 80, ""statistical_methods_score"": 70, ""communication_score"": 75}",Developing,SYNTHETIC_PROTOTYPE
IND-OSS-1139,Senior Statistical Officer (SSO),National Sample Survey Office (NSSO),5,82,57,54,75,79,86,70,65,3.0,148,61,50.0,Field Operations Officer (NSSO),"{""statistical_analysis_score"": 65, ""data_visualization_score"": 55, ""python_score"": 45, ""sql_score"": 50, ""data_collection_score"": 92, ""data_quality_score"": 85, ""statistical_methods_score"": 70, ""communication_score"": 85}",Developing,SYNTHETIC_PROTOTYPE
IND-OSS-1140,Data Analyst,Social Statistics Division (SSD),3,67,76,81,73,48,77,54,60,3.0,68,54,50.0,Field Operations Officer (NSSO),"{""statistical_analysis_score"": 65, ""data_visualization_score"": 55, ""python_score"": 45, ""sql_score"": 50, ""data_collection_score"": 92, ""data_quality_score"": 85, ""statistical_methods_score"": 70, ""communication_score"": 85}",Developing,SYNTHETIC_PROTOTYPE
IND-OSS-1141,Statistical Analyst,Social Statistics Division (SSD),7,77,86,81,77,67,71,73,65,6.0,374,73,92.0,Statistical Analyst,"{""statistical_analysis_score"": 85, ""data_visualization_score"": 75, ""python_score"": 75, ""sql_score"": 80, ""data_collection_score"": 60, ""data_quality_score"": 80, ""statistical_methods_score"": 80, ""communication_score"": 70}",Proficient,SYNTHETIC_PROTOTYPE
IND-OSS-1142,Senior Statistical Officer (SSO),Data Quality Assurance Division (DQAD),2,70,75,59,72,58,83,67,62,4.0,130,62,29.0,Field Operations Officer (NSSO),"{""statistical_analysis_score"": 65, ""data_visualization_score"": 55, ""python_score"": 45, ""sql_score"": 50, ""data_collection_score"": 92, ""data_quality_score"": 85, ""statistical_methods_score"": 70, ""communication_score"": 85}",Developing,SYNTHETIC_PROTOTYPE
IND-OSS-1143,Field Operations Officer (NSSO),Social Statistics Division (SSD),6,52,46,30,37,81,71,47,71,8.0,136,44,41.0,Junior Statistical Officer (JSO),"{""statistical_analysis_score"": 70, ""data_visualization_score"": 65, ""python_score"": 60, ""sql_score"": 65, ""data_collection_score"": 85, ""data_quality_score"": 80, ""statistical_methods_score"": 75, ""communication_score"": 70}",Developing,SYNTHETIC_PROTOTYPE
IND-OSS-1144,Junior Statistical Officer (JSO),Central Statistics Office (CSO),4,53,61,56,50,71,70,61,65,4.0,73,58,32.0,Assistant Director (Statistics),"{""statistical_analysis_score"": 90, ""data_visualization_score"": 80, ""python_score"": 70, ""sql_score"": 75, ""data_collection_score"": 75, ""data_quality_score"": 85, ""statistical_methods_score"": 90, ""communication_score"": 85}",Developing,SYNTHETIC_PROTOTYPE
IND-OSS-1145,Assistant Director (Statistics),National Statistical Systems Training Academy (NSSTA),10,99,90,78,82,91,93,99,98,7.0,327,83,22.0,Data Analyst,"{""statistical_analysis_score"": 75, ""data_visualization_score"": 85, ""python_score"": 85, ""sql_score"": 85, ""data_collection_score"": 60, ""data_quality_score"": 80, ""statistical_methods_score"": 70, ""communication_score"": 75}",Advanced,SYNTHETIC_PROTOTYPE
IND-OSS-1146,Junior Statistical Officer (JSO),Economic Statistics Division (ESD),3,65,63,54,53,76,75,71,67,5.0,113,60,62.0,Data Analyst,"{""statistical_analysis_score"": 75, ""data_visualization_score"": 85, ""python_score"": 85, ""sql_score"": 85, ""data_collection_score"": 60, ""data_quality_score"": 80, ""statistical_methods_score"": 70, ""communication_score"": 75}",Developing,SYNTHETIC_PROTOTYPE
IND-OSS-1147,Assistant Director (Statistics),Data Quality Assurance Division (DQAD),6,59,52,42,52,49,61,53,64,5.0,162,61,60.0,Junior Statistical Officer (JSO),"{""statistical_analysis_score"": 70, ""data_visualization_score"": 65, ""python_score"": 60, ""sql_score"": 65, ""data_collection_score"": 85, ""data_quality_score"": 80, ""statistical_methods_score"": 75, ""communication_score"": 70}",Developing,SYNTHETIC_PROTOTYPE
IND-OSS-1148,Senior Statistical Officer (SSO),National Statistical Systems Training Academy (NSSTA),2,53,32,27,45,41,44,43,32,1.0,72,41,45.0,Survey Data Specialist,"{""statistical_analysis_score"": 80, ""data_visualization_score"": 70, ""python_score"": 65, ""sql_score"": 75, ""data_collection_score"": 88, ""data_quality_score"": 88, ""statistical_methods_score"": 80, ""communication_score"": 75}",Beginner,SYNTHETIC_PROTOTYPE
IND-OSS-1149,Statistical Analyst,National Sample Survey Office (NSSO),4,60,51,39,46,25,61,51,42,3.0,146,38,69.0,Senior Statistical Officer (SSO),"{""statistical_analysis_score"": 85, ""data_visualization_score"": 75, ""python_score"": 70, ""sql_score"": 75, ""data_collection_score"": 85, ""data_quality_score"": 90, ""statistical_methods_score"": 85, ""communication_score"": 80}",Beginner,SYNTHETIC_PROTOTYPE
IND-OSS-1150,Field Operations Officer (NSSO),Social Statistics Division (SSD),2,40,18,15,25,64,60,46,68,2.0,139,40,70.0,Statistical Analyst,"{""statistical_analysis_score"": 85, ""data_visualization_score"": 75, ""python_score"": 75, ""sql_score"": 80, ""data_collection_score"": 60, ""data_quality_score"": 80, ""statistical_methods_score"": 80, ""communication_score"": 70}",Beginner,SYNTHETIC_PROTOTYPE
IND-OSS-1151,Statistical Analyst,Social Statistics Division (SSD),5,60,69,59,73,39,60,74,60,3.0,199,60,79.0,Data Analyst,"{""statistical_analysis_score"": 75, ""data_visualization_score"": 85, ""python_score"": 85, ""sql_score"": 85, ""data_collection_score"": 60, ""data_quality_score"": 80, ""statistical_methods_score"": 70, ""communication_score"": 75}",Developing,SYNTHETIC_PROTOTYPE
IND-OSS-1152,Field Operations Officer (NSSO),National Statistical Systems Training Academy (NSSTA),3,40,37,38,29,84,82,45,67,1.0,30,62,26.0,Data Analyst,"{""statistical_analysis_score"": 75, ""data_visualization_score"": 85, ""python_score"": 85, ""sql_score"": 85, ""data_collection_score"": 60, ""data_quality_score"": 80, ""statistical_methods_score"": 70, ""communication_score"": 75}",Developing,SYNTHETIC_PROTOTYPE
IND-OSS-1153,Junior Statistical Officer (JSO),National Sample Survey Office (NSSO),1,60,55,47,68,69,63,65,55,2.0,135,54,38.0,Data Analyst,"{""statistical_analysis_score"": 75, ""data_visualization_score"": 85, ""python_score"": 85, ""sql_score"": 85, ""data_collection_score"": 60, ""data_quality_score"": 80, ""statistical_methods_score"": 70, ""communication_score"": 75}",Developing,SYNTHETIC_PROTOTYPE
IND-OSS-1154,Junior Statistical Officer (JSO),National Statistical Systems Training Academy (NSSTA),2,55,56,50,63,72,76,69,74,4.0,249,59,67.0,Data Analyst,"{""statistical_analysis_score"": 75, ""data_visualization_score"": 85, ""python_score"": 85, ""sql_score"": 85, ""data_collection_score"": 60, ""data_quality_score"": 80, ""statistical_methods_score"": 70, ""communication_score"": 75}",Developing,SYNTHETIC_PROTOTYPE
IND-OSS-1155,Senior Statistical Officer (SSO),State Directorate of Economics and Statistics (DES),9,74,82,73,83,75,94,84,82,8.0,376,69,40.0,Field Operations Officer (NSSO),"{""statistical_analysis_score"": 65, ""data_visualization_score"": 55, ""python_score"": 45, ""sql_score"": 50, ""data_collection_score"": 92, ""data_quality_score"": 85, ""statistical_methods_score"": 70, ""communication_score"": 85}",Proficient,SYNTHETIC_PROTOTYPE
IND-OSS-1156,Assistant Director (Statistics),National Statistical Systems Training Academy (NSSTA),8,80,69,51,56,59,59,71,50,5.0,156,63,44.0,Field Operations Officer (NSSO),"{""statistical_analysis_score"": 65, ""data_visualization_score"": 55, ""python_score"": 45, ""sql_score"": 50, ""data_collection_score"": 92, ""data_quality_score"": 85, ""statistical_methods_score"": 70, ""communication_score"": 85}",Developing,SYNTHETIC_PROTOTYPE
IND-OSS-1157,Survey Data Specialist,Data Quality Assurance Division (DQAD),3,91,63,57,83,90,81,81,67,7.0,334,79,44.0,Field Operations Officer (NSSO),"{""statistical_analysis_score"": 65, ""data_visualization_score"": 55, ""python_score"": 45, ""sql_score"": 50, ""data_collection_score"": 92, ""data_quality_score"": 85, ""statistical_methods_score"": 70, ""communication_score"": 85}",Proficient,SYNTHETIC_PROTOTYPE
IND-OSS-1158,Statistical Analyst,Data Quality Assurance Division (DQAD),1,51,53,57,48,33,53,52,43,1.0,50,51,24.0,Survey Data Specialist,"{""statistical_analysis_score"": 80, ""data_visualization_score"": 70, ""python_score"": 65, ""sql_score"": 75, ""data_collection_score"": 88, ""data_quality_score"": 88, ""statistical_methods_score"": 80, ""communication_score"": 75}",Beginner,SYNTHETIC_PROTOTYPE
IND-OSS-1159,Field Operations Officer (NSSO),National Statistical Systems Training Academy (NSSTA),3,78,58,43,57,94,89,73,90,4.0,134,73,39.0,Assistant Director (Statistics),"{""statistical_analysis_score"": 90, ""data_visualization_score"": 80, ""python_score"": 70, ""sql_score"": 75, ""data_collection_score"": 75, ""data_quality_score"": 85, ""statistical_methods_score"": 90, ""communication_score"": 85}",Developing,SYNTHETIC_PROTOTYPE
IND-OSS-1160,Statistical Analyst,Central Statistics Office (CSO),3,76,60,82,64,35,82,67,59,2.0,45,59,30.0,Junior Statistical Officer (JSO),"{""statistical_analysis_score"": 70, ""data_visualization_score"": 65, ""python_score"": 60, ""sql_score"": 65, ""data_collection_score"": 85, ""data_quality_score"": 80, ""statistical_methods_score"": 75, ""communication_score"": 70}",Developing,SYNTHETIC_PROTOTYPE
IND-OSS-1161,Statistical Analyst,National Sample Survey Office (NSSO),5,64,57,57,60,46,51,70,66,5.0,316,43,83.0,Assistant Director (Statistics),"{""statistical_analysis_score"": 90, ""data_visualization_score"": 80, ""python_score"": 70, ""sql_score"": 75, ""data_collection_score"": 75, ""data_quality_score"": 85, ""statistical_methods_score"": 90, ""communication_score"": 85}",Developing,SYNTHETIC_PROTOTYPE
IND-OSS-1162,Field Operations Officer (NSSO),Central Statistics Office (CSO),5,56,34,27,28,86,82,45,70,2.0,40,59,67.0,Junior Statistical Officer (JSO),"{""statistical_analysis_score"": 70, ""data_visualization_score"": 65, ""python_score"": 60, ""sql_score"": 65, ""data_collection_score"": 85, ""data_quality_score"": 80, ""statistical_methods_score"": 75, ""communication_score"": 70}",Developing,SYNTHETIC_PROTOTYPE
IND-OSS-1163,Junior Statistical Officer (JSO),Social Statistics Division (SSD),6,40,38,31,28,60,54,44,45,4.0,91,41,65.0,Data Analyst,"{""statistical_analysis_score"": 75, ""data_visualization_score"": 85, ""python_score"": 85, ""sql_score"": 85, ""data_collection_score"": 60, ""data_quality_score"": 80, ""statistical_methods_score"": 70, ""communication_score"": 75}",Beginner,SYNTHETIC_PROTOTYPE
IND-OSS-1164,Assistant Director (Statistics),National Statistical Systems Training Academy (NSSTA),5,74,67,57,54,65,70,83,79,1.0,34,55,7.0,Data Analyst,"{""statistical_analysis_score"": 75, ""data_visualization_score"": 85, ""python_score"": 85, ""sql_score"": 85, ""data_collection_score"": 60, ""data_quality_score"": 80, ""statistical_methods_score"": 70, ""communication_score"": 75}",Developing,SYNTHETIC_PROTOTYPE
IND-OSS-1165,Assistant Director (Statistics),Data Quality Assurance Division (DQAD),4,83,75,65,67,72,80,81,75,6.0,130,62,71.0,Survey Data Specialist,"{""statistical_analysis_score"": 80, ""data_visualization_score"": 70, ""python_score"": 65, ""sql_score"": 75, ""data_collection_score"": 88, ""data_quality_score"": 88, ""statistical_methods_score"": 80, ""communication_score"": 75}",Developing,SYNTHETIC_PROTOTYPE
IND-OSS-1166,Junior Statistical Officer (JSO),Social Statistics Division (SSD),8,61,65,45,66,73,86,61,61,7.0,332,60,43.0,Senior Statistical Officer (SSO),"{""statistical_analysis_score"": 85, ""data_visualization_score"": 75, ""python_score"": 70, ""sql_score"": 75, ""data_collection_score"": 85, ""data_quality_score"": 90, ""statistical_methods_score"": 85, ""communication_score"": 80}",Developing,SYNTHETIC_PROTOTYPE
IND-OSS-1167,Junior Statistical Officer (JSO),State Directorate of Economics and Statistics (DES),2,41,36,27,26,58,50,49,37,3.0,109,35,95.0,Statistical Analyst,"{""statistical_analysis_score"": 85, ""data_visualization_score"": 75, ""python_score"": 75, ""sql_score"": 80, ""data_collection_score"": 60, ""data_quality_score"": 80, ""statistical_methods_score"": 80, ""communication_score"": 70}",Beginner,SYNTHETIC_PROTOTYPE
IND-OSS-1168,Statistical Analyst,Data Quality Assurance Division (DQAD),7,62,47,54,75,28,53,71,64,6.0,126,55,63.0,Senior Statistical Officer (SSO),"{""statistical_analysis_score"": 85, ""data_visualization_score"": 75, ""python_score"": 70, ""sql_score"": 75, ""data_collection_score"": 85, ""data_quality_score"": 90, ""statistical_methods_score"": 85, ""communication_score"": 80}",Developing,SYNTHETIC_PROTOTYPE
IND-OSS-1169,Survey Data Specialist,National Statistical Systems Training Academy (NSSTA),14,90,60,54,81,71,68,74,68,10.0,610,64,59.0,Statistical Analyst,"{""statistical_analysis_score"": 85, ""data_visualization_score"": 75, ""python_score"": 75, ""sql_score"": 80, ""data_collection_score"": 60, ""data_quality_score"": 80, ""statistical_methods_score"": 80, ""communication_score"": 70}",Proficient,SYNTHETIC_PROTOTYPE
IND-OSS-1170,Statistical Analyst,National Statistical Systems Training Academy (NSSTA),6,70,38,55,61,47,62,69,53,6.0,121,65,15.0,Survey Data Specialist,"{""statistical_analysis_score"": 80, ""data_visualization_score"": 70, ""python_score"": 65, ""sql_score"": 75, ""data_collection_score"": 88, ""data_quality_score"": 88, ""statistical_methods_score"": 80, ""communication_score"": 75}",Developing,SYNTHETIC_PROTOTYPE
IND-OSS-1171,Data Analyst,Data Quality Assurance Division (DQAD),2,59,77,57,76,41,56,46,52,6.0,369,47,48.0,Junior Statistical Officer (JSO),"{""statistical_analysis_score"": 70, ""data_visualization_score"": 65, ""python_score"": 60, ""sql_score"": 65, ""data_collection_score"": 85, ""data_quality_score"": 80, ""statistical_methods_score"": 75, ""communication_score"": 70}",Beginner,SYNTHETIC_PROTOTYPE
IND-OSS-1172,Data Analyst,Data Quality Assurance Division (DQAD),1,48,54,61,59,42,56,42,43,2.0,59,42,35.0,Senior Statistical Officer (SSO),"{""statistical_analysis_score"": 85, ""data_visualization_score"": 75, ""python_score"": 70, ""sql_score"": 75, ""data_collection_score"": 85, ""data_quality_score"": 90, ""statistical_methods_score"": 85, ""communication_score"": 80}",Beginner,SYNTHETIC_PROTOTYPE
IND-OSS-1173,Field Operations Officer (NSSO),Data Quality Assurance Division (DQAD),13,40,51,38,34,69,66,53,73,10.0,313,51,40.0,Senior Statistical Officer (SSO),"{""statistical_analysis_score"": 85, ""data_visualization_score"": 75, ""python_score"": 70, ""sql_score"": 75, ""data_collection_score"": 85, ""data_quality_score"": 90, ""statistical_methods_score"": 85, ""communication_score"": 80}",Developing,SYNTHETIC_PROTOTYPE
IND-OSS-1174,Field Operations Officer (NSSO),National Sample Survey Office (NSSO),4,50,39,33,30,78,72,56,62,6.0,122,45,56.0,Statistical Analyst,"{""statistical_analysis_score"": 85, ""data_visualization_score"": 75, ""python_score"": 75, ""sql_score"": 80, ""data_collection_score"": 60, ""data_quality_score"": 80, ""statistical_methods_score"": 80, ""communication_score"": 70}",Beginner,SYNTHETIC_PROTOTYPE
IND-OSS-1175,Statistical Analyst,Data Quality Assurance Division (DQAD),8,78,68,62,82,61,77,69,66,13.0,604,71,66.0,Data Analyst,"{""statistical_analysis_score"": 75, ""data_visualization_score"": 85, ""python_score"": 85, ""sql_score"": 85, ""data_collection_score"": 60, ""data_quality_score"": 80, ""statistical_methods_score"": 70, ""communication_score"": 75}",Developing,SYNTHETIC_PROTOTYPE
IND-OSS-1176,Field Operations Officer (NSSO),National Sample Survey Office (NSSO),5,50,40,35,43,80,86,64,77,6.0,365,55,22.0,Survey Data Specialist,"{""statistical_analysis_score"": 80, ""data_visualization_score"": 70, ""python_score"": 65, ""sql_score"": 75, ""data_collection_score"": 88, ""data_quality_score"": 88, ""statistical_methods_score"": 80, ""communication_score"": 75}",Developing,SYNTHETIC_PROTOTYPE
IND-OSS-1177,Junior Statistical Officer (JSO),Social Statistics Division (SSD),4,71,62,66,70,92,77,86,70,0.0,8,72,9.0,Field Operations Officer (NSSO),"{""statistical_analysis_score"": 65, ""data_visualization_score"": 55, ""python_score"": 45, ""sql_score"": 50, ""data_collection_score"": 92, ""data_quality_score"": 85, ""statistical_methods_score"": 70, ""communication_score"": 85}",Developing,SYNTHETIC_PROTOTYPE
IND-OSS-1178,Data Analyst,Economic Statistics Division (ESD),8,99,99,99,99,80,99,89,99,7.0,157,94,17.0,Data Analyst,"{""statistical_analysis_score"": 75, ""data_visualization_score"": 85, ""python_score"": 85, ""sql_score"": 85, ""data_collection_score"": 60, ""data_quality_score"": 80, ""statistical_methods_score"": 70, ""communication_score"": 75}",Advanced,SYNTHETIC_PROTOTYPE
IND-OSS-1179,Statistical Analyst,National Statistical Systems Training Academy (NSSTA),3,80,60,62,67,33,67,61,45,3.0,61,52,75.0,Junior Statistical Officer (JSO),"{""statistical_analysis_score"": 70, ""data_visualization_score"": 65, ""python_score"": 60, ""sql_score"": 65, ""data_collection_score"": 85, ""data_quality_score"": 80, ""statistical_methods_score"": 75, ""communication_score"": 70}",Developing,SYNTHETIC_PROTOTYPE
IND-OSS-1180,Survey Data Specialist,State Directorate of Economics and Statistics (DES),2,47,38,36,38,59,44,49,41,3.0,62,42,26.0,Statistical Analyst,"{""statistical_analysis_score"": 85, ""data_visualization_score"": 75, ""python_score"": 75, ""sql_score"": 80, ""data_collection_score"": 60, ""data_quality_score"": 80, ""statistical_methods_score"": 80, ""communication_score"": 70}",Beginner,SYNTHETIC_PROTOTYPE
IND-OSS-1181,Junior Statistical Officer (JSO),Central Statistics Office (CSO),2,53,48,60,45,79,74,63,51,4.0,85,47,27.0,Assistant Director (Statistics),"{""statistical_analysis_score"": 90, ""data_visualization_score"": 80, ""python_score"": 70, ""sql_score"": 75, ""data_collection_score"": 75, ""data_quality_score"": 85, ""statistical_methods_score"": 90, ""communication_score"": 85}",Developing,SYNTHETIC_PROTOTYPE
IND-OSS-1182,Data Analyst,Data Quality Assurance Division (DQAD),3,59,70,63,76,38,67,44,69,6.0,137,68,43.0,Statistical Analyst,"{""statistical_analysis_score"": 85, ""data_visualization_score"": 75, ""python_score"": 75, ""sql_score"": 80, ""data_collection_score"": 60, ""data_quality_score"": 80, ""statistical_methods_score"": 80, ""communication_score"": 70}",Developing,SYNTHETIC_PROTOTYPE
IND-OSS-1183,Junior Statistical Officer (JSO),State Directorate of Economics and Statistics (DES),7,45,51,47,55,71,71,78,61,6.0,270,62,46.0,Field Operations Officer (NSSO),"{""statistical_analysis_score"": 65, ""data_visualization_score"": 55, ""python_score"": 45, ""sql_score"": 50, ""data_collection_score"": 92, ""data_quality_score"": 85, ""statistical_methods_score"": 70, ""communication_score"": 85}",Developing,SYNTHETIC_PROTOTYPE
IND-OSS-1184,Survey Data Specialist,Economic Statistics Division (ESD),6,42,45,36,55,66,57,47,46,6.0,107,41,64.0,Field Operations Officer (NSSO),"{""statistical_analysis_score"": 65, ""data_visualization_score"": 55, ""python_score"": 45, ""sql_score"": 50, ""data_collection_score"": 92, ""data_quality_score"": 85, ""statistical_methods_score"": 70, ""communication_score"": 85}",Beginner,SYNTHETIC_PROTOTYPE
IND-OSS-1185,Assistant Director (Statistics),Central Statistics Office (CSO),4,99,96,91,95,81,99,99,99,6.0,270,80,21.0,Data Analyst,"{""statistical_analysis_score"": 75, ""data_visualization_score"": 85, ""python_score"": 85, ""sql_score"": 85, ""data_collection_score"": 60, ""data_quality_score"": 80, ""statistical_methods_score"": 70, ""communication_score"": 75}",Proficient,SYNTHETIC_PROTOTYPE
IND-OSS-1186,Survey Data Specialist,Central Statistics Office (CSO),7,82,77,69,93,99,82,99,77,6.0,272,77,59.0,Survey Data Specialist,"{""statistical_analysis_score"": 80, ""data_visualization_score"": 70, ""python_score"": 65, ""sql_score"": 75, ""data_collection_score"": 88, ""data_quality_score"": 88, ""statistical_methods_score"": 80, ""communication_score"": 75}",Proficient,SYNTHETIC_PROTOTYPE
IND-OSS-1187,Survey Data Specialist,Central Statistics Office (CSO),9,59,55,36,56,76,71,55,65,8.0,258,59,81.0,Senior Statistical Officer (SSO),"{""statistical_analysis_score"": 85, ""data_visualization_score"": 75, ""python_score"": 70, ""sql_score"": 75, ""data_collection_score"": 85, ""data_quality_score"": 90, ""statistical_methods_score"": 85, ""communication_score"": 80}",Developing,SYNTHETIC_PROTOTYPE
IND-OSS-1188,Statistical Analyst,Central Statistics Office (CSO),12,70,62,54,63,38,56,73,52,14.0,282,48,16.0,Assistant Director (Statistics),"{""statistical_analysis_score"": 90, ""data_visualization_score"": 80, ""python_score"": 70, ""sql_score"": 75, ""data_collection_score"": 75, ""data_quality_score"": 85, ""statistical_methods_score"": 90, ""communication_score"": 85}",Developing,SYNTHETIC_PROTOTYPE
IND-OSS-1189,Junior Statistical Officer (JSO),State Directorate of Economics and Statistics (DES),5,68,60,55,54,79,62,67,57,1.0,27,46,44.0,Senior Statistical Officer (SSO),"{""statistical_analysis_score"": 85, ""data_visualization_score"": 75, ""python_score"": 70, ""sql_score"": 75, ""data_collection_score"": 85, ""data_quality_score"": 90, ""statistical_methods_score"": 85, ""communication_score"": 80}",Developing,SYNTHETIC_PROTOTYPE
IND-OSS-1190,Survey Data Specialist,Data Quality Assurance Division (DQAD),9,71,53,54,63,70,77,70,52,6.0,189,52,75.0,Survey Data Specialist,"{""statistical_analysis_score"": 80, ""data_visualization_score"": 70, ""python_score"": 65, ""sql_score"": 75, ""data_collection_score"": 88, ""data_quality_score"": 88, ""statistical_methods_score"": 80, ""communication_score"": 75}",Developing,SYNTHETIC_PROTOTYPE
IND-OSS-1191,Assistant Director (Statistics),State Directorate of Economics and Statistics (DES),1,84,67,49,59,57,78,71,57,2.0,31,49,76.0,Data Analyst,"{""statistical_analysis_score"": 75, ""data_visualization_score"": 85, ""python_score"": 85, ""sql_score"": 85, ""data_collection_score"": 60, ""data_quality_score"": 80, ""statistical_methods_score"": 70, ""communication_score"": 75}",Developing,SYNTHETIC_PROTOTYPE
IND-OSS-1192,Junior Statistical Officer (JSO),Central Statistics Office (CSO),14,84,81,73,82,99,99,99,78,12.0,375,82,31.0,Survey Data Specialist,"{""statistical_analysis_score"": 80, ""data_visualization_score"": 70, ""python_score"": 65, ""sql_score"": 75, ""data_collection_score"": 88, ""data_quality_score"": 88, ""statistical_methods_score"": 80, ""communication_score"": 75}",Advanced,SYNTHETIC_PROTOTYPE
IND-OSS-1193,Assistant Director (Statistics),National Sample Survey Office (NSSO),5,61,61,58,48,55,74,58,66,8.0,488,53,58.0,Senior Statistical Officer (SSO),"{""statistical_analysis_score"": 85, ""data_visualization_score"": 75, ""python_score"": 70, ""sql_score"": 75, ""data_collection_score"": 85, ""data_quality_score"": 90, ""statistical_methods_score"": 85, ""communication_score"": 80}",Developing,SYNTHETIC_PROTOTYPE
IND-OSS-1194,Survey Data Specialist,National Sample Survey Office (NSSO),8,89,70,59,79,90,94,82,66,6.0,369,71,26.0,Survey Data Specialist,"{""statistical_analysis_score"": 80, ""data_visualization_score"": 70, ""python_score"": 65, ""sql_score"": 75, ""data_collection_score"": 88, ""data_quality_score"": 88, ""statistical_methods_score"": 80, ""communication_score"": 75}",Proficient,SYNTHETIC_PROTOTYPE
IND-OSS-1195,Senior Statistical Officer (SSO),Central Statistics Office (CSO),5,71,50,47,59,54,70,57,55,7.0,319,55,70.0,Data Analyst,"{""statistical_analysis_score"": 75, ""data_visualization_score"": 85, ""python_score"": 85, ""sql_score"": 85, ""data_collection_score"": 60, ""data_quality_score"": 80, ""statistical_methods_score"": 70, ""communication_score"": 75}",Developing,SYNTHETIC_PROTOTYPE
IND-OSS-1196,Survey Data Specialist,Economic Statistics Division (ESD),3,65,34,51,47,61,49,51,42,1.0,43,58,79.0,Junior Statistical Officer (JSO),"{""statistical_analysis_score"": 70, ""data_visualization_score"": 65, ""python_score"": 60, ""sql_score"": 65, ""data_collection_score"": 85, ""data_quality_score"": 80, ""statistical_methods_score"": 75, ""communication_score"": 70}",Developing,SYNTHETIC_PROTOTYPE
IND-OSS-1197,Junior Statistical Officer (JSO),State Directorate of Economics and Statistics (DES),14,88,73,66,74,96,95,84,83,12.0,543,85,80.0,Survey Data Specialist,"{""statistical_analysis_score"": 80, ""data_visualization_score"": 70, ""python_score"": 65, ""sql_score"": 75, ""data_collection_score"": 88, ""data_quality_score"": 88, ""statistical_methods_score"": 80, ""communication_score"": 75}",Advanced,SYNTHETIC_PROTOTYPE
IND-OSS-1198,Survey Data Specialist,Central Statistics Office (CSO),4,67,51,56,60,55,76,71,51,4.0,243,59,76.0,Data Analyst,"{""statistical_analysis_score"": 75, ""data_visualization_score"": 85, ""python_score"": 85, ""sql_score"": 85, ""data_collection_score"": 60, ""data_quality_score"": 80, ""statistical_methods_score"": 70, ""communication_score"": 75}",Developing,SYNTHETIC_PROTOTYPE
IND-OSS-1199,Statistical Analyst,Data Quality Assurance Division (DQAD),4,66,52,63,80,55,71,71,55,3.0,55,49,69.0,Data Analyst,"{""statistical_analysis_score"": 75, ""data_visualization_score"": 85, ""python_score"": 85, ""sql_score"": 85, ""data_collection_score"": 60, ""data_quality_score"": 80, ""statistical_methods_score"": 70, ""communication_score"": 75}",Developing,SYNTHETIC_PROTOTYPE
IND-OSS-1200,Senior Statistical Officer (SSO),National Statistical Systems Training Academy (NSSTA),1,39,26,15,18,28,40,30,33,1.0,61,20,39.0,Junior Statistical Officer (JSO),"{""statistical_analysis_score"": 70, ""data_visualization_score"": 65, ""python_score"": 60, ""sql_score"": 65, ""data_collection_score"": 85, ""data_quality_score"": 80, ""statistical_methods_score"": 75, ""communication_score"": 70}",Beginner,SYNTHETIC_PROTOTYPE
IND-OSS-1201,Survey Data Specialist,National Sample Survey Office (NSSO),4,81,55,56,51,60,82,68,72,7.0,212,60,59.0,Survey Data Specialist,"{""statistical_analysis_score"": 80, ""data_visualization_score"": 70, ""python_score"": 65, ""sql_score"": 75, ""data_collection_score"": 88, ""data_quality_score"": 88, ""statistical_methods_score"": 80, ""communication_score"": 75}",Developing,SYNTHETIC_PROTOTYPE
IND-OSS-1202,Junior Statistical Officer (JSO),National Statistical Systems Training Academy (NSSTA),10,59,46,41,49,59,70,67,51,9.0,184,55,75.0,Assistant Director (Statistics),"{""statistical_analysis_score"": 90, ""data_visualization_score"": 80, ""python_score"": 70, ""sql_score"": 75, ""data_collection_score"": 75, ""data_quality_score"": 85, ""statistical_methods_score"": 90, ""communication_score"": 85}",Developing,SYNTHETIC_PROTOTYPE
IND-OSS-1203,Field Operations Officer (NSSO),Economic Statistics Division (ESD),3,41,32,21,30,71,64,59,64,4.0,126,43,70.0,Assistant Director (Statistics),"{""statistical_analysis_score"": 90, ""data_visualization_score"": 80, ""python_score"": 70, ""sql_score"": 75, ""data_collection_score"": 75, ""data_quality_score"": 85, ""statistical_methods_score"": 90, ""communication_score"": 85}",Beginner,SYNTHETIC_PROTOTYPE
IND-OSS-1204,Survey Data Specialist,Social Statistics Division (SSD),8,78,57,52,61,70,83,85,62,6.0,272,59,26.0,Junior Statistical Officer (JSO),"{""statistical_analysis_score"": 70, ""data_visualization_score"": 65, ""python_score"": 60, ""sql_score"": 65, ""data_collection_score"": 85, ""data_quality_score"": 80, ""statistical_methods_score"": 75, ""communication_score"": 70}",Developing,SYNTHETIC_PROTOTYPE
IND-OSS-1205,Statistical Analyst,National Sample Survey Office (NSSO),5,54,44,53,41,25,47,36,32,9.0,552,45,46.0,Junior Statistical Officer (JSO),"{""statistical_analysis_score"": 70, ""data_visualization_score"": 65, ""python_score"": 60, ""sql_score"": 65, ""data_collection_score"": 85, ""data_quality_score"": 80, ""statistical_methods_score"": 75, ""communication_score"": 70}",Beginner,SYNTHETIC_PROTOTYPE
IND-OSS-1206,Data Analyst,Social Statistics Division (SSD),13,68,92,97,93,82,72,75,81,9.0,146,67,45.0,Junior Statistical Officer (JSO),"{""statistical_analysis_score"": 70, ""data_visualization_score"": 65, ""python_score"": 60, ""sql_score"": 65, ""data_collection_score"": 85, ""data_quality_score"": 80, ""statistical_methods_score"": 75, ""communication_score"": 70}",Proficient,SYNTHETIC_PROTOTYPE
IND-OSS-1207,Statistical Analyst,National Sample Survey Office (NSSO),7,91,77,87,86,71,61,79,66,4.0,197,69,13.0,Field Operations Officer (NSSO),"{""statistical_analysis_score"": 65, ""data_visualization_score"": 55, ""python_score"": 45, ""sql_score"": 50, ""data_collection_score"": 92, ""data_quality_score"": 85, ""statistical_methods_score"": 70, ""communication_score"": 85}",Proficient,SYNTHETIC_PROTOTYPE
IND-OSS-1208,Senior Statistical Officer (SSO),National Statistical Systems Training Academy (NSSTA),1,75,62,50,50,77,65,73,71,0.0,1,60,40.0,Assistant Director (Statistics),"{""statistical_analysis_score"": 90, ""data_visualization_score"": 80, ""python_score"": 70, ""sql_score"": 75, ""data_collection_score"": 75, ""data_quality_score"": 85, ""statistical_methods_score"": 90, ""communication_score"": 85}",Developing,SYNTHETIC_PROTOTYPE
IND-OSS-1209,Survey Data Specialist,National Statistical Systems Training Academy (NSSTA),4,57,53,26,41,67,64,74,56,5.0,234,51,33.0,Senior Statistical Officer (SSO),"{""statistical_analysis_score"": 85, ""data_visualization_score"": 75, ""python_score"": 70, ""sql_score"": 75, ""data_collection_score"": 85, ""data_quality_score"": 90, ""statistical_methods_score"": 85, ""communication_score"": 80}",Developing,SYNTHETIC_PROTOTYPE
IND-OSS-1210,Field Operations Officer (NSSO),Social Statistics Division (SSD),7,36,51,24,45,85,65,48,74,6.0,185,45,83.0,Statistical Analyst,"{""statistical_analysis_score"": 85, ""data_visualization_score"": 75, ""python_score"": 75, ""sql_score"": 80, ""data_collection_score"": 60, ""data_quality_score"": 80, ""statistical_methods_score"": 80, ""communication_score"": 70}",Developing,SYNTHETIC_PROTOTYPE
IND-OSS-1211,Senior Statistical Officer (SSO),Social Statistics Division (SSD),3,40,32,32,39,49,66,60,52,6.0,366,51,54.0,Data Analyst,"{""statistical_analysis_score"": 75, ""data_visualization_score"": 85, ""python_score"": 85, ""sql_score"": 85, ""data_collection_score"": 60, ""data_quality_score"": 80, ""statistical_methods_score"": 70, ""communication_score"": 75}",Beginner,SYNTHETIC_PROTOTYPE
IND-OSS-1212,Junior Statistical Officer (JSO),National Sample Survey Office (NSSO),3,59,71,70,76,89,73,80,64,5.0,302,65,9.0,Assistant Director (Statistics),"{""statistical_analysis_score"": 90, ""data_visualization_score"": 80, ""python_score"": 70, ""sql_score"": 75, ""data_collection_score"": 75, ""data_quality_score"": 85, ""statistical_methods_score"": 90, ""communication_score"": 85}",Developing,SYNTHETIC_PROTOTYPE
IND-OSS-1213,Senior Statistical Officer (SSO),National Sample Survey Office (NSSO),10,89,75,66,74,89,94,89,71,5.0,166,76,28.0,Field Operations Officer (NSSO),"{""statistical_analysis_score"": 65, ""data_visualization_score"": 55, ""python_score"": 45, ""sql_score"": 50, ""data_collection_score"": 92, ""data_quality_score"": 85, ""statistical_methods_score"": 70, ""communication_score"": 85}",Proficient,SYNTHETIC_PROTOTYPE
IND-OSS-1214,Survey Data Specialist,Social Statistics Division (SSD),3,74,59,48,64,65,75,55,54,2.0,105,61,77.0,Assistant Director (Statistics),"{""statistical_analysis_score"": 90, ""data_visualization_score"": 80, ""python_score"": 70, ""sql_score"": 75, ""data_collection_score"": 75, ""data_quality_score"": 85, ""statistical_methods_score"": 90, ""communication_score"": 85}",Developing,SYNTHETIC_PROTOTYPE
IND-OSS-1215,Assistant Director (Statistics),Data Quality Assurance Division (DQAD),2,80,81,67,83,76,86,73,83,0.0,16,73,48.0,Assistant Director (Statistics),"{""statistical_analysis_score"": 90, ""data_visualization_score"": 80, ""python_score"": 70, ""sql_score"": 75, ""data_collection_score"": 75, ""data_quality_score"": 85, ""statistical_methods_score"": 90, ""communication_score"": 85}",Proficient,SYNTHETIC_PROTOTYPE
IND-OSS-1216,Assistant Director (Statistics),Central Statistics Office (CSO),11,76,59,52,57,56,76,61,54,12.0,254,46,91.0,Junior Statistical Officer (JSO),"{""statistical_analysis_score"": 70, ""data_visualization_score"": 65, ""python_score"": 60, ""sql_score"": 65, ""data_collection_score"": 85, ""data_quality_score"": 80, ""statistical_methods_score"": 75, ""communication_score"": 70}",Developing,SYNTHETIC_PROTOTYPE
IND-OSS-1217,Senior Statistical Officer (SSO),National Sample Survey Office (NSSO),8,56,53,52,48,68,58,72,57,6.0,188,47,81.0,Assistant Director (Statistics),"{""statistical_analysis_score"": 90, ""data_visualization_score"": 80, ""python_score"": 70, ""sql_score"": 75, ""data_collection_score"": 75, ""data_quality_score"": 85, ""statistical_methods_score"": 90, ""communication_score"": 85}",Developing,SYNTHETIC_PROTOTYPE
IND-OSS-1218,Junior Statistical Officer (JSO),Social Statistics Division (SSD),4,68,71,57,74,79,72,76,76,2.0,122,58,73.0,Junior Statistical Officer (JSO),"{""statistical_analysis_score"": 70, ""data_visualization_score"": 65, ""python_score"": 60, ""sql_score"": 65, ""data_collection_score"": 85, ""data_quality_score"": 80, ""statistical_methods_score"": 75, ""communication_score"": 70}",Developing,SYNTHETIC_PROTOTYPE
IND-OSS-1219,Assistant Director (Statistics),State Directorate of Economics and Statistics (DES),9,96,84,57,68,68,83,90,74,9.0,198,69,59.0,Statistical Analyst,"{""statistical_analysis_score"": 85, ""data_visualization_score"": 75, ""python_score"": 75, ""sql_score"": 80, ""data_collection_score"": 60, ""data_quality_score"": 80, ""statistical_methods_score"": 80, ""communication_score"": 70}",Proficient,SYNTHETIC_PROTOTYPE
IND-OSS-1220,Assistant Director (Statistics),National Statistical Systems Training Academy (NSSTA),14,99,76,65,83,78,75,87,88,12.0,255,79,24.0,Field Operations Officer (NSSO),"{""statistical_analysis_score"": 65, ""data_visualization_score"": 55, ""python_score"": 45, ""sql_score"": 50, ""data_collection_score"": 92, ""data_quality_score"": 85, ""statistical_methods_score"": 70, ""communication_score"": 85}",Proficient,SYNTHETIC_PROTOTYPE
IND-OSS-1221,Junior Statistical Officer (JSO),Data Quality Assurance Division (DQAD),8,62,62,51,48,64,46,63,61,7.0,316,52,,Senior Statistical Officer (SSO),"{""statistical_analysis_score"": 85, ""data_visualization_score"": 75, ""python_score"": 70, ""sql_score"": 75, ""data_collection_score"": 85, ""data_quality_score"": 90, ""statistical_methods_score"": 85, ""communication_score"": 80}",Developing,SYNTHETIC_PROTOTYPE
IND-OSS-1222,Junior Statistical Officer (JSO),Economic Statistics Division (ESD),1,61,57,45,56,74,73,56,64,0.0,8,63,44.0,Assistant Director (Statistics),"{""statistical_analysis_score"": 90, ""data_visualization_score"": 80, ""python_score"": 70, ""sql_score"": 75, ""data_collection_score"": 75, ""data_quality_score"": 85, ""statistical_methods_score"": 90, ""communication_score"": 85}",Developing,SYNTHETIC_PROTOTYPE
IND-OSS-1223,Junior Statistical Officer (JSO),Social Statistics Division (SSD),9,72,60,55,64,73,85,83,64,15.0,454,78,68.0,Data Analyst,"{""statistical_analysis_score"": 75, ""data_visualization_score"": 85, ""python_score"": 85, ""sql_score"": 85, ""data_collection_score"": 60, ""data_quality_score"": 80, ""statistical_methods_score"": 70, ""communication_score"": 75}",Proficient,SYNTHETIC_PROTOTYPE
IND-OSS-1224,Data Analyst,Economic Statistics Division (ESD),4,54,43,49,49,38,43,45,42,3.0,92,38,33.0,Assistant Director (Statistics),"{""statistical_analysis_score"": 90, ""data_visualization_score"": 80, ""python_score"": 70, ""sql_score"": 75, ""data_collection_score"": 75, ""data_quality_score"": 85, ""statistical_methods_score"": 90, ""communication_score"": 85}",Beginner,SYNTHETIC_PROTOTYPE
IND-OSS-1225,Senior Statistical Officer (SSO),Data Quality Assurance Division (DQAD),7,60,72,63,74,96,99,80,71,6.0,137,61,59.0,Assistant Director (Statistics),"{""statistical_analysis_score"": 90, ""data_visualization_score"": 80, ""python_score"": 70, ""sql_score"": 75, ""data_collection_score"": 75, ""data_quality_score"": 85, ""statistical_methods_score"": 90, ""communication_score"": 85}",Developing,SYNTHETIC_PROTOTYPE
IND-OSS-1226,Data Analyst,Social Statistics Division (SSD),1,71,73,67,77,43,66,61,73,4.0,126,62,77.0,Field Operations Officer (NSSO),"{""statistical_analysis_score"": 65, ""data_visualization_score"": 55, ""python_score"": 45, ""sql_score"": 50, ""data_collection_score"": 92, ""data_quality_score"": 85, ""statistical_methods_score"": 70, ""communication_score"": 85}",Developing,SYNTHETIC_PROTOTYPE
IND-OSS-1227,Junior Statistical Officer (JSO),Economic Statistics Division (ESD),17,87,81,76,85,99,99,91,82,10.0,165,84,61.0,Field Operations Officer (NSSO),"{""statistical_analysis_score"": 65, ""data_visualization_score"": 55, ""python_score"": 45, ""sql_score"": 50, ""data_collection_score"": 92, ""data_quality_score"": 85, ""statistical_methods_score"": 70, ""communication_score"": 85}",Advanced,SYNTHETIC_PROTOTYPE
IND-OSS-1228,Survey Data Specialist,National Sample Survey Office (NSSO),3,53,35,42,50,67,57,63,40,7.0,149,48,87.0,Junior Statistical Officer (JSO),"{""statistical_analysis_score"": 70, ""data_visualization_score"": 65, ""python_score"": 60, ""sql_score"": 65, ""data_collection_score"": 85, ""data_quality_score"": 80, ""statistical_methods_score"": 75, ""communication_score"": 70}",Beginner,SYNTHETIC_PROTOTYPE
IND-OSS-1229,Junior Statistical Officer (JSO),Central Statistics Office (CSO),6,47,43,17,40,53,59,51,42,7.0,437,39,14.0,Senior Statistical Officer (SSO),"{""statistical_analysis_score"": 85, ""data_visualization_score"": 75, ""python_score"": 70, ""sql_score"": 75, ""data_collection_score"": 85, ""data_quality_score"": 90, ""statistical_methods_score"": 85, ""communication_score"": 80}",Beginner,SYNTHETIC_PROTOTYPE
IND-OSS-1230,Survey Data Specialist,Social Statistics Division (SSD),9,64,40,29,46,49,59,42,57,9.0,153,46,65.0,Field Operations Officer (NSSO),"{""statistical_analysis_score"": 65, ""data_visualization_score"": 55, ""python_score"": 45, ""sql_score"": 50, ""data_collection_score"": 92, ""data_quality_score"": 85, ""statistical_methods_score"": 70, ""communication_score"": 85}",Beginner,SYNTHETIC_PROTOTYPE
IND-OSS-1231,Assistant Director (Statistics),National Statistical Systems Training Academy (NSSTA),2,61,57,48,38,41,83,58,49,1.0,35,49,44.0,Senior Statistical Officer (SSO),"{""statistical_analysis_score"": 85, ""data_visualization_score"": 75, ""python_score"": 70, ""sql_score"": 75, ""data_collection_score"": 85, ""data_quality_score"": 90, ""statistical_methods_score"": 85, ""communication_score"": 80}",Beginner,SYNTHETIC_PROTOTYPE
IND-OSS-1232,Senior Statistical Officer (SSO),Economic Statistics Division (ESD),9,82,74,57,72,79,74,82,73,7.0,437,58,93.0,Assistant Director (Statistics),"{""statistical_analysis_score"": 90, ""data_visualization_score"": 80, ""python_score"": 70, ""sql_score"": 75, ""data_collection_score"": 75, ""data_quality_score"": 85, ""statistical_methods_score"": 90, ""communication_score"": 85}",Developing,SYNTHETIC_PROTOTYPE
IND-OSS-1233,Data Analyst,Social Statistics Division (SSD),5,39,73,54,57,32,57,59,43,1.0,63,47,33.0,Senior Statistical Officer (SSO),"{""statistical_analysis_score"": 85, ""data_visualization_score"": 75, ""python_score"": 70, ""sql_score"": 75, ""data_collection_score"": 85, ""data_quality_score"": 90, ""statistical_methods_score"": 85, ""communication_score"": 80}",Beginner,SYNTHETIC_PROTOTYPE
IND-OSS-1234,Survey Data Specialist,State Directorate of Economics and Statistics (DES),3,66,63,41,62,81,74,71,59,10.0,618,56,74.0,Assistant Director (Statistics),"{""statistical_analysis_score"": 90, ""data_visualization_score"": 80, ""python_score"": 70, ""sql_score"": 75, ""data_collection_score"": 75, ""data_quality_score"": 85, ""statistical_methods_score"": 90, ""communication_score"": 85}",Developing,SYNTHETIC_PROTOTYPE
IND-OSS-1235,Data Analyst,Data Quality Assurance Division (DQAD),4,57,63,77,79,52,65,55,53,2.0,54,61,23.0,Statistical Analyst,"{""statistical_analysis_score"": 85, ""data_visualization_score"": 75, ""python_score"": 75, ""sql_score"": 80, ""data_collection_score"": 60, ""data_quality_score"": 80, ""statistical_methods_score"": 80, ""communication_score"": 70}",Developing,SYNTHETIC_PROTOTYPE
IND-OSS-1236,Junior Statistical Officer (JSO),Social Statistics Division (SSD),2,49,52,34,41,61,72,35,50,1.0,23,42,5.0,Assistant Director (Statistics),"{""statistical_analysis_score"": 90, ""data_visualization_score"": 80, ""python_score"": 70, ""sql_score"": 75, ""data_collection_score"": 75, ""data_quality_score"": 85, ""statistical_methods_score"": 90, ""communication_score"": 85}",Beginner,SYNTHETIC_PROTOTYPE
IND-OSS-1237,Assistant Director (Statistics),Social Statistics Division (SSD),26,82,62,63,75,61,87,88,75,20.0,606,67,38.0,Junior Statistical Officer (JSO),"{""statistical_analysis_score"": 70, ""data_visualization_score"": 65, ""python_score"": 60, ""sql_score"": 65, ""data_collection_score"": 85, ""data_quality_score"": 80, ""statistical_methods_score"": 75, ""communication_score"": 70}",Proficient,SYNTHETIC_PROTOTYPE
IND-OSS-1238,Statistical Analyst,State Directorate of Economics and Statistics (DES),5,81,73,70,70,54,64,91,56,5.0,162,68,66.0,Survey Data Specialist,"{""statistical_analysis_score"": 80, ""data_visualization_score"": 70, ""python_score"": 65, ""sql_score"": 75, ""data_collection_score"": 88, ""data_quality_score"": 88, ""statistical_methods_score"": 80, ""communication_score"": 75}",Developing,SYNTHETIC_PROTOTYPE
IND-OSS-1239,Data Analyst,Data Quality Assurance Division (DQAD),2,75,70,81,82,53,61,60,76,5.0,119,53,46.0,Junior Statistical Officer (JSO),"{""statistical_analysis_score"": 70, ""data_visualization_score"": 65, ""python_score"": 60, ""sql_score"": 65, ""data_collection_score"": 85, ""data_quality_score"": 80, ""statistical_methods_score"": 75, ""communication_score"": 70}",Developing,SYNTHETIC_PROTOTYPE
IND-OSS-1240,Data Analyst,State Directorate of Economics and Statistics (DES),1,48,58,60,61,42,55,52,58,3.0,65,46,33.0,Data Analyst,"{""statistical_analysis_score"": 75, ""data_visualization_score"": 85, ""python_score"": 85, ""sql_score"": 85, ""data_collection_score"": 60, ""data_quality_score"": 80, ""statistical_methods_score"": 70, ""communication_score"": 75}",Beginner,SYNTHETIC_PROTOTYPE
IND-OSS-1241,Data Analyst,National Sample Survey Office (NSSO),3,58,56,62,72,44,60,46,54,3.0,197,57,22.0,Statistical Analyst,"{""statistical_analysis_score"": 85, ""data_visualization_score"": 75, ""python_score"": 75, ""sql_score"": 80, ""data_collection_score"": 60, ""data_quality_score"": 80, ""statistical_methods_score"": 80, ""communication_score"": 70}",Developing,SYNTHETIC_PROTOTYPE
IND-OSS-1242,Data Analyst,Economic Statistics Division (ESD),21,68,90,90,87,60,84,75,78,16.0,243,67,58.0,Field Operations Officer (NSSO),"{""statistical_analysis_score"": 65, ""data_visualization_score"": 55, ""python_score"": 45, ""sql_score"": 50, ""data_collection_score"": 92, ""data_quality_score"": 85, ""statistical_methods_score"": 70, ""communication_score"": 85}",Proficient,SYNTHETIC_PROTOTYPE
IND-OSS-1243,Survey Data Specialist,State Directorate of Economics and Statistics (DES),12,99,79,75,68,99,94,83,76,10.0,166,73,10.0,Statistical Analyst,"{""statistical_analysis_score"": 85, ""data_visualization_score"": 75, ""python_score"": 75, ""sql_score"": 80, ""data_collection_score"": 60, ""data_quality_score"": 80, ""statistical_methods_score"": 80, ""communication_score"": 70}",Proficient,SYNTHETIC_PROTOTYPE
IND-OSS-1244,Senior Statistical Officer (SSO),Economic Statistics Division (ESD),4,68,67,57,57,76,82,70,68,8.0,370,66,45.0,Assistant Director (Statistics),"{""statistical_analysis_score"": 90, ""data_visualization_score"": 80, ""python_score"": 70, ""sql_score"": 75, ""data_collection_score"": 75, ""data_quality_score"": 85, ""statistical_methods_score"": 90, ""communication_score"": 85}",Developing,SYNTHETIC_PROTOTYPE
IND-OSS-1245,Field Operations Officer (NSSO),Central Statistics Office (CSO),7,64,54,45,44,89,82,72,93,11.0,184,71,89.0,Assistant Director (Statistics),"{""statistical_analysis_score"": 90, ""data_visualization_score"": 80, ""python_score"": 70, ""sql_score"": 75, ""data_collection_score"": 75, ""data_quality_score"": 85, ""statistical_methods_score"": 90, ""communication_score"": 85}",Developing,SYNTHETIC_PROTOTYPE
IND-OSS-1246,Assistant Director (Statistics),Economic Statistics Division (ESD),6,99,75,75,73,79,81,99,81,6.0,367,81,61.0,Senior Statistical Officer (SSO),"{""statistical_analysis_score"": 85, ""data_visualization_score"": 75, ""python_score"": 70, ""sql_score"": 75, ""data_collection_score"": 85, ""data_quality_score"": 90, ""statistical_methods_score"": 85, ""communication_score"": 80}",Proficient,SYNTHETIC_PROTOTYPE
IND-OSS-1247,Senior Statistical Officer (SSO),Central Statistics Office (CSO),6,67,61,48,44,64,79,65,56,6.0,181,62,61.0,Data Analyst,"{""statistical_analysis_score"": 75, ""data_visualization_score"": 85, ""python_score"": 85, ""sql_score"": 85, ""data_collection_score"": 60, ""data_quality_score"": 80, ""statistical_methods_score"": 70, ""communication_score"": 75}",Developing,SYNTHETIC_PROTOTYPE
IND-OSS-1248,Assistant Director (Statistics),Data Quality Assurance Division (DQAD),3,89,74,64,64,85,82,86,76,4.0,131,82,52.0,Statistical Analyst,"{""statistical_analysis_score"": 85, ""data_visualization_score"": 75, ""python_score"": 75, ""sql_score"": 80, ""data_collection_score"": 60, ""data_quality_score"": 80, ""statistical_methods_score"": 80, ""communication_score"": 70}",Proficient,SYNTHETIC_PROTOTYPE
IND-OSS-1249,Survey Data Specialist,State Directorate of Economics and Statistics (DES),2,73,59,61,81,81,83,85,68,5.0,117,71,40.0,Survey Data Specialist,"{""statistical_analysis_score"": 80, ""data_visualization_score"": 70, ""python_score"": 65, ""sql_score"": 75, ""data_collection_score"": 88, ""data_quality_score"": 88, ""statistical_methods_score"": 80, ""communication_score"": 75}",Developing,SYNTHETIC_PROTOTYPE
IND-OSS-1250,Statistical Analyst,State Directorate of Economics and Statistics (DES),2,62,36,34,48,36,55,48,51,2.0,43,46,52.0,Senior Statistical Officer (SSO),"{""statistical_analysis_score"": 85, ""data_visualization_score"": 75, ""python_score"": 70, ""sql_score"": 75, ""data_collection_score"": 85, ""data_quality_score"": 90, ""statistical_methods_score"": 85, ""communication_score"": 80}",Beginner,SYNTHETIC_PROTOTYPE
IND-OSS-1251,Data Analyst,Central Statistics Office (CSO),5,72,78,76,61,58,81,55,72,6.0,369,60,90.0,Survey Data Specialist,"{""statistical_analysis_score"": 80, ""data_visualization_score"": 70, ""python_score"": 65, ""sql_score"": 75, ""data_collection_score"": 88, ""data_quality_score"": 88, ""statistical_methods_score"": 80, ""communication_score"": 75}",Developing,SYNTHETIC_PROTOTYPE
IND-OSS-1252,Assistant Director (Statistics),Social Statistics Division (SSD),4,56,51,41,43,39,49,62,55,3.0,195,45,74.0,Senior Statistical Officer (SSO),"{""statistical_analysis_score"": 85, ""data_visualization_score"": 75, ""python_score"": 70, ""sql_score"": 75, ""data_collection_score"": 85, ""data_quality_score"": 90, ""statistical_methods_score"": 85, ""communication_score"": 80}",Beginner,SYNTHETIC_PROTOTYPE
IND-OSS-1253,Statistical Analyst,Social Statistics Division (SSD),3,80,53,57,70,46,66,58,55,4.0,68,63,20.0,Data Analyst,"{""statistical_analysis_score"": 75, ""data_visualization_score"": 85, ""python_score"": 85, ""sql_score"": 85, ""data_collection_score"": 60, ""data_quality_score"": 80, ""statistical_methods_score"": 70, ""communication_score"": 75}",Developing,SYNTHETIC_PROTOTYPE
IND-OSS-1254,Survey Data Specialist,National Sample Survey Office (NSSO),3,62,58,52,65,81,94,56,67,3.0,150,59,43.0,Senior Statistical Officer (SSO),"{""statistical_analysis_score"": 85, ""data_visualization_score"": 75, ""python_score"": 70, ""sql_score"": 75, ""data_collection_score"": 85, ""data_quality_score"": 90, ""statistical_methods_score"": 85, ""communication_score"": 80}",Developing,SYNTHETIC_PROTOTYPE
IND-OSS-1255,Data Analyst,State Directorate of Economics and Statistics (DES),1,95,92,86,98,79,80,75,79,2.0,46,83,71.0,Senior Statistical Officer (SSO),"{""statistical_analysis_score"": 85, ""data_visualization_score"": 75, ""python_score"": 70, ""sql_score"": 75, ""data_collection_score"": 85, ""data_quality_score"": 90, ""statistical_methods_score"": 85, ""communication_score"": 80}",Proficient,SYNTHETIC_PROTOTYPE
IND-OSS-1256,Assistant Director (Statistics),Social Statistics Division (SSD),12,78,79,74,76,67,82,92,82,13.0,261,72,42.0,Field Operations Officer (NSSO),"{""statistical_analysis_score"": 65, ""data_visualization_score"": 55, ""python_score"": 45, ""sql_score"": 50, ""data_collection_score"": 92, ""data_quality_score"": 85, ""statistical_methods_score"": 70, ""communication_score"": 85}",Proficient,SYNTHETIC_PROTOTYPE
IND-OSS-1257,Field Operations Officer (NSSO),National Statistical Systems Training Academy (NSSTA),10,31,35,18,32,58,74,52,63,10.0,610,54,9.0,Survey Data Specialist,"{""statistical_analysis_score"": 80, ""data_visualization_score"": 70, ""python_score"": 65, ""sql_score"": 75, ""data_collection_score"": 88, ""data_quality_score"": 88, ""statistical_methods_score"": 80, ""communication_score"": 75}",Developing,SYNTHETIC_PROTOTYPE
IND-OSS-1258,Senior Statistical Officer (SSO),Social Statistics Division (SSD),3,74,78,60,67,77,74,74,84,3.0,64,63,49.0,Survey Data Specialist,"{""statistical_analysis_score"": 80, ""data_visualization_score"": 70, ""python_score"": 65, ""sql_score"": 75, ""data_collection_score"": 88, ""data_quality_score"": 88, ""statistical_methods_score"": 80, ""communication_score"": 75}",Developing,SYNTHETIC_PROTOTYPE
IND-OSS-1259,Assistant Director (Statistics),Social Statistics Division (SSD),5,64,36,53,51,35,52,64,53,4.0,251,53,56.0,Senior Statistical Officer (SSO),"{""statistical_analysis_score"": 85, ""data_visualization_score"": 75, ""python_score"": 70, ""sql_score"": 75, ""data_collection_score"": 85, ""data_quality_score"": 90, ""statistical_methods_score"": 85, ""communication_score"": 80}",Developing,SYNTHETIC_PROTOTYPE
IND-OSS-1260,Survey Data Specialist,Social Statistics Division (SSD),6,81,59,61,75,99,79,86,84,3.0,106,59,87.0,Senior Statistical Officer (SSO),"{""statistical_analysis_score"": 85, ""data_visualization_score"": 75, ""python_score"": 70, ""sql_score"": 75, ""data_collection_score"": 85, ""data_quality_score"": 90, ""statistical_methods_score"": 85, ""communication_score"": 80}",Developing,SYNTHETIC_PROTOTYPE
IND-OSS-1261,Data Analyst,Data Quality Assurance Division (DQAD),5,61,81,73,67,42,64,67,59,10.0,162,59,17.0,Survey Data Specialist,"{""statistical_analysis_score"": 80, ""data_visualization_score"": 70, ""python_score"": 65, ""sql_score"": 75, ""data_collection_score"": 88, ""data_quality_score"": 88, ""statistical_methods_score"": 80, ""communication_score"": 75}",Developing,SYNTHETIC_PROTOTYPE
IND-OSS-1262,Senior Statistical Officer (SSO),Economic Statistics Division (ESD),4,76,53,54,60,71,71,67,62,3.0,199,56,85.0,Junior Statistical Officer (JSO),"{""statistical_analysis_score"": 70, ""data_visualization_score"": 65, ""python_score"": 60, ""sql_score"": 65, ""data_collection_score"": 85, ""data_quality_score"": 80, ""statistical_methods_score"": 75, ""communication_score"": 70}",Developing,SYNTHETIC_PROTOTYPE
IND-OSS-1263,Survey Data Specialist,Central Statistics Office (CSO),1,66,53,50,63,93,89,71,72,1.0,21,60,61.0,Survey Data Specialist,"{""statistical_analysis_score"": 80, ""data_visualization_score"": 70, ""python_score"": 65, ""sql_score"": 75, ""data_collection_score"": 88, ""data_quality_score"": 88, ""statistical_methods_score"": 80, ""communication_score"": 75}",Developing,SYNTHETIC_PROTOTYPE
IND-OSS-1264,Assistant Director (Statistics),National Statistical Systems Training Academy (NSSTA),4,88,69,57,79,69,75,88,68,6.0,370,62,34.0,Survey Data Specialist,"{""statistical_analysis_score"": 80, ""data_visualization_score"": 70, ""python_score"": 65, ""sql_score"": 75, ""data_collection_score"": 88, ""data_quality_score"": 88, ""statistical_methods_score"": 80, ""communication_score"": 75}",Developing,SYNTHETIC_PROTOTYPE
IND-OSS-1265,Survey Data Specialist,Social Statistics Division (SSD),3,80,75,65,62,66,90,78,78,5.0,157,67,24.0,Senior Statistical Officer (SSO),"{""statistical_analysis_score"": 85, ""data_visualization_score"": 75, ""python_score"": 70, ""sql_score"": 75, ""data_collection_score"": 85, ""data_quality_score"": 90, ""statistical_methods_score"": 85, ""communication_score"": 80}",Developing,SYNTHETIC_PROTOTYPE
IND-OSS-1266,Assistant Director (Statistics),Central Statistics Office (CSO),16,65,65,68,67,71,73,83,65,13.0,603,55,79.0,Junior Statistical Officer (JSO),"{""statistical_analysis_score"": 70, ""data_visualization_score"": 65, ""python_score"": 60, ""sql_score"": 65, ""data_collection_score"": 85, ""data_quality_score"": 80, ""statistical_methods_score"": 75, ""communication_score"": 70}",Developing,SYNTHETIC_PROTOTYPE
IND-OSS-1267,Senior Statistical Officer (SSO),National Sample Survey Office (NSSO),6,78,71,68,68,79,83,87,78,5.0,112,71,73.0,Assistant Director (Statistics),"{""statistical_analysis_score"": 90, ""data_visualization_score"": 80, ""python_score"": 70, ""sql_score"": 75, ""data_collection_score"": 75, ""data_quality_score"": 85, ""statistical_methods_score"": 90, ""communication_score"": 85}",Proficient,SYNTHETIC_PROTOTYPE
IND-OSS-1268,Junior Statistical Officer (JSO),Central Statistics Office (CSO),3,60,51,45,40,65,70,74,56,5.0,226,55,61.0,Junior Statistical Officer (JSO),"{""statistical_analysis_score"": 70, ""data_visualization_score"": 65, ""python_score"": 60, ""sql_score"": 65, ""data_collection_score"": 85, ""data_quality_score"": 80, ""statistical_methods_score"": 75, ""communication_score"": 70}",Developing,SYNTHETIC_PROTOTYPE
IND-OSS-1269,Junior Statistical Officer (JSO),National Statistical Systems Training Academy (NSSTA),1,56,47,51,33,64,73,61,64,2.0,65,45,20.0,Field Operations Officer (NSSO),"{""statistical_analysis_score"": 65, ""data_visualization_score"": 55, ""python_score"": 45, ""sql_score"": 50, ""data_collection_score"": 92, ""data_quality_score"": 85, ""statistical_methods_score"": 70, ""communication_score"": 85}",Beginner,SYNTHETIC_PROTOTYPE
IND-OSS-1270,Statistical Analyst,Central Statistics Office (CSO),10,67,76,50,60,45,53,48,43,9.0,558,42,30.0,Data Analyst,"{""statistical_analysis_score"": 75, ""data_visualization_score"": 85, ""python_score"": 85, ""sql_score"": 85, ""data_collection_score"": 60, ""data_quality_score"": 80, ""statistical_methods_score"": 70, ""communication_score"": 75}",Developing,SYNTHETIC_PROTOTYPE
IND-OSS-1271,Data Analyst,Economic Statistics Division (ESD),6,51,85,71,78,48,67,60,64,9.0,141,59,,Assistant Director (Statistics),"{""statistical_analysis_score"": 90, ""data_visualization_score"": 80, ""python_score"": 70, ""sql_score"": 75, ""data_collection_score"": 75, ""data_quality_score"": 85, ""statistical_methods_score"": 90, ""communication_score"": 85}",Developing,SYNTHETIC_PROTOTYPE
IND-OSS-1272,Data Analyst,Data Quality Assurance Division (DQAD),9,80,79,68,83,57,73,65,72,8.0,492,62,92.0,Data Analyst,"{""statistical_analysis_score"": 75, ""data_visualization_score"": 85, ""python_score"": 85, ""sql_score"": 85, ""data_collection_score"": 60, ""data_quality_score"": 80, ""statistical_methods_score"": 70, ""communication_score"": 75}",Developing,SYNTHETIC_PROTOTYPE
IND-OSS-1273,Statistical Analyst,Economic Statistics Division (ESD),2,66,67,60,67,42,76,63,56,7.0,105,64,75.0,Senior Statistical Officer (SSO),"{""statistical_analysis_score"": 85, ""data_visualization_score"": 75, ""python_score"": 70, ""sql_score"": 75, ""data_collection_score"": 85, ""data_quality_score"": 90, ""statistical_methods_score"": 85, ""communication_score"": 80}",Developing,SYNTHETIC_PROTOTYPE
IND-OSS-1274,Junior Statistical Officer (JSO),Social Statistics Division (SSD),4,52,36,22,42,57,54,46,60,5.0,159,37,39.0,Senior Statistical Officer (SSO),"{""statistical_analysis_score"": 85, ""data_visualization_score"": 75, ""python_score"": 70, ""sql_score"": 75, ""data_collection_score"": 85, ""data_quality_score"": 90, ""statistical_methods_score"": 85, ""communication_score"": 80}",Beginner,SYNTHETIC_PROTOTYPE
IND-OSS-1275,Senior Statistical Officer (SSO),National Sample Survey Office (NSSO),17,76,71,76,67,82,91,77,87,15.0,453,76,65.0,Data Analyst,"{""statistical_analysis_score"": 75, ""data_visualization_score"": 85, ""python_score"": 85, ""sql_score"": 85, ""data_collection_score"": 60, ""data_quality_score"": 80, ""statistical_methods_score"": 70, ""communication_score"": 75}",Proficient,SYNTHETIC_PROTOTYPE
IND-OSS-1276,Survey Data Specialist,Economic Statistics Division (ESD),2,68,77,65,65,85,83,69,71,3.0,196,67,50.0,Senior Statistical Officer (SSO),"{""statistical_analysis_score"": 85, ""data_visualization_score"": 75, ""python_score"": 70, ""sql_score"": 75, ""data_collection_score"": 85, ""data_quality_score"": 90, ""statistical_methods_score"": 85, ""communication_score"": 80}",Developing,SYNTHETIC_PROTOTYPE
IND-OSS-1277,Survey Data Specialist,Social Statistics Division (SSD),6,72,52,64,61,66,77,70,66,2.0,65,69,15.0,Assistant Director (Statistics),"{""statistical_analysis_score"": 90, ""data_visualization_score"": 80, ""python_score"": 70, ""sql_score"": 75, ""data_collection_score"": 75, ""data_quality_score"": 85, ""statistical_methods_score"": 90, ""communication_score"": 85}",Developing,SYNTHETIC_PROTOTYPE
IND-OSS-1278,Statistical Analyst,State Directorate of Economics and Statistics (DES),7,28,51,22,30,15,25,33,15,5.0,303,20,23.0,Survey Data Specialist,"{""statistical_analysis_score"": 80, ""data_visualization_score"": 70, ""python_score"": 65, ""sql_score"": 75, ""data_collection_score"": 88, ""data_quality_score"": 88, ""statistical_methods_score"": 80, ""communication_score"": 75}",Beginner,SYNTHETIC_PROTOTYPE
IND-OSS-1279,Field Operations Officer (NSSO),Economic Statistics Division (ESD),4,45,19,17,22,67,53,37,61,1.0,30,34,85.0,Senior Statistical Officer (SSO),"{""statistical_analysis_score"": 85, ""data_visualization_score"": 75, ""python_score"": 70, ""sql_score"": 75, ""data_collection_score"": 85, ""data_quality_score"": 90, ""statistical_methods_score"": 85, ""communication_score"": 80}",Beginner,SYNTHETIC_PROTOTYPE
IND-OSS-1280,Statistical Analyst,National Statistical Systems Training Academy (NSSTA),2,64,62,72,72,41,67,69,49,3.0,185,60,50.0,Junior Statistical Officer (JSO),"{""statistical_analysis_score"": 70, ""data_visualization_score"": 65, ""python_score"": 60, ""sql_score"": 65, ""data_collection_score"": 85, ""data_quality_score"": 80, ""statistical_methods_score"": 75, ""communication_score"": 70}",Developing,SYNTHETIC_PROTOTYPE
IND-OSS-1281,Survey Data Specialist,Economic Statistics Division (ESD),3,40,42,22,18,41,44,30,15,5.0,317,31,83.0,Survey Data Specialist,"{""statistical_analysis_score"": 80, ""data_visualization_score"": 70, ""python_score"": 65, ""sql_score"": 75, ""data_collection_score"": 88, ""data_quality_score"": 88, ""statistical_methods_score"": 80, ""communication_score"": 75}",Beginner,SYNTHETIC_PROTOTYPE
IND-OSS-1282,Survey Data Specialist,Economic Statistics Division (ESD),5,71,70,53,76,85,90,72,66,8.0,168,69,40.0,Field Operations Officer (NSSO),"{""statistical_analysis_score"": 65, ""data_visualization_score"": 55, ""python_score"": 45, ""sql_score"": 50, ""data_collection_score"": 92, ""data_quality_score"": 85, ""statistical_methods_score"": 70, ""communication_score"": 85}",Developing,SYNTHETIC_PROTOTYPE
IND-OSS-1283,Assistant Director (Statistics),Data Quality Assurance Division (DQAD),9,59,60,40,47,39,54,62,61,12.0,547,47,14.0,Field Operations Officer (NSSO),"{""statistical_analysis_score"": 65, ""data_visualization_score"": 55, ""python_score"": 45, ""sql_score"": 50, ""data_collection_score"": 92, ""data_quality_score"": 85, ""statistical_methods_score"": 70, ""communication_score"": 85}",Developing,SYNTHETIC_PROTOTYPE
IND-OSS-1284,Survey Data Specialist,Social Statistics Division (SSD),7,53,41,29,41,49,53,49,53,7.0,325,46,57.0,Data Analyst,"{""statistical_analysis_score"": 75, ""data_visualization_score"": 85, ""python_score"": 85, ""sql_score"": 85, ""data_collection_score"": 60, ""data_quality_score"": 80, ""statistical_methods_score"": 70, ""communication_score"": 75}",Beginner,SYNTHETIC_PROTOTYPE
IND-OSS-1285,Senior Statistical Officer (SSO),Central Statistics Office (CSO),2,86,67,64,70,65,81,65,67,3.0,105,69,32.0,Junior Statistical Officer (JSO),"{""statistical_analysis_score"": 70, ""data_visualization_score"": 65, ""python_score"": 60, ""sql_score"": 65, ""data_collection_score"": 85, ""data_quality_score"": 80, ""statistical_methods_score"": 75, ""communication_score"": 70}",Developing,SYNTHETIC_PROTOTYPE
IND-OSS-1286,Senior Statistical Officer (SSO),Economic Statistics Division (ESD),10,76,57,45,60,69,87,73,65,11.0,232,57,8.0,Statistical Analyst,"{""statistical_analysis_score"": 85, ""data_visualization_score"": 75, ""python_score"": 75, ""sql_score"": 80, ""data_collection_score"": 60, ""data_quality_score"": 80, ""statistical_methods_score"": 80, ""communication_score"": 70}",Developing,SYNTHETIC_PROTOTYPE
IND-OSS-1287,Senior Statistical Officer (SSO),National Statistical Systems Training Academy (NSSTA),2,70,78,73,79,90,99,79,78,3.0,181,71,26.0,Assistant Director (Statistics),"{""statistical_analysis_score"": 90, ""data_visualization_score"": 80, ""python_score"": 70, ""sql_score"": 75, ""data_collection_score"": 75, ""data_quality_score"": 85, ""statistical_methods_score"": 90, ""communication_score"": 85}",Proficient,SYNTHETIC_PROTOTYPE
IND-OSS-1288,Assistant Director (Statistics),State Directorate of Economics and Statistics (DES),5,70,74,65,67,70,69,94,81,5.0,243,69,46.0,Senior Statistical Officer (SSO),"{""statistical_analysis_score"": 85, ""data_visualization_score"": 75, ""python_score"": 70, ""sql_score"": 75, ""data_collection_score"": 85, ""data_quality_score"": 90, ""statistical_methods_score"": 85, ""communication_score"": 80}",Developing,SYNTHETIC_PROTOTYPE
IND-OSS-1289,Assistant Director (Statistics),Central Statistics Office (CSO),4,74,62,48,63,61,64,71,65,3.0,95,55,34.0,Survey Data Specialist,"{""statistical_analysis_score"": 80, ""data_visualization_score"": 70, ""python_score"": 65, ""sql_score"": 75, ""data_collection_score"": 88, ""data_quality_score"": 88, ""statistical_methods_score"": 80, ""communication_score"": 75}",Developing,SYNTHETIC_PROTOTYPE
IND-OSS-1290,Senior Statistical Officer (SSO),Central Statistics Office (CSO),7,77,62,64,74,71,84,80,69,5.0,118,81,50.0,Field Operations Officer (NSSO),"{""statistical_analysis_score"": 65, ""data_visualization_score"": 55, ""python_score"": 45, ""sql_score"": 50, ""data_collection_score"": 92, ""data_quality_score"": 85, ""statistical_methods_score"": 70, ""communication_score"": 85}",Proficient,SYNTHETIC_PROTOTYPE
IND-OSS-1291,Field Operations Officer (NSSO),National Sample Survey Office (NSSO),10,52,28,26,28,82,72,45,67,10.0,202,43,50.0,Senior Statistical Officer (SSO),"{""statistical_analysis_score"": 85, ""data_visualization_score"": 75, ""python_score"": 70, ""sql_score"": 75, ""data_collection_score"": 85, ""data_quality_score"": 90, ""statistical_methods_score"": 85, ""communication_score"": 80}",Developing,SYNTHETIC_PROTOTYPE
IND-OSS-1292,Field Operations Officer (NSSO),Social Statistics Division (SSD),4,85,57,39,63,99,86,70,84,4.0,66,65,24.0,Assistant Director (Statistics),"{""statistical_analysis_score"": 90, ""data_visualization_score"": 80, ""python_score"": 70, ""sql_score"": 75, ""data_collection_score"": 75, ""data_quality_score"": 85, ""statistical_methods_score"": 90, ""communication_score"": 85}",Developing,SYNTHETIC_PROTOTYPE
IND-OSS-1293,Statistical Analyst,National Sample Survey Office (NSSO),1,93,67,79,75,55,80,70,67,1.0,50,80,96.0,Assistant Director (Statistics),"{""statistical_analysis_score"": 90, ""data_visualization_score"": 80, ""python_score"": 70, ""sql_score"": 75, ""data_collection_score"": 75, ""data_quality_score"": 85, ""statistical_methods_score"": 90, ""communication_score"": 85}",Developing,SYNTHETIC_PROTOTYPE
IND-OSS-1294,Senior Statistical Officer (SSO),Central Statistics Office (CSO),2,71,63,65,57,82,82,85,73,4.0,91,60,38.0,Survey Data Specialist,"{""statistical_analysis_score"": 80, ""data_visualization_score"": 70, ""python_score"": 65, ""sql_score"": 75, ""data_collection_score"": 88, ""data_quality_score"": 88, ""statistical_methods_score"": 80, ""communication_score"": 75}",Developing,SYNTHETIC_PROTOTYPE
IND-OSS-1295,Senior Statistical Officer (SSO),Central Statistics Office (CSO),12,93,64,60,73,76,78,83,82,11.0,662,67,44.0,Statistical Analyst,"{""statistical_analysis_score"": 85, ""data_visualization_score"": 75, ""python_score"": 75, ""sql_score"": 80, ""data_collection_score"": 60, ""data_quality_score"": 80, ""statistical_methods_score"": 80, ""communication_score"": 70}",Proficient,SYNTHETIC_PROTOTYPE
IND-OSS-1296,Junior Statistical Officer (JSO),Economic Statistics Division (ESD),4,32,51,48,36,67,64,64,48,3.0,59,43,43.0,Junior Statistical Officer (JSO),"{""statistical_analysis_score"": 70, ""data_visualization_score"": 65, ""python_score"": 60, ""sql_score"": 65, ""data_collection_score"": 85, ""data_quality_score"": 80, ""statistical_methods_score"": 75, ""communication_score"": 70}",Beginner,SYNTHETIC_PROTOTYPE
IND-OSS-1297,Data Analyst,Economic Statistics Division (ESD),9,77,78,91,98,74,91,81,85,5.0,229,76,16.0,Junior Statistical Officer (JSO),"{""statistical_analysis_score"": 70, ""data_visualization_score"": 65, ""python_score"": 60, ""sql_score"": 65, ""data_collection_score"": 85, ""data_quality_score"": 80, ""statistical_methods_score"": 75, ""communication_score"": 70}",Proficient,SYNTHETIC_PROTOTYPE
IND-OSS-1298,Junior Statistical Officer (JSO),State Directorate of Economics and Statistics (DES),9,57,50,42,48,57,47,56,54,4.0,90,58,34.0,Senior Statistical Officer (SSO),"{""statistical_analysis_score"": 85, ""data_visualization_score"": 75, ""python_score"": 70, ""sql_score"": 75, ""data_collection_score"": 85, ""data_quality_score"": 90, ""statistical_methods_score"": 85, ""communication_score"": 80}",Developing,SYNTHETIC_PROTOTYPE
IND-OSS-1299,Junior Statistical Officer (JSO),State Directorate of Economics and Statistics (DES),9,52,61,43,36,76,61,67,46,11.0,346,53,78.0,Survey Data Specialist,"{""statistical_analysis_score"": 80, ""data_visualization_score"": 70, ""python_score"": 65, ""sql_score"": 75, ""data_collection_score"": 88, ""data_quality_score"": 88, ""statistical_methods_score"": 80, ""communication_score"": 75}",Developing,SYNTHETIC_PROTOTYPE
IND-OSS-1300,Senior Statistical Officer (SSO),National Statistical Systems Training Academy (NSSTA),9,83,56,64,73,80,96,71,77,11.0,233,68,22.0,Survey Data Specialist,"{""statistical_analysis_score"": 80, ""data_visualization_score"": 70, ""python_score"": 65, ""sql_score"": 75, ""data_collection_score"": 88, ""data_quality_score"": 88, ""statistical_methods_score"": 80, ""communication_score"": 75}",Proficient,SYNTHETIC_PROTOTYPE
IND-OSS-1301,Statistical Analyst,Economic Statistics Division (ESD),5,72,61,55,49,38,73,64,47,6.0,289,42,16.0,Statistical Analyst,"{""statistical_analysis_score"": 85, ""data_visualization_score"": 75, ""python_score"": 75, ""sql_score"": 80, ""data_collection_score"": 60, ""data_quality_score"": 80, ""statistical_methods_score"": 80, ""communication_score"": 70}",Developing,SYNTHETIC_PROTOTYPE
IND-OSS-1302,Assistant Director (Statistics),Social Statistics Division (SSD),3,77,71,59,70,55,79,94,86,6.0,375,64,85.0,Statistical Analyst,"{""statistical_analysis_score"": 85, ""data_visualization_score"": 75, ""python_score"": 75, ""sql_score"": 80, ""data_collection_score"": 60, ""data_quality_score"": 80, ""statistical_methods_score"": 80, ""communication_score"": 70}",Developing,SYNTHETIC_PROTOTYPE
IND-OSS-1303,Junior Statistical Officer (JSO),Central Statistics Office (CSO),4,66,59,62,68,86,77,63,66,4.0,198,58,61.0,Assistant Director (Statistics),"{""statistical_analysis_score"": 90, ""data_visualization_score"": 80, ""python_score"": 70, ""sql_score"": 75, ""data_collection_score"": 75, ""data_quality_score"": 85, ""statistical_methods_score"": 90, ""communication_score"": 85}",Developing,SYNTHETIC_PROTOTYPE
IND-OSS-1304,Statistical Analyst,State Directorate of Economics and Statistics (DES),3,87,64,51,82,41,66,70,43,5.0,79,57,38.0,Assistant Director (Statistics),"{""statistical_analysis_score"": 90, ""data_visualization_score"": 80, ""python_score"": 70, ""sql_score"": 75, ""data_collection_score"": 75, ""data_quality_score"": 85, ""statistical_methods_score"": 90, ""communication_score"": 85}",Developing,SYNTHETIC_PROTOTYPE
IND-OSS-1305,Statistical Analyst,State Directorate of Economics and Statistics (DES),5,71,52,68,72,39,58,44,42,3.0,152,44,52.0,Statistical Analyst,"{""statistical_analysis_score"": 85, ""data_visualization_score"": 75, ""python_score"": 75, ""sql_score"": 80, ""data_collection_score"": 60, ""data_quality_score"": 80, ""statistical_methods_score"": 80, ""communication_score"": 70}",Developing,SYNTHETIC_PROTOTYPE
IND-OSS-1306,Data Analyst,Central Statistics Office (CSO),4,67,74,82,84,53,69,70,66,2.0,135,69,73.0,Survey Data Specialist,"{""statistical_analysis_score"": 80, ""data_visualization_score"": 70, ""python_score"": 65, ""sql_score"": 75, ""data_collection_score"": 88, ""data_quality_score"": 88, ""statistical_methods_score"": 80, ""communication_score"": 75}",Developing,SYNTHETIC_PROTOTYPE
IND-OSS-1307,Statistical Analyst,Social Statistics Division (SSD),8,63,60,52,61,39,62,45,38,8.0,254,53,27.0,Data Analyst,"{""statistical_analysis_score"": 75, ""data_visualization_score"": 85, ""python_score"": 85, ""sql_score"": 85, ""data_collection_score"": 60, ""data_quality_score"": 80, ""statistical_methods_score"": 70, ""communication_score"": 75}",Developing,SYNTHETIC_PROTOTYPE
IND-OSS-1308,Data Analyst,Central Statistics Office (CSO),7,94,94,95,99,70,81,64,75,7.0,318,83,44.0,Senior Statistical Officer (SSO),"{""statistical_analysis_score"": 85, ""data_visualization_score"": 75, ""python_score"": 70, ""sql_score"": 75, ""data_collection_score"": 85, ""data_quality_score"": 90, ""statistical_methods_score"": 85, ""communication_score"": 80}",Proficient,SYNTHETIC_PROTOTYPE
IND-OSS-1309,Assistant Director (Statistics),National Sample Survey Office (NSSO),6,82,86,56,64,81,86,99,82,3.0,51,83,30.0,Field Operations Officer (NSSO),"{""statistical_analysis_score"": 65, ""data_visualization_score"": 55, ""python_score"": 45, ""sql_score"": 50, ""data_collection_score"": 92, ""data_quality_score"": 85, ""statistical_methods_score"": 70, ""communication_score"": 85}",Proficient,SYNTHETIC_PROTOTYPE
IND-OSS-1310,Data Analyst,Economic Statistics Division (ESD),4,66,73,70,74,52,63,60,70,3.0,59,62,22.0,Assistant Director (Statistics),"{""statistical_analysis_score"": 90, ""data_visualization_score"": 80, ""python_score"": 70, ""sql_score"": 75, ""data_collection_score"": 75, ""data_quality_score"": 85, ""statistical_methods_score"": 90, ""communication_score"": 85}",Developing,SYNTHETIC_PROTOTYPE
IND-OSS-1311,Junior Statistical Officer (JSO),State Directorate of Economics and Statistics (DES),11,66,53,44,69,79,76,59,65,8.0,137,70,42.0,Junior Statistical Officer (JSO),"{""statistical_analysis_score"": 70, ""data_visualization_score"": 65, ""python_score"": 60, ""sql_score"": 65, ""data_collection_score"": 85, ""data_quality_score"": 80, ""statistical_methods_score"": 75, ""communication_score"": 70}",Developing,SYNTHETIC_PROTOTYPE
IND-OSS-1312,Data Analyst,Social Statistics Division (SSD),8,75,81,81,90,60,80,71,69,6.0,271,71,66.0,Field Operations Officer (NSSO),"{""statistical_analysis_score"": 65, ""data_visualization_score"": 55, ""python_score"": 45, ""sql_score"": 50, ""data_collection_score"": 92, ""data_quality_score"": 85, ""statistical_methods_score"": 70, ""communication_score"": 85}",Proficient,SYNTHETIC_PROTOTYPE
IND-OSS-1313,Assistant Director (Statistics),Data Quality Assurance Division (DQAD),5,99,66,67,74,61,81,82,90,5.0,243,60,6.0,Statistical Analyst,"{""statistical_analysis_score"": 85, ""data_visualization_score"": 75, ""python_score"": 75, ""sql_score"": 80, ""data_collection_score"": 60, ""data_quality_score"": 80, ""statistical_methods_score"": 80, ""communication_score"": 70}",Developing,SYNTHETIC_PROTOTYPE
IND-OSS-1314,Survey Data Specialist,State Directorate of Economics and Statistics (DES),1,50,50,40,50,56,60,53,48,6.0,195,44,60.0,Data Analyst,"{""statistical_analysis_score"": 75, ""data_visualization_score"": 85, ""python_score"": 85, ""sql_score"": 85, ""data_collection_score"": 60, ""data_quality_score"": 80, ""statistical_methods_score"": 70, ""communication_score"": 75}",Beginner,SYNTHETIC_PROTOTYPE
IND-OSS-1315,Junior Statistical Officer (JSO),National Sample Survey Office (NSSO),6,63,47,60,62,78,87,84,72,4.0,75,63,65.0,Field Operations Officer (NSSO),"{""statistical_analysis_score"": 65, ""data_visualization_score"": 55, ""python_score"": 45, ""sql_score"": 50, ""data_collection_score"": 92, ""data_quality_score"": 85, ""statistical_methods_score"": 70, ""communication_score"": 85}",Developing,SYNTHETIC_PROTOTYPE
IND-OSS-1316,Statistical Analyst,National Statistical Systems Training Academy (NSSTA),2,84,64,77,80,69,78,81,53,2.0,109,68,44.0,Field Operations Officer (NSSO),"{""statistical_analysis_score"": 65, ""data_visualization_score"": 55, ""python_score"": 45, ""sql_score"": 50, ""data_collection_score"": 92, ""data_quality_score"": 85, ""statistical_methods_score"": 70, ""communication_score"": 85}",Developing,SYNTHETIC_PROTOTYPE
IND-OSS-1317,Assistant Director (Statistics),Economic Statistics Division (ESD),3,94,79,62,69,70,81,91,89,4.0,62,72,23.0,Senior Statistical Officer (SSO),"{""statistical_analysis_score"": 85, ""data_visualization_score"": 75, ""python_score"": 70, ""sql_score"": 75, ""data_collection_score"": 85, ""data_quality_score"": 90, ""statistical_methods_score"": 85, ""communication_score"": 80}",Proficient,SYNTHETIC_PROTOTYPE
IND-OSS-1318,Assistant Director (Statistics),Central Statistics Office (CSO),7,78,63,46,53,66,74,64,75,8.0,169,60,26.0,Statistical Analyst,"{""statistical_analysis_score"": 85, ""data_visualization_score"": 75, ""python_score"": 75, ""sql_score"": 80, ""data_collection_score"": 60, ""data_quality_score"": 80, ""statistical_methods_score"": 80, ""communication_score"": 70}",Developing,SYNTHETIC_PROTOTYPE
IND-OSS-1319,Field Operations Officer (NSSO),Data Quality Assurance Division (DQAD),12,79,53,60,69,99,99,88,99,10.0,464,80,56.0,Survey Data Specialist,"{""statistical_analysis_score"": 80, ""data_visualization_score"": 70, ""python_score"": 65, ""sql_score"": 75, ""data_collection_score"": 88, ""data_quality_score"": 88, ""statistical_methods_score"": 80, ""communication_score"": 75}",Proficient,SYNTHETIC_PROTOTYPE
IND-OSS-1320,Assistant Director (Statistics),Central Statistics Office (CSO),6,83,55,52,52,61,70,77,69,8.0,173,54,61.0,Statistical Analyst,"{""statistical_analysis_score"": 85, ""data_visualization_score"": 75, ""python_score"": 75, ""sql_score"": 80, ""data_collection_score"": 60, ""data_quality_score"": 80, ""statistical_methods_score"": 80, ""communication_score"": 70}",Developing,SYNTHETIC_PROTOTYPE
IND-OSS-1321,Assistant Director (Statistics),State Directorate of Economics and Statistics (DES),4,65,73,55,61,72,77,79,71,7.0,149,64,32.0,Junior Statistical Officer (JSO),"{""statistical_analysis_score"": 70, ""data_visualization_score"": 65, ""python_score"": 60, ""sql_score"": 65, ""data_collection_score"": 85, ""data_quality_score"": 80, ""statistical_methods_score"": 75, ""communication_score"": 70}",Developing,SYNTHETIC_PROTOTYPE
IND-OSS-1322,Survey Data Specialist,Data Quality Assurance Division (DQAD),2,60,43,57,62,76,74,67,72,1.0,55,61,43.0,Field Operations Officer (NSSO),"{""statistical_analysis_score"": 65, ""data_visualization_score"": 55, ""python_score"": 45, ""sql_score"": 50, ""data_collection_score"": 92, ""data_quality_score"": 85, ""statistical_methods_score"": 70, ""communication_score"": 85}",Developing,SYNTHETIC_PROTOTYPE
IND-OSS-1323,Survey Data Specialist,National Sample Survey Office (NSSO),7,39,49,40,54,65,66,66,52,9.0,191,55,58.0,Survey Data Specialist,"{""statistical_analysis_score"": 80, ""data_visualization_score"": 70, ""python_score"": 65, ""sql_score"": 75, ""data_collection_score"": 88, ""data_quality_score"": 88, ""statistical_methods_score"": 80, ""communication_score"": 75}",Developing,SYNTHETIC_PROTOTYPE
IND-OSS-1324,Field Operations Officer (NSSO),State Directorate of Economics and Statistics (DES),4,40,38,21,31,72,54,47,51,2.0,58,44,71.0,Statistical Analyst,"{""statistical_analysis_score"": 85, ""data_visualization_score"": 75, ""python_score"": 75, ""sql_score"": 80, ""data_collection_score"": 60, ""data_quality_score"": 80, ""statistical_methods_score"": 80, ""communication_score"": 70}",Beginner,SYNTHETIC_PROTOTYPE
IND-OSS-1325,Junior Statistical Officer (JSO),Social Statistics Division (SSD),2,48,40,36,58,59,77,58,50,4.0,60,53,86.0,Senior Statistical Officer (SSO),"{""statistical_analysis_score"": 85, ""data_visualization_score"": 75, ""python_score"": 70, ""sql_score"": 75, ""data_collection_score"": 85, ""data_quality_score"": 90, ""statistical_methods_score"": 85, ""communication_score"": 80}",Beginner,SYNTHETIC_PROTOTYPE
IND-OSS-1326,Assistant Director (Statistics),National Statistical Systems Training Academy (NSSTA),5,82,57,62,59,61,79,80,73,6.0,106,60,18.0,Statistical Analyst,"{""statistical_analysis_score"": 85, ""data_visualization_score"": 75, ""python_score"": 75, ""sql_score"": 80, ""data_collection_score"": 60, ""data_quality_score"": 80, ""statistical_methods_score"": 80, ""communication_score"": 70}",Developing,SYNTHETIC_PROTOTYPE
IND-OSS-1327,Field Operations Officer (NSSO),Data Quality Assurance Division (DQAD),3,54,40,33,41,76,64,72,70,3.0,104,52,53.0,Junior Statistical Officer (JSO),"{""statistical_analysis_score"": 70, ""data_visualization_score"": 65, ""python_score"": 60, ""sql_score"": 65, ""data_collection_score"": 85, ""data_quality_score"": 80, ""statistical_methods_score"": 75, ""communication_score"": 70}",Developing,SYNTHETIC_PROTOTYPE
IND-OSS-1328,Statistical Analyst,State Directorate of Economics and Statistics (DES),3,95,70,86,76,61,79,74,64,2.0,133,75,63.0,Senior Statistical Officer (SSO),"{""statistical_analysis_score"": 85, ""data_visualization_score"": 75, ""python_score"": 70, ""sql_score"": 75, ""data_collection_score"": 85, ""data_quality_score"": 90, ""statistical_methods_score"": 85, ""communication_score"": 80}",Proficient,SYNTHETIC_PROTOTYPE
IND-OSS-1329,Survey Data Specialist,Economic Statistics Division (ESD),5,58,56,40,62,64,61,56,43,1.0,62,39,57.0,Statistical Analyst,"{""statistical_analysis_score"": 85, ""data_visualization_score"": 75, ""python_score"": 75, ""sql_score"": 80, ""data_collection_score"": 60, ""data_quality_score"": 80, ""statistical_methods_score"": 80, ""communication_score"": 70}",Beginner,SYNTHETIC_PROTOTYPE
IND-OSS-1330,Senior Statistical Officer (SSO),National Statistical Systems Training Academy (NSSTA),3,93,75,77,75,87,99,95,88,4.0,195,76,11.0,Assistant Director (Statistics),"{""statistical_analysis_score"": 90, ""data_visualization_score"": 80, ""python_score"": 70, ""sql_score"": 75, ""data_collection_score"": 75, ""data_quality_score"": 85, ""statistical_methods_score"": 90, ""communication_score"": 85}",Proficient,SYNTHETIC_PROTOTYPE
IND-OSS-1331,Survey Data Specialist,Economic Statistics Division (ESD),1,65,63,61,80,77,79,67,67,2.0,126,57,48.0,Assistant Director (Statistics),"{""statistical_analysis_score"": 90, ""data_visualization_score"": 80, ""python_score"": 70, ""sql_score"": 75, ""data_collection_score"": 75, ""data_quality_score"": 85, ""statistical_methods_score"": 90, ""communication_score"": 85}",Developing,SYNTHETIC_PROTOTYPE
IND-OSS-1332,Data Analyst,Economic Statistics Division (ESD),1,48,57,61,59,30,55,41,73,0.0,13,48,18.0,Data Analyst,"{""statistical_analysis_score"": 75, ""data_visualization_score"": 85, ""python_score"": 85, ""sql_score"": 85, ""data_collection_score"": 60, ""data_quality_score"": 80, ""statistical_methods_score"": 70, ""communication_score"": 75}",Beginner,SYNTHETIC_PROTOTYPE
IND-OSS-1333,Assistant Director (Statistics),Social Statistics Division (SSD),10,94,88,53,63,81,80,82,73,9.0,406,67,62.0,Assistant Director (Statistics),"{""statistical_analysis_score"": 90, ""data_visualization_score"": 80, ""python_score"": 70, ""sql_score"": 75, ""data_collection_score"": 75, ""data_quality_score"": 85, ""statistical_methods_score"": 90, ""communication_score"": 85}",Proficient,SYNTHETIC_PROTOTYPE
IND-OSS-1334,Junior Statistical Officer (JSO),Social Statistics Division (SSD),3,43,55,44,46,72,67,70,58,2.0,41,52,31.0,Survey Data Specialist,"{""statistical_analysis_score"": 80, ""data_visualization_score"": 70, ""python_score"": 65, ""sql_score"": 75, ""data_collection_score"": 88, ""data_quality_score"": 88, ""statistical_methods_score"": 80, ""communication_score"": 75}",Developing,SYNTHETIC_PROTOTYPE
IND-OSS-1335,Field Operations Officer (NSSO),State Directorate of Economics and Statistics (DES),8,69,64,42,44,96,80,60,78,5.0,239,64,76.0,Senior Statistical Officer (SSO),"{""statistical_analysis_score"": 85, ""data_visualization_score"": 75, ""python_score"": 70, ""sql_score"": 75, ""data_collection_score"": 85, ""data_quality_score"": 90, ""statistical_methods_score"": 85, ""communication_score"": 80}",Developing,SYNTHETIC_PROTOTYPE
IND-OSS-1336,Senior Statistical Officer (SSO),Economic Statistics Division (ESD),1,80,62,64,68,76,78,72,63,1.0,38,67,50.0,Survey Data Specialist,"{""statistical_analysis_score"": 80, ""data_visualization_score"": 70, ""python_score"": 65, ""sql_score"": 75, ""data_collection_score"": 88, ""data_quality_score"": 88, ""statistical_methods_score"": 80, ""communication_score"": 75}",Developing,SYNTHETIC_PROTOTYPE
IND-OSS-1337,Assistant Director (Statistics),Social Statistics Division (SSD),12,99,87,99,87,89,99,99,96,8.0,170,94,8.0,Junior Statistical Officer (JSO),"{""statistical_analysis_score"": 70, ""data_visualization_score"": 65, ""python_score"": 60, ""sql_score"": 65, ""data_collection_score"": 85, ""data_quality_score"": 80, ""statistical_methods_score"": 75, ""communication_score"": 70}",Advanced,SYNTHETIC_PROTOTYPE
IND-OSS-1338,Junior Statistical Officer (JSO),State Directorate of Economics and Statistics (DES),5,92,85,87,84,94,99,83,83,3.0,60,84,48.0,Data Analyst,"{""statistical_analysis_score"": 75, ""data_visualization_score"": 85, ""python_score"": 85, ""sql_score"": 85, ""data_collection_score"": 60, ""data_quality_score"": 80, ""statistical_methods_score"": 70, ""communication_score"": 75}",Proficient,SYNTHETIC_PROTOTYPE
IND-OSS-1339,Survey Data Specialist,National Sample Survey Office (NSSO),8,62,46,49,53,51,72,42,38,9.0,557,43,81.0,Junior Statistical Officer (JSO),"{""statistical_analysis_score"": 70, ""data_visualization_score"": 65, ""python_score"": 60, ""sql_score"": 65, ""data_collection_score"": 85, ""data_quality_score"": 80, ""statistical_methods_score"": 75, ""communication_score"": 70}",Beginner,SYNTHETIC_PROTOTYPE
IND-OSS-1340,Senior Statistical Officer (SSO),Central Statistics Office (CSO),7,78,76,61,65,81,82,74,75,8.0,491,70,53.0,Survey Data Specialist,"{""statistical_analysis_score"": 80, ""data_visualization_score"": 70, ""python_score"": 65, ""sql_score"": 75, ""data_collection_score"": 88, ""data_quality_score"": 88, ""statistical_methods_score"": 80, ""communication_score"": 75}",Proficient,SYNTHETIC_PROTOTYPE
IND-OSS-1341,Senior Statistical Officer (SSO),Social Statistics Division (SSD),8,85,63,81,72,82,90,89,82,8.0,243,74,76.0,Field Operations Officer (NSSO),"{""statistical_analysis_score"": 65, ""data_visualization_score"": 55, ""python_score"": 45, ""sql_score"": 50, ""data_collection_score"": 92, ""data_quality_score"": 85, ""statistical_methods_score"": 70, ""communication_score"": 85}",Proficient,SYNTHETIC_PROTOTYPE
IND-OSS-1342,Assistant Director (Statistics),Economic Statistics Division (ESD),4,84,52,54,66,64,77,89,81,7.0,229,58,86.0,Junior Statistical Officer (JSO),"{""statistical_analysis_score"": 70, ""data_visualization_score"": 65, ""python_score"": 60, ""sql_score"": 65, ""data_collection_score"": 85, ""data_quality_score"": 80, ""statistical_methods_score"": 75, ""communication_score"": 70}",Developing,SYNTHETIC_PROTOTYPE
IND-OSS-1343,Statistical Analyst,Economic Statistics Division (ESD),7,68,47,51,51,49,58,45,55,7.0,325,43,55.0,Survey Data Specialist,"{""statistical_analysis_score"": 80, ""data_visualization_score"": 70, ""python_score"": 65, ""sql_score"": 75, ""data_collection_score"": 88, ""data_quality_score"": 88, ""statistical_methods_score"": 80, ""communication_score"": 75}",Beginner,SYNTHETIC_PROTOTYPE
IND-OSS-1344,Junior Statistical Officer (JSO),Central Statistics Office (CSO),1,38,25,32,23,61,50,43,39,3.0,105,38,47.0,Senior Statistical Officer (SSO),"{""statistical_analysis_score"": 85, ""data_visualization_score"": 75, ""python_score"": 70, ""sql_score"": 75, ""data_collection_score"": 85, ""data_quality_score"": 90, ""statistical_methods_score"": 85, ""communication_score"": 80}",Beginner,SYNTHETIC_PROTOTYPE
IND-OSS-1345,Data Analyst,National Statistical Systems Training Academy (NSSTA),6,63,73,69,69,43,58,52,57,7.0,212,61,56.0,Survey Data Specialist,"{""statistical_analysis_score"": 80, ""data_visualization_score"": 70, ""python_score"": 65, ""sql_score"": 75, ""data_collection_score"": 88, ""data_quality_score"": 88, ""statistical_methods_score"": 80, ""communication_score"": 75}",Developing,SYNTHETIC_PROTOTYPE
IND-OSS-1346,Junior Statistical Officer (JSO),National Statistical Systems Training Academy (NSSTA),3,68,64,52,51,85,84,71,78,,70,60,77.0,Junior Statistical Officer (JSO),"{""statistical_analysis_score"": 70, ""data_visualization_score"": 65, ""python_score"": 60, ""sql_score"": 65, ""data_collection_score"": 85, ""data_quality_score"": 80, ""statistical_methods_score"": 75, ""communication_score"": 70}",Developing,SYNTHETIC_PROTOTYPE
IND-OSS-1347,Field Operations Officer (NSSO),Data Quality Assurance Division (DQAD),4,45,43,31,27,75,67,67,74,6.0,187,50,16.0,Junior Statistical Officer (JSO),"{""statistical_analysis_score"": 70, ""data_visualization_score"": 65, ""python_score"": 60, ""sql_score"": 65, ""data_collection_score"": 85, ""data_quality_score"": 80, ""statistical_methods_score"": 75, ""communication_score"": 70}",Developing,SYNTHETIC_PROTOTYPE
IND-OSS-1348,Field Operations Officer (NSSO),National Sample Survey Office (NSSO),12,40,34,22,34,60,59,63,61,8.0,365,52,34.0,Field Operations Officer (NSSO),"{""statistical_analysis_score"": 65, ""data_visualization_score"": 55, ""python_score"": 45, ""sql_score"": 50, ""data_collection_score"": 92, ""data_quality_score"": 85, ""statistical_methods_score"": 70, ""communication_score"": 85}",Developing,SYNTHETIC_PROTOTYPE
IND-OSS-1349,Data Analyst,National Sample Survey Office (NSSO),11,97,99,98,99,62,99,91,98,3.0,52,84,92.0,Data Analyst,"{""statistical_analysis_score"": 75, ""data_visualization_score"": 85, ""python_score"": 85, ""sql_score"": 85, ""data_collection_score"": 60, ""data_quality_score"": 80, ""statistical_methods_score"": 70, ""communication_score"": 75}",Advanced,SYNTHETIC_PROTOTYPE
IND-OSS-1350,Assistant Director (Statistics),Economic Statistics Division (ESD),3,89,77,86,64,68,83,99,83,3.0,55,76,25.0,Senior Statistical Officer (SSO),"{""statistical_analysis_score"": 85, ""data_visualization_score"": 75, ""python_score"": 70, ""sql_score"": 75, ""data_collection_score"": 85, ""data_quality_score"": 90, ""statistical_methods_score"": 85, ""communication_score"": 80}",Proficient,SYNTHETIC_PROTOTYPE
IND-OSS-1351,Field Operations Officer (NSSO),State Directorate of Economics and Statistics (DES),6,49,23,20,32,58,56,52,62,6.0,368,41,52.0,Data Analyst,"{""statistical_analysis_score"": 75, ""data_visualization_score"": 85, ""python_score"": 85, ""sql_score"": 85, ""data_collection_score"": 60, ""data_quality_score"": 80, ""statistical_methods_score"": 70, ""communication_score"": 75}",Beginner,SYNTHETIC_PROTOTYPE
IND-OSS-1352,Assistant Director (Statistics),Economic Statistics Division (ESD),16,74,93,64,69,70,85,83,81,13.0,601,64,40.0,Assistant Director (Statistics),"{""statistical_analysis_score"": 90, ""data_visualization_score"": 80, ""python_score"": 70, ""sql_score"": 75, ""data_collection_score"": 75, ""data_quality_score"": 85, ""statistical_methods_score"": 90, ""communication_score"": 85}",Proficient,SYNTHETIC_PROTOTYPE
IND-OSS-1353,Assistant Director (Statistics),Economic Statistics Division (ESD),7,94,78,70,80,68,94,95,99,5.0,116,68,39.0,Senior Statistical Officer (SSO),"{""statistical_analysis_score"": 85, ""data_visualization_score"": 75, ""python_score"": 70, ""sql_score"": 75, ""data_collection_score"": 85, ""data_quality_score"": 90, ""statistical_methods_score"": 85, ""communication_score"": 80}",Proficient,SYNTHETIC_PROTOTYPE
IND-OSS-1354,Survey Data Specialist,National Sample Survey Office (NSSO),1,62,45,45,45,73,81,80,56,4.0,195,61,74.0,Statistical Analyst,"{""statistical_analysis_score"": 85, ""data_visualization_score"": 75, ""python_score"": 75, ""sql_score"": 80, ""data_collection_score"": 60, ""data_quality_score"": 80, ""statistical_methods_score"": 80, ""communication_score"": 70}",Developing,SYNTHETIC_PROTOTYPE
IND-OSS-1355,Junior Statistical Officer (JSO),Central Statistics Office (CSO),2,76,57,53,68,82,76,71,53,0.0,17,55,46.0,Senior Statistical Officer (SSO),"{""statistical_analysis_score"": 85, ""data_visualization_score"": 75, ""python_score"": 70, ""sql_score"": 75, ""data_collection_score"": 85, ""data_quality_score"": 90, ""statistical_methods_score"": 85, ""communication_score"": 80}",Developing,SYNTHETIC_PROTOTYPE
IND-OSS-1356,Assistant Director (Statistics),Central Statistics Office (CSO),6,62,64,57,66,49,76,71,67,10.0,309,65,79.0,Junior Statistical Officer (JSO),"{""statistical_analysis_score"": 70, ""data_visualization_score"": 65, ""python_score"": 60, ""sql_score"": 65, ""data_collection_score"": 85, ""data_quality_score"": 80, ""statistical_methods_score"": 75, ""communication_score"": 70}",Developing,SYNTHETIC_PROTOTYPE
IND-OSS-1357,Assistant Director (Statistics),Social Statistics Division (SSD),6,66,68,55,55,55,72,80,71,2.0,64,58,48.0,Junior Statistical Officer (JSO),"{""statistical_analysis_score"": 70, ""data_visualization_score"": 65, ""python_score"": 60, ""sql_score"": 65, ""data_collection_score"": 85, ""data_quality_score"": 80, ""statistical_methods_score"": 75, ""communication_score"": 70}",Developing,SYNTHETIC_PROTOTYPE
IND-OSS-1358,Senior Statistical Officer (SSO),Social Statistics Division (SSD),3,58,58,49,50,70,65,49,68,3.0,63,50,59.0,Field Operations Officer (NSSO),"{""statistical_analysis_score"": 65, ""data_visualization_score"": 55, ""python_score"": 45, ""sql_score"": 50, ""data_collection_score"": 92, ""data_quality_score"": 85, ""statistical_methods_score"": 70, ""communication_score"": 85}",Developing,SYNTHETIC_PROTOTYPE
IND-OSS-1359,Junior Statistical Officer (JSO),Economic Statistics Division (ESD),9,53,45,35,33,62,73,62,53,11.0,223,57,52.0,Assistant Director (Statistics),"{""statistical_analysis_score"": 90, ""data_visualization_score"": 80, ""python_score"": 70, ""sql_score"": 75, ""data_collection_score"": 75, ""data_quality_score"": 85, ""statistical_methods_score"": 90, ""communication_score"": 85}",Developing,SYNTHETIC_PROTOTYPE
IND-OSS-1360,Field Operations Officer (NSSO),National Statistical Systems Training Academy (NSSTA),3,37,26,25,25,74,52,41,64,3.0,69,50,71.0,Junior Statistical Officer (JSO),"{""statistical_analysis_score"": 70, ""data_visualization_score"": 65, ""python_score"": 60, ""sql_score"": 65, ""data_collection_score"": 85, ""data_quality_score"": 80, ""statistical_methods_score"": 75, ""communication_score"": 70}",Beginner,SYNTHETIC_PROTOTYPE
IND-OSS-1361,Assistant Director (Statistics),Economic Statistics Division (ESD),11,82,82,78,84,79,85,95,92,11.0,667,80,60.0,Junior Statistical Officer (JSO),"{""statistical_analysis_score"": 70, ""data_visualization_score"": 65, ""python_score"": 60, ""sql_score"": 65, ""data_collection_score"": 85, ""data_quality_score"": 80, ""statistical_methods_score"": 75, ""communication_score"": 70}",Proficient,SYNTHETIC_PROTOTYPE
IND-OSS-1362,Junior Statistical Officer (JSO),National Statistical Systems Training Academy (NSSTA),9,59,57,49,42,77,69,60,69,6.0,374,60,60.0,Data Analyst,"{""statistical_analysis_score"": 75, ""data_visualization_score"": 85, ""python_score"": 85, ""sql_score"": 85, ""data_collection_score"": 60, ""data_quality_score"": 80, ""statistical_methods_score"": 70, ""communication_score"": 75}",Developing,SYNTHETIC_PROTOTYPE
IND-OSS-1363,Statistical Analyst,Data Quality Assurance Division (DQAD),10,73,51,56,73,37,74,60,45,6.0,103,56,85.0,Data Analyst,"{""statistical_analysis_score"": 75, ""data_visualization_score"": 85, ""python_score"": 85, ""sql_score"": 85, ""data_collection_score"": 60, ""data_quality_score"": 80, ""statistical_methods_score"": 70, ""communication_score"": 75}",Developing,SYNTHETIC_PROTOTYPE
IND-OSS-1364,Junior Statistical Officer (JSO),National Sample Survey Office (NSSO),2,59,58,44,61,56,71,55,65,4.0,196,56,32.0,Assistant Director (Statistics),"{""statistical_analysis_score"": 90, ""data_visualization_score"": 80, ""python_score"": 70, ""sql_score"": 75, ""data_collection_score"": 75, ""data_quality_score"": 85, ""statistical_methods_score"": 90, ""communication_score"": 85}",Developing,SYNTHETIC_PROTOTYPE
IND-OSS-1365,Field Operations Officer (NSSO),State Directorate of Economics and Statistics (DES),2,71,64,52,60,99,98,79,86,2.0,97,66,32.0,Assistant Director (Statistics),"{""statistical_analysis_score"": 90, ""data_visualization_score"": 80, ""python_score"": 70, ""sql_score"": 75, ""data_collection_score"": 75, ""data_quality_score"": 85, ""statistical_methods_score"": 90, ""communication_score"": 85}",Developing,SYNTHETIC_PROTOTYPE
IND-OSS-1366,Data Analyst,Central Statistics Office (CSO),3,80,87,70,83,61,81,57,65,2.0,91,73,74.0,Data Analyst,"{""statistical_analysis_score"": 75, ""data_visualization_score"": 85, ""python_score"": 85, ""sql_score"": 85, ""data_collection_score"": 60, ""data_quality_score"": 80, ""statistical_methods_score"": 70, ""communication_score"": 75}",Developing,SYNTHETIC_PROTOTYPE
IND-OSS-1367,Assistant Director (Statistics),Economic Statistics Division (ESD),6,68,45,48,44,42,55,73,56,10.0,457,48,57.0,Junior Statistical Officer (JSO),"{""statistical_analysis_score"": 70, ""data_visualization_score"": 65, ""python_score"": 60, ""sql_score"": 65, ""data_collection_score"": 85, ""data_quality_score"": 80, ""statistical_methods_score"": 75, ""communication_score"": 70}",Developing,SYNTHETIC_PROTOTYPE
IND-OSS-1368,Assistant Director (Statistics),Social Statistics Division (SSD),5,89,71,81,71,71,88,99,88,6.0,124,80,38.0,Survey Data Specialist,"{""statistical_analysis_score"": 80, ""data_visualization_score"": 70, ""python_score"": 65, ""sql_score"": 75, ""data_collection_score"": 88, ""data_quality_score"": 88, ""statistical_methods_score"": 80, ""communication_score"": 75}",Proficient,SYNTHETIC_PROTOTYPE
IND-OSS-1369,Field Operations Officer (NSSO),Social Statistics Division (SSD),11,35,36,32,27,87,50,52,70,7.0,224,43,64.0,Junior Statistical Officer (JSO),"{""statistical_analysis_score"": 70, ""data_visualization_score"": 65, ""python_score"": 60, ""sql_score"": 65, ""data_collection_score"": 85, ""data_quality_score"": 80, ""statistical_methods_score"": 75, ""communication_score"": 70}",Developing,SYNTHETIC_PROTOTYPE
IND-OSS-1370,Statistical Analyst,State Directorate of Economics and Statistics (DES),10,81,71,66,75,63,76,70,59,7.0,432,62,57.0,Data Analyst,"{""statistical_analysis_score"": 75, ""data_visualization_score"": 85, ""python_score"": 85, ""sql_score"": 85, ""data_collection_score"": 60, ""data_quality_score"": 80, ""statistical_methods_score"": 70, ""communication_score"": 75}",Developing,SYNTHETIC_PROTOTYPE
IND-OSS-1371,Junior Statistical Officer (JSO),Central Statistics Office (CSO),7,44,36,38,52,71,41,54,43,6.0,137,42,39.0,Junior Statistical Officer (JSO),"{""statistical_analysis_score"": 70, ""data_visualization_score"": 65, ""python_score"": 60, ""sql_score"": 65, ""data_collection_score"": 85, ""data_quality_score"": 80, ""statistical_methods_score"": 75, ""communication_score"": 70}",Beginner,SYNTHETIC_PROTOTYPE
IND-OSS-1372,Data Analyst,National Statistical Systems Training Academy (NSSTA),7,51,69,64,71,36,51,64,42,10.0,214,50,39.0,Statistical Analyst,"{""statistical_analysis_score"": 85, ""data_visualization_score"": 75, ""python_score"": 75, ""sql_score"": 80, ""data_collection_score"": 60, ""data_quality_score"": 80, ""statistical_methods_score"": 80, ""communication_score"": 70}",Developing,SYNTHETIC_PROTOTYPE
IND-OSS-1373,Assistant Director (Statistics),Social Statistics Division (SSD),2,83,68,82,61,69,84,92,75,4.0,132,74,51.0,Data Analyst,"{""statistical_analysis_score"": 75, ""data_visualization_score"": 85, ""python_score"": 85, ""sql_score"": 85, ""data_collection_score"": 60, ""data_quality_score"": 80, ""statistical_methods_score"": 70, ""communication_score"": 75}",Developing,SYNTHETIC_PROTOTYPE
IND-OSS-1374,Junior Statistical Officer (JSO),National Sample Survey Office (NSSO),13,62,74,68,53,85,96,70,76,13.0,213,61,16.0,Statistical Analyst,"{""statistical_analysis_score"": 85, ""data_visualization_score"": 75, ""python_score"": 75, ""sql_score"": 80, ""data_collection_score"": 60, ""data_quality_score"": 80, ""statistical_methods_score"": 80, ""communication_score"": 70}",Proficient,SYNTHETIC_PROTOTYPE
IND-OSS-1375,Field Operations Officer (NSSO),National Statistical Systems Training Academy (NSSTA),3,49,44,33,29,66,67,62,76,6.0,285,55,75.0,Assistant Director (Statistics),"{""statistical_analysis_score"": 90, ""data_visualization_score"": 80, ""python_score"": 70, ""sql_score"": 75, ""data_collection_score"": 75, ""data_quality_score"": 85, ""statistical_methods_score"": 90, ""communication_score"": 85}",Developing,SYNTHETIC_PROTOTYPE
IND-OSS-1376,Data Analyst,Data Quality Assurance Division (DQAD),5,52,51,53,49,26,49,24,36,9.0,146,36,13.0,Survey Data Specialist,"{""statistical_analysis_score"": 80, ""data_visualization_score"": 70, ""python_score"": 65, ""sql_score"": 75, ""data_collection_score"": 88, ""data_quality_score"": 88, ""statistical_methods_score"": 80, ""communication_score"": 75}",Beginner,SYNTHETIC_PROTOTYPE
IND-OSS-1377,Survey Data Specialist,Economic Statistics Division (ESD),5,69,62,59,40,72,69,70,59,7.0,327,61,60.0,Statistical Analyst,"{""statistical_analysis_score"": 85, ""data_visualization_score"": 75, ""python_score"": 75, ""sql_score"": 80, ""data_collection_score"": 60, ""data_quality_score"": 80, ""statistical_methods_score"": 80, ""communication_score"": 70}",Developing,SYNTHETIC_PROTOTYPE
IND-OSS-1378,Survey Data Specialist,National Sample Survey Office (NSSO),3,94,73,64,82,94,87,80,71,2.0,101,75,50.0,Field Operations Officer (NSSO),"{""statistical_analysis_score"": 65, ""data_visualization_score"": 55, ""python_score"": 45, ""sql_score"": 50, ""data_collection_score"": 92, ""data_quality_score"": 85, ""statistical_methods_score"": 70, ""communication_score"": 85}",Proficient,SYNTHETIC_PROTOTYPE
IND-OSS-1379,Junior Statistical Officer (JSO),Economic Statistics Division (ESD),2,67,64,49,66,82,64,65,63,1.0,43,65,14.0,Senior Statistical Officer (SSO),"{""statistical_analysis_score"": 85, ""data_visualization_score"": 75, ""python_score"": 70, ""sql_score"": 75, ""data_collection_score"": 85, ""data_quality_score"": 90, ""statistical_methods_score"": 85, ""communication_score"": 80}",Developing,SYNTHETIC_PROTOTYPE
IND-OSS-1380,Senior Statistical Officer (SSO),National Statistical Systems Training Academy (NSSTA),12,81,62,65,71,75,87,75,85,12.0,252,71,65.0,Data Analyst,"{""statistical_analysis_score"": 75, ""data_visualization_score"": 85, ""python_score"": 85, ""sql_score"": 85, ""data_collection_score"": 60, ""data_quality_score"": 80, ""statistical_methods_score"": 70, ""communication_score"": 75}",Proficient,SYNTHETIC_PROTOTYPE
IND-OSS-1381,Statistical Analyst,National Statistical Systems Training Academy (NSSTA),8,82,82,72,82,59,79,77,79,9.0,419,70,20.0,Survey Data Specialist,"{""statistical_analysis_score"": 80, ""data_visualization_score"": 70, ""python_score"": 65, ""sql_score"": 75, ""data_collection_score"": 88, ""data_quality_score"": 88, ""statistical_methods_score"": 80, ""communication_score"": 75}",Proficient,SYNTHETIC_PROTOTYPE
IND-OSS-1382,Senior Statistical Officer (SSO),National Sample Survey Office (NSSO),5,80,69,60,57,83,63,59,63,5.0,242,75,38.0,Survey Data Specialist,"{""statistical_analysis_score"": 80, ""data_visualization_score"": 70, ""python_score"": 65, ""sql_score"": 75, ""data_collection_score"": 88, ""data_quality_score"": 88, ""statistical_methods_score"": 80, ""communication_score"": 75}",Developing,SYNTHETIC_PROTOTYPE
IND-OSS-1383,Statistical Analyst,Economic Statistics Division (ESD),3,71,71,62,67,52,72,71,68,0.0,19,63,22.0,Senior Statistical Officer (SSO),"{""statistical_analysis_score"": 85, ""data_visualization_score"": 75, ""python_score"": 70, ""sql_score"": 75, ""data_collection_score"": 85, ""data_quality_score"": 90, ""statistical_methods_score"": 85, ""communication_score"": 80}",Developing,SYNTHETIC_PROTOTYPE
IND-OSS-1384,Statistical Analyst,Social Statistics Division (SSD),11,78,85,75,73,61,78,65,73,13.0,792,65,63.0,Assistant Director (Statistics),"{""statistical_analysis_score"": 90, ""data_visualization_score"": 80, ""python_score"": 70, ""sql_score"": 75, ""data_collection_score"": 75, ""data_quality_score"": 85, ""statistical_methods_score"": 90, ""communication_score"": 85}",Proficient,SYNTHETIC_PROTOTYPE
IND-OSS-1385,Assistant Director (Statistics),National Sample Survey Office (NSSO),2,82,71,59,63,83,81,84,77,5.0,169,69,18.0,Data Analyst,"{""statistical_analysis_score"": 75, ""data_visualization_score"": 85, ""python_score"": 85, ""sql_score"": 85, ""data_collection_score"": 60, ""data_quality_score"": 80, ""statistical_methods_score"": 70, ""communication_score"": 75}",Developing,SYNTHETIC_PROTOTYPE
IND-OSS-1386,Data Analyst,State Directorate of Economics and Statistics (DES),4,57,64,66,65,35,60,55,61,4.0,122,51,40.0,Field Operations Officer (NSSO),"{""statistical_analysis_score"": 65, ""data_visualization_score"": 55, ""python_score"": 45, ""sql_score"": 50, ""data_collection_score"": 92, ""data_quality_score"": 85, ""statistical_methods_score"": 70, ""communication_score"": 85}",Developing,SYNTHETIC_PROTOTYPE
IND-OSS-1387,Junior Statistical Officer (JSO),National Sample Survey Office (NSSO),2,83,72,79,59,99,86,80,68,2.0,44,61,83.0,Data Analyst,"{""statistical_analysis_score"": 75, ""data_visualization_score"": 85, ""python_score"": 85, ""sql_score"": 85, ""data_collection_score"": 60, ""data_quality_score"": 80, ""statistical_methods_score"": 70, ""communication_score"": 75}",Developing,SYNTHETIC_PROTOTYPE
IND-OSS-1388,Statistical Analyst,Social Statistics Division (SSD),2,70,64,49,58,41,56,61,48,2.0,32,51,54.0,Survey Data Specialist,"{""statistical_analysis_score"": 80, ""data_visualization_score"": 70, ""python_score"": 65, ""sql_score"": 75, ""data_collection_score"": 88, ""data_quality_score"": 88, ""statistical_methods_score"": 80, ""communication_score"": 75}",Developing,SYNTHETIC_PROTOTYPE
IND-OSS-1389,Senior Statistical Officer (SSO),Social Statistics Division (SSD),8,90,93,75,71,85,91,92,91,6.0,288,82,51.0,Field Operations Officer (NSSO),"{""statistical_analysis_score"": 65, ""data_visualization_score"": 55, ""python_score"": 45, ""sql_score"": 50, ""data_collection_score"": 92, ""data_quality_score"": 85, ""statistical_methods_score"": 70, ""communication_score"": 85}",Proficient,SYNTHETIC_PROTOTYPE
IND-OSS-1390,Survey Data Specialist,Social Statistics Division (SSD),4,76,64,69,80,78,51,78,61,3.0,145,59,23.0,Data Analyst,"{""statistical_analysis_score"": 75, ""data_visualization_score"": 85, ""python_score"": 85, ""sql_score"": 85, ""data_collection_score"": 60, ""data_quality_score"": 80, ""statistical_methods_score"": 70, ""communication_score"": 75}",Developing,SYNTHETIC_PROTOTYPE
IND-OSS-1391,Survey Data Specialist,Social Statistics Division (SSD),3,59,52,40,45,54,65,71,43,5.0,303,48,94.0,Senior Statistical Officer (SSO),"{""statistical_analysis_score"": 85, ""data_visualization_score"": 75, ""python_score"": 70, ""sql_score"": 75, ""data_collection_score"": 85, ""data_quality_score"": 90, ""statistical_methods_score"": 85, ""communication_score"": 80}",Beginner,SYNTHETIC_PROTOTYPE
IND-OSS-1392,Senior Statistical Officer (SSO),Economic Statistics Division (ESD),2,80,81,75,72,98,90,99,71,1.0,27,74,43.0,Junior Statistical Officer (JSO),"{""statistical_analysis_score"": 70, ""data_visualization_score"": 65, ""python_score"": 60, ""sql_score"": 65, ""data_collection_score"": 85, ""data_quality_score"": 80, ""statistical_methods_score"": 75, ""communication_score"": 70}",Proficient,SYNTHETIC_PROTOTYPE
IND-OSS-1393,Survey Data Specialist,Social Statistics Division (SSD),6,86,54,60,73,78,69,70,71,6.0,100,65,47.0,Senior Statistical Officer (SSO),"{""statistical_analysis_score"": 85, ""data_visualization_score"": 75, ""python_score"": 70, ""sql_score"": 75, ""data_collection_score"": 85, ""data_quality_score"": 90, ""statistical_methods_score"": 85, ""communication_score"": 80}",Developing,SYNTHETIC_PROTOTYPE
IND-OSS-1394,Junior Statistical Officer (JSO),Social Statistics Division (SSD),8,70,63,52,48,74,74,70,61,6.0,368,65,70.0,Field Operations Officer (NSSO),"{""statistical_analysis_score"": 65, ""data_visualization_score"": 55, ""python_score"": 45, ""sql_score"": 50, ""data_collection_score"": 92, ""data_quality_score"": 85, ""statistical_methods_score"": 70, ""communication_score"": 85}",Developing,SYNTHETIC_PROTOTYPE
IND-OSS-1395,Statistical Analyst,Social Statistics Division (SSD),8,91,68,66,77,62,81,66,79,5.0,241,69,70.0,Assistant Director (Statistics),"{""statistical_analysis_score"": 90, ""data_visualization_score"": 80, ""python_score"": 70, ""sql_score"": 75, ""data_collection_score"": 75, ""data_quality_score"": 85, ""statistical_methods_score"": 90, ""communication_score"": 85}",Proficient,SYNTHETIC_PROTOTYPE
IND-OSS-1396,Statistical Analyst,State Directorate of Economics and Statistics (DES),3,99,85,96,88,67,89,88,78,5.0,313,85,86.0,Data Analyst,"{""statistical_analysis_score"": 75, ""data_visualization_score"": 85, ""python_score"": 85, ""sql_score"": 85, ""data_collection_score"": 60, ""data_quality_score"": 80, ""statistical_methods_score"": 70, ""communication_score"": 75}",Proficient,SYNTHETIC_PROTOTYPE
IND-OSS-1397,Assistant Director (Statistics),Central Statistics Office (CSO),3,55,53,36,43,48,66,78,68,2.0,109,50,78.0,Junior Statistical Officer (JSO),"{""statistical_analysis_score"": 70, ""data_visualization_score"": 65, ""python_score"": 60, ""sql_score"": 65, ""data_collection_score"": 85, ""data_quality_score"": 80, ""statistical_methods_score"": 75, ""communication_score"": 70}",Developing,SYNTHETIC_PROTOTYPE
IND-OSS-1398,Assistant Director (Statistics),National Sample Survey Office (NSSO),2,81,77,73,75,79,81,98,84,0.0,7,78,41.0,Data Analyst,"{""statistical_analysis_score"": 75, ""data_visualization_score"": 85, ""python_score"": 85, ""sql_score"": 85, ""data_collection_score"": 60, ""data_quality_score"": 80, ""statistical_methods_score"": 70, ""communication_score"": 75}",Proficient,SYNTHETIC_PROTOTYPE
IND-OSS-1399,Data Analyst,Central Statistics Office (CSO),4,77,83,63,69,55,73,62,66,5.0,117,61,78.0,Field Operations Officer (NSSO),"{""statistical_analysis_score"": 65, ""data_visualization_score"": 55, ""python_score"": 45, ""sql_score"": 50, ""data_collection_score"": 92, ""data_quality_score"": 85, ""statistical_methods_score"": 70, ""communication_score"": 85}",Developing,SYNTHETIC_PROTOTYPE
IND-OSS-1400,Statistical Analyst,Central Statistics Office (CSO),6,82,56,67,58,52,75,73,67,5.0,91,67,52.0,Statistical Analyst,"{""statistical_analysis_score"": 85, ""data_visualization_score"": 75, ""python_score"": 75, ""sql_score"": 80, ""data_collection_score"": 60, ""data_quality_score"": 80, ""statistical_methods_score"": 80, ""communication_score"": 70}",Developing,SYNTHETIC_PROTOTYPE
IND-OSS-1401,Senior Statistical Officer (SSO),Economic Statistics Division (ESD),4,57,35,24,38,46,56,47,52,3.0,191,42,58.0,Assistant Director (Statistics),"{""statistical_analysis_score"": 90, ""data_visualization_score"": 80, ""python_score"": 70, ""sql_score"": 75, ""data_collection_score"": 75, ""data_quality_score"": 85, ""statistical_methods_score"": 90, ""communication_score"": 85}",Beginner,SYNTHETIC_PROTOTYPE
IND-OSS-1402,Field Operations Officer (NSSO),Economic Statistics Division (ESD),9,50,28,25,25,72,65,46,49,10.0,601,50,38.0,Junior Statistical Officer (JSO),"{""statistical_analysis_score"": 70, ""data_visualization_score"": 65, ""python_score"": 60, ""sql_score"": 65, ""data_collection_score"": 85, ""data_quality_score"": 80, ""statistical_methods_score"": 75, ""communication_score"": 70}",Beginner,SYNTHETIC_PROTOTYPE
IND-OSS-1403,Statistical Analyst,Central Statistics Office (CSO),5,89,79,78,93,49,97,94,79,2.0,49,87,82.0,Junior Statistical Officer (JSO),"{""statistical_analysis_score"": 70, ""data_visualization_score"": 65, ""python_score"": 60, ""sql_score"": 65, ""data_collection_score"": 85, ""data_quality_score"": 80, ""statistical_methods_score"": 75, ""communication_score"": 70}",Proficient,SYNTHETIC_PROTOTYPE
IND-OSS-1404,Assistant Director (Statistics),National Statistical Systems Training Academy (NSSTA),7,80,81,54,69,60,83,92,73,6.0,375,55,73.0,Assistant Director (Statistics),"{""statistical_analysis_score"": 90, ""data_visualization_score"": 80, ""python_score"": 70, ""sql_score"": 75, ""data_collection_score"": 75, ""data_quality_score"": 85, ""statistical_methods_score"": 90, ""communication_score"": 85}",Developing,SYNTHETIC_PROTOTYPE
IND-OSS-1405,Survey Data Specialist,Economic Statistics Division (ESD),1,71,64,51,57,72,79,50,51,2.0,46,51,74.0,Statistical Analyst,"{""statistical_analysis_score"": 85, ""data_visualization_score"": 75, ""python_score"": 75, ""sql_score"": 80, ""data_collection_score"": 60, ""data_quality_score"": 80, ""statistical_methods_score"": 80, ""communication_score"": 70}",Developing,SYNTHETIC_PROTOTYPE
IND-OSS-1406,Assistant Director (Statistics),Central Statistics Office (CSO),7,68,75,56,52,50,63,68,70,6.0,105,61,22.0,Junior Statistical Officer (JSO),"{""statistical_analysis_score"": 70, ""data_visualization_score"": 65, ""python_score"": 60, ""sql_score"": 65, ""data_collection_score"": 85, ""data_quality_score"": 80, ""statistical_methods_score"": 75, ""communication_score"": 70}",Developing,SYNTHETIC_PROTOTYPE
IND-OSS-1407,Survey Data Specialist,State Directorate of Economics and Statistics (DES),5,76,62,70,67,83,80,76,80,3.0,61,75,86.0,Assistant Director (Statistics),"{""statistical_analysis_score"": 90, ""data_visualization_score"": 80, ""python_score"": 70, ""sql_score"": 75, ""data_collection_score"": 75, ""data_quality_score"": 85, ""statistical_methods_score"": 90, ""communication_score"": 85}",Proficient,SYNTHETIC_PROTOTYPE
IND-OSS-1408,Field Operations Officer (NSSO),Data Quality Assurance Division (DQAD),4,92,71,51,75,99,99,91,99,10.0,462,73,39.0,Survey Data Specialist,"{""statistical_analysis_score"": 80, ""data_visualization_score"": 70, ""python_score"": 65, ""sql_score"": 75, ""data_collection_score"": 88, ""data_quality_score"": 88, ""statistical_methods_score"": 80, ""communication_score"": 75}",Proficient,SYNTHETIC_PROTOTYPE
IND-OSS-1409,Data Analyst,Economic Statistics Division (ESD),16,80,80,93,73,57,77,70,61,15.0,678,59,58.0,Statistical Analyst,"{""statistical_analysis_score"": 85, ""data_visualization_score"": 75, ""python_score"": 75, ""sql_score"": 80, ""data_collection_score"": 60, ""data_quality_score"": 80, ""statistical_methods_score"": 80, ""communication_score"": 70}",Proficient,SYNTHETIC_PROTOTYPE
IND-OSS-1410,Field Operations Officer (NSSO),Central Statistics Office (CSO),4,44,47,19,31,60,48,51,63,5.0,156,41,65.0,Assistant Director (Statistics),"{""statistical_analysis_score"": 90, ""data_visualization_score"": 80, ""python_score"": 70, ""sql_score"": 75, ""data_collection_score"": 75, ""data_quality_score"": 85, ""statistical_methods_score"": 90, ""communication_score"": 85}",Beginner,SYNTHETIC_PROTOTYPE
IND-OSS-1411,Data Analyst,National Statistical Systems Training Academy (NSSTA),5,69,72,76,62,46,60,62,70,7.0,324,58,35.0,Survey Data Specialist,"{""statistical_analysis_score"": 80, ""data_visualization_score"": 70, ""python_score"": 65, ""sql_score"": 75, ""data_collection_score"": 88, ""data_quality_score"": 88, ""statistical_methods_score"": 80, ""communication_score"": 75}",Developing,SYNTHETIC_PROTOTYPE
IND-OSS-1412,Data Analyst,National Sample Survey Office (NSSO),8,82,75,70,85,58,77,58,76,10.0,159,63,18.0,Statistical Analyst,"{""statistical_analysis_score"": 85, ""data_visualization_score"": 75, ""python_score"": 75, ""sql_score"": 80, ""data_collection_score"": 60, ""data_quality_score"": 80, ""statistical_methods_score"": 80, ""communication_score"": 70}",Developing,SYNTHETIC_PROTOTYPE
IND-OSS-1413,Data Analyst,State Directorate of Economics and Statistics (DES),6,73,82,83,91,67,79,60,75,3.0,154,71,44.0,Junior Statistical Officer (JSO),"{""statistical_analysis_score"": 70, ""data_visualization_score"": 65, ""python_score"": 60, ""sql_score"": 65, ""data_collection_score"": 85, ""data_quality_score"": 80, ""statistical_methods_score"": 75, ""communication_score"": 70}",Proficient,SYNTHETIC_PROTOTYPE
IND-OSS-1414,Field Operations Officer (NSSO),Data Quality Assurance Division (DQAD),11,42,32,20,33,59,57,48,58,13.0,781,40,52.0,Survey Data Specialist,"{""statistical_analysis_score"": 80, ""data_visualization_score"": 70, ""python_score"": 65, ""sql_score"": 75, ""data_collection_score"": 88, ""data_quality_score"": 88, ""statistical_methods_score"": 80, ""communication_score"": 75}",Beginner,SYNTHETIC_PROTOTYPE
IND-OSS-1415,Field Operations Officer (NSSO),National Statistical Systems Training Academy (NSSTA),5,32,17,15,15,58,36,23,44,6.0,277,28,36.0,Senior Statistical Officer (SSO),"{""statistical_analysis_score"": 85, ""data_visualization_score"": 75, ""python_score"": 70, ""sql_score"": 75, ""data_collection_score"": 85, ""data_quality_score"": 90, ""statistical_methods_score"": 85, ""communication_score"": 80}",Beginner,SYNTHETIC_PROTOTYPE
IND-OSS-1416,Statistical Analyst,Economic Statistics Division (ESD),9,69,70,73,73,52,87,66,45,12.0,365,72,58.0,Assistant Director (Statistics),"{""statistical_analysis_score"": 90, ""data_visualization_score"": 80, ""python_score"": 70, ""sql_score"": 75, ""data_collection_score"": 75, ""data_quality_score"": 85, ""statistical_methods_score"": 90, ""communication_score"": 85}",Developing,SYNTHETIC_PROTOTYPE
IND-OSS-1417,Junior Statistical Officer (JSO),Data Quality Assurance Division (DQAD),7,67,67,46,60,74,88,70,70,3.0,46,66,68.0,Senior Statistical Officer (SSO),"{""statistical_analysis_score"": 85, ""data_visualization_score"": 75, ""python_score"": 70, ""sql_score"": 75, ""data_collection_score"": 85, ""data_quality_score"": 90, ""statistical_methods_score"": 85, ""communication_score"": 80}",Developing,SYNTHETIC_PROTOTYPE
IND-OSS-1418,Junior Statistical Officer (JSO),Social Statistics Division (SSD),13,67,68,57,52,87,72,80,73,10.0,459,60,59.0,Field Operations Officer (NSSO),"{""statistical_analysis_score"": 65, ""data_visualization_score"": 55, ""python_score"": 45, ""sql_score"": 50, ""data_collection_score"": 92, ""data_quality_score"": 85, ""statistical_methods_score"": 70, ""communication_score"": 85}",Developing,SYNTHETIC_PROTOTYPE
IND-OSS-1419,Senior Statistical Officer (SSO),Economic Statistics Division (ESD),2,69,47,36,63,57,65,71,60,4.0,65,64,56.0,Statistical Analyst,"{""statistical_analysis_score"": 85, ""data_visualization_score"": 75, ""python_score"": 75, ""sql_score"": 80, ""data_collection_score"": 60, ""data_quality_score"": 80, ""statistical_methods_score"": 80, ""communication_score"": 70}",Developing,SYNTHETIC_PROTOTYPE
IND-OSS-1420,Field Operations Officer (NSSO),National Sample Survey Office (NSSO),1,49,37,28,41,74,69,55,70,2.0,45,46,16.0,Senior Statistical Officer (SSO),"{""statistical_analysis_score"": 85, ""data_visualization_score"": 75, ""python_score"": 70, ""sql_score"": 75, ""data_collection_score"": 85, ""data_quality_score"": 90, ""statistical_methods_score"": 85, ""communication_score"": 80}",Beginner,SYNTHETIC_PROTOTYPE
IND-OSS-1421,Assistant Director (Statistics),National Statistical Systems Training Academy (NSSTA),1,67,64,46,47,67,48,84,61,2.0,73,57,63.0,Field Operations Officer (NSSO),"{""statistical_analysis_score"": 65, ""data_visualization_score"": 55, ""python_score"": 45, ""sql_score"": 50, ""data_collection_score"": 92, ""data_quality_score"": 85, ""statistical_methods_score"": 70, ""communication_score"": 85}",Developing,SYNTHETIC_PROTOTYPE
IND-OSS-1422,Junior Statistical Officer (JSO),National Sample Survey Office (NSSO),4,58,43,37,42,84,68,62,47,3.0,141,56,48.0,Statistical Analyst,"{""statistical_analysis_score"": 85, ""data_visualization_score"": 75, ""python_score"": 75, ""sql_score"": 80, ""data_collection_score"": 60, ""data_quality_score"": 80, ""statistical_methods_score"": 80, ""communication_score"": 70}",Developing,SYNTHETIC_PROTOTYPE
IND-OSS-1423,Data Analyst,Data Quality Assurance Division (DQAD),2,71,84,81,85,69,74,55,78,2.0,38,71,63.0,Survey Data Specialist,"{""statistical_analysis_score"": 80, ""data_visualization_score"": 70, ""python_score"": 65, ""sql_score"": 75, ""data_collection_score"": 88, ""data_quality_score"": 88, ""statistical_methods_score"": 80, ""communication_score"": 75}",Developing,SYNTHETIC_PROTOTYPE
IND-OSS-1424,Survey Data Specialist,Social Statistics Division (SSD),4,65,54,42,63,71,65,79,62,3.0,46,57,81.0,Field Operations Officer (NSSO),"{""statistical_analysis_score"": 65, ""data_visualization_score"": 55, ""python_score"": 45, ""sql_score"": 50, ""data_collection_score"": 92, ""data_quality_score"": 85, ""statistical_methods_score"": 70, ""communication_score"": 85}",Developing,SYNTHETIC_PROTOTYPE
IND-OSS-1425,Statistical Analyst,State Directorate of Economics and Statistics (DES),3,72,65,67,81,45,71,80,61,4.0,240,73,23.0,Assistant Director (Statistics),"{""statistical_analysis_score"": 90, ""data_visualization_score"": 80, ""python_score"": 70, ""sql_score"": 75, ""data_collection_score"": 75, ""data_quality_score"": 85, ""statistical_methods_score"": 90, ""communication_score"": 85}",Developing,SYNTHETIC_PROTOTYPE
IND-OSS-1426,Survey Data Specialist,National Statistical Systems Training Academy (NSSTA),4,64,58,46,58,72,78,57,61,2.0,71,53,49.0,Field Operations Officer (NSSO),"{""statistical_analysis_score"": 65, ""data_visualization_score"": 55, ""python_score"": 45, ""sql_score"": 50, ""data_collection_score"": 92, ""data_quality_score"": 85, ""statistical_methods_score"": 70, ""communication_score"": 85}",Developing,SYNTHETIC_PROTOTYPE
IND-OSS-1427,Statistical Analyst,State Directorate of Economics and Statistics (DES),13,87,81,80,86,69,79,95,80,9.0,289,81,29.0,Survey Data Specialist,"{""statistical_analysis_score"": 80, ""data_visualization_score"": 70, ""python_score"": 65, ""sql_score"": 75, ""data_collection_score"": 88, ""data_quality_score"": 88, ""statistical_methods_score"": 80, ""communication_score"": 75}",Proficient,SYNTHETIC_PROTOTYPE
IND-OSS-1428,Data Analyst,Economic Statistics Division (ESD),4,77,77,66,67,48,71,68,50,5.0,78,65,13.0,Field Operations Officer (NSSO),"{""statistical_analysis_score"": 65, ""data_visualization_score"": 55, ""python_score"": 45, ""sql_score"": 50, ""data_collection_score"": 92, ""data_quality_score"": 85, ""statistical_methods_score"": 70, ""communication_score"": 85}",Developing,SYNTHETIC_PROTOTYPE
IND-OSS-1429,Assistant Director (Statistics),Economic Statistics Division (ESD),4,87,73,48,61,64,71,82,79,6.0,94,77,34.0,Junior Statistical Officer (JSO),"{""statistical_analysis_score"": 70, ""data_visualization_score"": 65, ""python_score"": 60, ""sql_score"": 65, ""data_collection_score"": 85, ""data_quality_score"": 80, ""statistical_methods_score"": 75, ""communication_score"": 70}",Developing,SYNTHETIC_PROTOTYPE
IND-OSS-1430,Data Analyst,Social Statistics Division (SSD),1,42,38,43,50,27,49,24,36,1.0,29,44,16.0,Senior Statistical Officer (SSO),"{""statistical_analysis_score"": 85, ""data_visualization_score"": 75, ""python_score"": 70, ""sql_score"": 75, ""data_collection_score"": 85, ""data_quality_score"": 90, ""statistical_methods_score"": 85, ""communication_score"": 80}",Beginner,SYNTHETIC_PROTOTYPE
IND-OSS-1431,Assistant Director (Statistics),State Directorate of Economics and Statistics (DES),6,86,83,77,76,84,97,99,81,9.0,540,84,35.0,Senior Statistical Officer (SSO),"{""statistical_analysis_score"": 85, ""data_visualization_score"": 75, ""python_score"": 70, ""sql_score"": 75, ""data_collection_score"": 85, ""data_quality_score"": 90, ""statistical_methods_score"": 85, ""communication_score"": 80}",Proficient,SYNTHETIC_PROTOTYPE
IND-OSS-1432,Statistical Analyst,Economic Statistics Division (ESD),1,73,50,56,72,40,75,58,63,2.0,74,57,21.0,Junior Statistical Officer (JSO),"{""statistical_analysis_score"": 70, ""data_visualization_score"": 65, ""python_score"": 60, ""sql_score"": 65, ""data_collection_score"": 85, ""data_quality_score"": 80, ""statistical_methods_score"": 75, ""communication_score"": 70}",Developing,SYNTHETIC_PROTOTYPE
IND-OSS-1433,Senior Statistical Officer (SSO),National Statistical Systems Training Academy (NSSTA),8,97,77,73,89,98,99,99,99,9.0,545,79,80.0,Junior Statistical Officer (JSO),"{""statistical_analysis_score"": 70, ""data_visualization_score"": 65, ""python_score"": 60, ""sql_score"": 65, ""data_collection_score"": 85, ""data_quality_score"": 80, ""statistical_methods_score"": 75, ""communication_score"": 70}",Proficient,SYNTHETIC_PROTOTYPE
IND-OSS-1434,Assistant Director (Statistics),National Sample Survey Office (NSSO),5,68,65,44,57,47,66,73,64,6.0,277,57,67.0,Survey Data Specialist,"{""statistical_analysis_score"": 80, ""data_visualization_score"": 70, ""python_score"": 65, ""sql_score"": 75, ""data_collection_score"": 88, ""data_quality_score"": 88, ""statistical_methods_score"": 80, ""communication_score"": 75}",Developing,SYNTHETIC_PROTOTYPE
IND-OSS-1435,Data Analyst,National Statistical Systems Training Academy (NSSTA),6,67,76,71,90,51,82,60,77,2.0,99,65,46.0,Senior Statistical Officer (SSO),"{""statistical_analysis_score"": 85, ""data_visualization_score"": 75, ""python_score"": 70, ""sql_score"": 75, ""data_collection_score"": 85, ""data_quality_score"": 90, ""statistical_methods_score"": 85, ""communication_score"": 80}",Developing,SYNTHETIC_PROTOTYPE
IND-OSS-1436,Assistant Director (Statistics),Economic Statistics Division (ESD),2,50,46,30,38,39,44,56,56,5.0,163,34,46.0,Junior Statistical Officer (JSO),"{""statistical_analysis_score"": 70, ""data_visualization_score"": 65, ""python_score"": 60, ""sql_score"": 65, ""data_collection_score"": 85, ""data_quality_score"": 80, ""statistical_methods_score"": 75, ""communication_score"": 70}",Beginner,SYNTHETIC_PROTOTYPE
IND-OSS-1437,Assistant Director (Statistics),Economic Statistics Division (ESD),10,65,52,46,43,50,60,68,43,7.0,226,39,71.0,Survey Data Specialist,"{""statistical_analysis_score"": 80, ""data_visualization_score"": 70, ""python_score"": 65, ""sql_score"": 75, ""data_collection_score"": 88, ""data_quality_score"": 88, ""statistical_methods_score"": 80, ""communication_score"": 75}",Developing,SYNTHETIC_PROTOTYPE
IND-OSS-1438,Survey Data Specialist,Social Statistics Division (SSD),6,69,55,54,74,73,72,62,62,9.0,136,60,62.0,Statistical Analyst,"{""statistical_analysis_score"": 85, ""data_visualization_score"": 75, ""python_score"": 75, ""sql_score"": 80, ""data_collection_score"": 60, ""data_quality_score"": 80, ""statistical_methods_score"": 80, ""communication_score"": 70}",Developing,SYNTHETIC_PROTOTYPE
IND-OSS-1439,Senior Statistical Officer (SSO),National Sample Survey Office (NSSO),2,72,69,67,72,78,90,72,68,5.0,237,61,32.0,Junior Statistical Officer (JSO),"{""statistical_analysis_score"": 70, ""data_visualization_score"": 65, ""python_score"": 60, ""sql_score"": 65, ""data_collection_score"": 85, ""data_quality_score"": 80, ""statistical_methods_score"": 75, ""communication_score"": 70}",Developing,SYNTHETIC_PROTOTYPE
IND-OSS-1440,Junior Statistical Officer (JSO),National Statistical Systems Training Academy (NSSTA),7,53,58,46,44,75,66,42,58,8.0,374,54,40.0,Statistical Analyst,"{""statistical_analysis_score"": 85, ""data_visualization_score"": 75, ""python_score"": 75, ""sql_score"": 80, ""data_collection_score"": 60, ""data_quality_score"": 80, ""statistical_methods_score"": 80, ""communication_score"": 70}",Developing,SYNTHETIC_PROTOTYPE
IND-OSS-1441,Survey Data Specialist,Economic Statistics Division (ESD),4,69,54,52,60,76,82,78,73,7.0,219,59,54.0,Survey Data Specialist,"{""statistical_analysis_score"": 80, ""data_visualization_score"": 70, ""python_score"": 65, ""sql_score"": 75, ""data_collection_score"": 88, ""data_quality_score"": 88, ""statistical_methods_score"": 80, ""communication_score"": 75}",Developing,SYNTHETIC_PROTOTYPE
IND-OSS-1442,Field Operations Officer (NSSO),State Directorate of Economics and Statistics (DES),6,55,58,35,58,74,77,70,89,5.0,304,56,54.0,Statistical Analyst,"{""statistical_analysis_score"": 85, ""data_visualization_score"": 75, ""python_score"": 75, ""sql_score"": 80, ""data_collection_score"": 60, ""data_quality_score"": 80, ""statistical_methods_score"": 80, ""communication_score"": 70}",Developing,SYNTHETIC_PROTOTYPE
IND-OSS-1443,Assistant Director (Statistics),State Directorate of Economics and Statistics (DES),7,77,66,60,61,55,66,65,82,7.0,439,55,34.0,Field Operations Officer (NSSO),"{""statistical_analysis_score"": 65, ""data_visualization_score"": 55, ""python_score"": 45, ""sql_score"": 50, ""data_collection_score"": 92, ""data_quality_score"": 85, ""statistical_methods_score"": 70, ""communication_score"": 85}",Developing,SYNTHETIC_PROTOTYPE
IND-OSS-1444,Senior Statistical Officer (SSO),Economic Statistics Division (ESD),3,72,51,51,71,76,91,66,68,2.0,68,70,53.0,Statistical Analyst,"{""statistical_analysis_score"": 85, ""data_visualization_score"": 75, ""python_score"": 75, ""sql_score"": 80, ""data_collection_score"": 60, ""data_quality_score"": 80, ""statistical_methods_score"": 80, ""communication_score"": 70}",Developing,SYNTHETIC_PROTOTYPE
IND-OSS-1445,Data Analyst,Social Statistics Division (SSD),13,59,61,60,62,39,66,48,71,13.0,604,39,30.0,Junior Statistical Officer (JSO),"{""statistical_analysis_score"": 70, ""data_visualization_score"": 65, ""python_score"": 60, ""sql_score"": 65, ""data_collection_score"": 85, ""data_quality_score"": 80, ""statistical_methods_score"": 75, ""communication_score"": 70}",Developing,SYNTHETIC_PROTOTYPE
IND-OSS-1446,Field Operations Officer (NSSO),State Directorate of Economics and Statistics (DES),8,61,50,49,54,88,73,68,88,5.0,113,72,38.0,Senior Statistical Officer (SSO),"{""statistical_analysis_score"": 85, ""data_visualization_score"": 75, ""python_score"": 70, ""sql_score"": 75, ""data_collection_score"": 85, ""data_quality_score"": 90, ""statistical_methods_score"": 85, ""communication_score"": 80}",Developing,SYNTHETIC_PROTOTYPE
IND-OSS-1447,Assistant Director (Statistics),Economic Statistics Division (ESD),3,91,79,70,85,80,85,90,88,1.0,18,77,26.0,Survey Data Specialist,"{""statistical_analysis_score"": 80, ""data_visualization_score"": 70, ""python_score"": 65, ""sql_score"": 75, ""data_collection_score"": 88, ""data_quality_score"": 88, ""statistical_methods_score"": 80, ""communication_score"": 75}",Proficient,SYNTHETIC_PROTOTYPE
IND-OSS-1448,Statistical Analyst,Central Statistics Office (CSO),2,84,78,68,62,46,80,83,53,4.0,250,72,60.0,Junior Statistical Officer (JSO),"{""statistical_analysis_score"": 70, ""data_visualization_score"": 65, ""python_score"": 60, ""sql_score"": 65, ""data_collection_score"": 85, ""data_quality_score"": 80, ""statistical_methods_score"": 75, ""communication_score"": 70}",Developing,SYNTHETIC_PROTOTYPE
IND-OSS-1449,Field Operations Officer (NSSO),Central Statistics Office (CSO),4,56,41,38,34,80,70,55,73,4.0,132,61,13.0,Junior Statistical Officer (JSO),"{""statistical_analysis_score"": 70, ""data_visualization_score"": 65, ""python_score"": 60, ""sql_score"": 65, ""data_collection_score"": 85, ""data_quality_score"": 80, ""statistical_methods_score"": 75, ""communication_score"": 70}",Developing,SYNTHETIC_PROTOTYPE
IND-OSS-1450,Senior Statistical Officer (SSO),Data Quality Assurance Division (DQAD),7,70,46,27,54,50,68,56,40,8.0,376,50,56.0,Senior Statistical Officer (SSO),"{""statistical_analysis_score"": 85, ""data_visualization_score"": 75, ""python_score"": 70, ""sql_score"": 75, ""data_collection_score"": 85, ""data_quality_score"": 90, ""statistical_methods_score"": 85, ""communication_score"": 80}",Developing,SYNTHETIC_PROTOTYPE
IND-OSS-1451,Statistical Analyst,National Sample Survey Office (NSSO),8,84,86,78,74,74,88,80,76,,207,84,55.0,Assistant Director (Statistics),"{""statistical_analysis_score"": 90, ""data_visualization_score"": 80, ""python_score"": 70, ""sql_score"": 75, ""data_collection_score"": 75, ""data_quality_score"": 85, ""statistical_methods_score"": 90, ""communication_score"": 85}",Proficient,SYNTHETIC_PROTOTYPE
IND-OSS-1452,Field Operations Officer (NSSO),State Directorate of Economics and Statistics (DES),1,33,16,15,18,65,47,32,53,2.0,43,38,23.0,Data Analyst,"{""statistical_analysis_score"": 75, ""data_visualization_score"": 85, ""python_score"": 85, ""sql_score"": 85, ""data_collection_score"": 60, ""data_quality_score"": 80, ""statistical_methods_score"": 70, ""communication_score"": 75}",Beginner,SYNTHETIC_PROTOTYPE
IND-OSS-1453,Assistant Director (Statistics),Central Statistics Office (CSO),3,59,43,42,38,52,51,61,57,4.0,139,45,89.0,Junior Statistical Officer (JSO),"{""statistical_analysis_score"": 70, ""data_visualization_score"": 65, ""python_score"": 60, ""sql_score"": 65, ""data_collection_score"": 85, ""data_quality_score"": 80, ""statistical_methods_score"": 75, ""communication_score"": 70}",Beginner,SYNTHETIC_PROTOTYPE
IND-OSS-1454,Field Operations Officer (NSSO),National Sample Survey Office (NSSO),2,61,50,48,53,99,87,73,86,1.0,22,56,54.0,Field Operations Officer (NSSO),"{""statistical_analysis_score"": 65, ""data_visualization_score"": 55, ""python_score"": 45, ""sql_score"": 50, ""data_collection_score"": 92, ""data_quality_score"": 85, ""statistical_methods_score"": 70, ""communication_score"": 85}",Developing,SYNTHETIC_PROTOTYPE
IND-OSS-1455,Senior Statistical Officer (SSO),National Sample Survey Office (NSSO),7,64,50,48,48,71,85,61,52,7.0,117,45,19.0,Data Analyst,"{""statistical_analysis_score"": 75, ""data_visualization_score"": 85, ""python_score"": 85, ""sql_score"": 85, ""data_collection_score"": 60, ""data_quality_score"": 80, ""statistical_methods_score"": 70, ""communication_score"": 75}",Developing,SYNTHETIC_PROTOTYPE
IND-OSS-1456,Survey Data Specialist,National Sample Survey Office (NSSO),12,74,58,48,51,62,67,68,46,13.0,262,55,67.0,Senior Statistical Officer (SSO),"{""statistical_analysis_score"": 85, ""data_visualization_score"": 75, ""python_score"": 70, ""sql_score"": 75, ""data_collection_score"": 85, ""data_quality_score"": 90, ""statistical_methods_score"": 85, ""communication_score"": 80}",Developing,SYNTHETIC_PROTOTYPE
IND-OSS-1457,Statistical Analyst,Data Quality Assurance Division (DQAD),1,71,67,60,62,38,57,77,60,1.0,33,54,23.0,Survey Data Specialist,"{""statistical_analysis_score"": 80, ""data_visualization_score"": 70, ""python_score"": 65, ""sql_score"": 75, ""data_collection_score"": 88, ""data_quality_score"": 88, ""statistical_methods_score"": 80, ""communication_score"": 75}",Developing,SYNTHETIC_PROTOTYPE
IND-OSS-1458,Data Analyst,Economic Statistics Division (ESD),12,68,77,83,88,66,74,59,78,18.0,281,57,15.0,Assistant Director (Statistics),"{""statistical_analysis_score"": 90, ""data_visualization_score"": 80, ""python_score"": 70, ""sql_score"": 75, ""data_collection_score"": 75, ""data_quality_score"": 85, ""statistical_methods_score"": 90, ""communication_score"": 85}",Proficient,SYNTHETIC_PROTOTYPE
IND-OSS-1459,Junior Statistical Officer (JSO),Social Statistics Division (SSD),3,60,59,38,53,72,67,65,57,5.0,105,52,79.0,Assistant Director (Statistics),"{""statistical_analysis_score"": 90, ""data_visualization_score"": 80, ""python_score"": 70, ""sql_score"": 75, ""data_collection_score"": 75, ""data_quality_score"": 85, ""statistical_methods_score"": 90, ""communication_score"": 85}",Developing,SYNTHETIC_PROTOTYPE
IND-OSS-1460,Junior Statistical Officer (JSO),Economic Statistics Division (ESD),7,51,53,51,51,60,74,67,59,8.0,495,52,16.0,Survey Data Specialist,"{""statistical_analysis_score"": 80, ""data_visualization_score"": 70, ""python_score"": 65, ""sql_score"": 75, ""data_collection_score"": 88, ""data_quality_score"": 88, ""statistical_methods_score"": 80, ""communication_score"": 75}",Developing,SYNTHETIC_PROTOTYPE
IND-OSS-1461,Senior Statistical Officer (SSO),Economic Statistics Division (ESD),5,77,69,68,72,81,81,79,76,5.0,167,61,35.0,Data Analyst,"{""statistical_analysis_score"": 75, ""data_visualization_score"": 85, ""python_score"": 85, ""sql_score"": 85, ""data_collection_score"": 60, ""data_quality_score"": 80, ""statistical_methods_score"": 70, ""communication_score"": 75}",Developing,SYNTHETIC_PROTOTYPE
IND-OSS-1462,Senior Statistical Officer (SSO),Social Statistics Division (SSD),7,57,44,37,54,67,72,62,49,5.0,83,61,68.0,Data Analyst,"{""statistical_analysis_score"": 75, ""data_visualization_score"": 85, ""python_score"": 85, ""sql_score"": 85, ""data_collection_score"": 60, ""data_quality_score"": 80, ""statistical_methods_score"": 70, ""communication_score"": 75}",Developing,SYNTHETIC_PROTOTYPE
IND-OSS-1463,Senior Statistical Officer (SSO),Central Statistics Office (CSO),6,85,67,66,72,68,82,80,75,6.0,284,69,87.0,Field Operations Officer (NSSO),"{""statistical_analysis_score"": 65, ""data_visualization_score"": 55, ""python_score"": 45, ""sql_score"": 50, ""data_collection_score"": 92, ""data_quality_score"": 85, ""statistical_methods_score"": 70, ""communication_score"": 85}",Developing,SYNTHETIC_PROTOTYPE
IND-OSS-1464,Field Operations Officer (NSSO),Data Quality Assurance Division (DQAD),6,35,15,15,20,61,45,32,42,2.0,55,39,62.0,Data Analyst,"{""statistical_analysis_score"": 75, ""data_visualization_score"": 85, ""python_score"": 85, ""sql_score"": 85, ""data_collection_score"": 60, ""data_quality_score"": 80, ""statistical_methods_score"": 70, ""communication_score"": 75}",Beginner,SYNTHETIC_PROTOTYPE
IND-OSS-1465,Survey Data Specialist,National Sample Survey Office (NSSO),6,64,46,55,48,64,56,50,38,5.0,316,41,23.0,Junior Statistical Officer (JSO),"{""statistical_analysis_score"": 70, ""data_visualization_score"": 65, ""python_score"": 60, ""sql_score"": 65, ""data_collection_score"": 85, ""data_quality_score"": 80, ""statistical_methods_score"": 75, ""communication_score"": 70}",Beginner,SYNTHETIC_PROTOTYPE
IND-OSS-1466,Survey Data Specialist,State Directorate of Economics and Statistics (DES),5,61,63,57,60,57,76,64,55,11.0,347,60,85.0,Survey Data Specialist,"{""statistical_analysis_score"": 80, ""data_visualization_score"": 70, ""python_score"": 65, ""sql_score"": 75, ""data_collection_score"": 88, ""data_quality_score"": 88, ""statistical_methods_score"": 80, ""communication_score"": 75}",Developing,SYNTHETIC_PROTOTYPE
IND-OSS-1467,Senior Statistical Officer (SSO),National Statistical Systems Training Academy (NSSTA),5,45,45,38,46,53,69,56,38,5.0,88,51,52.0,Survey Data Specialist,"{""statistical_analysis_score"": 80, ""data_visualization_score"": 70, ""python_score"": 65, ""sql_score"": 75, ""data_collection_score"": 88, ""data_quality_score"": 88, ""statistical_methods_score"": 80, ""communication_score"": 75}",Beginner,SYNTHETIC_PROTOTYPE
IND-OSS-1468,Field Operations Officer (NSSO),National Statistical Systems Training Academy (NSSTA),7,40,38,33,28,61,45,47,64,5.0,111,36,67.0,Survey Data Specialist,"{""statistical_analysis_score"": 80, ""data_visualization_score"": 70, ""python_score"": 65, ""sql_score"": 75, ""data_collection_score"": 88, ""data_quality_score"": 88, ""statistical_methods_score"": 80, ""communication_score"": 75}",Beginner,SYNTHETIC_PROTOTYPE
IND-OSS-1469,Statistical Analyst,National Statistical Systems Training Academy (NSSTA),6,99,80,93,96,71,87,86,83,7.0,150,74,65.0,Assistant Director (Statistics),"{""statistical_analysis_score"": 90, ""data_visualization_score"": 80, ""python_score"": 70, ""sql_score"": 75, ""data_collection_score"": 75, ""data_quality_score"": 85, ""statistical_methods_score"": 90, ""communication_score"": 85}",Proficient,SYNTHETIC_PROTOTYPE
IND-OSS-1470,Junior Statistical Officer (JSO),State Directorate of Economics and Statistics (DES),1,39,37,23,33,54,59,26,34,1.0,42,38,18.0,Field Operations Officer (NSSO),"{""statistical_analysis_score"": 65, ""data_visualization_score"": 55, ""python_score"": 45, ""sql_score"": 50, ""data_collection_score"": 92, ""data_quality_score"": 85, ""statistical_methods_score"": 70, ""communication_score"": 85}",Beginner,SYNTHETIC_PROTOTYPE
IND-OSS-1471,Field Operations Officer (NSSO),Data Quality Assurance Division (DQAD),4,78,75,53,55,86,85,74,90,6.0,273,82,65.0,Senior Statistical Officer (SSO),"{""statistical_analysis_score"": 85, ""data_visualization_score"": 75, ""python_score"": 70, ""sql_score"": 75, ""data_collection_score"": 85, ""data_quality_score"": 90, ""statistical_methods_score"": 85, ""communication_score"": 80}",Proficient,SYNTHETIC_PROTOTYPE
IND-OSS-1472,Survey Data Specialist,Central Statistics Office (CSO),4,71,62,49,62,74,81,67,64,4.0,60,57,42.0,Senior Statistical Officer (SSO),"{""statistical_analysis_score"": 85, ""data_visualization_score"": 75, ""python_score"": 70, ""sql_score"": 75, ""data_collection_score"": 85, ""data_quality_score"": 90, ""statistical_methods_score"": 85, ""communication_score"": 80}",Developing,SYNTHETIC_PROTOTYPE
IND-OSS-1473,Field Operations Officer (NSSO),Economic Statistics Division (ESD),1,44,33,32,35,85,72,44,65,2.0,120,47,16.0,Junior Statistical Officer (JSO),"{""statistical_analysis_score"": 70, ""data_visualization_score"": 65, ""python_score"": 60, ""sql_score"": 65, ""data_collection_score"": 85, ""data_quality_score"": 80, ""statistical_methods_score"": 75, ""communication_score"": 70}",Beginner,SYNTHETIC_PROTOTYPE
IND-OSS-1474,Junior Statistical Officer (JSO),Social Statistics Division (SSD),4,70,66,50,65,94,95,82,68,4.0,242,64,59.0,Survey Data Specialist,"{""statistical_analysis_score"": 80, ""data_visualization_score"": 70, ""python_score"": 65, ""sql_score"": 75, ""data_collection_score"": 88, ""data_quality_score"": 88, ""statistical_methods_score"": 80, ""communication_score"": 75}",Developing,SYNTHETIC_PROTOTYPE
IND-OSS-1475,Field Operations Officer (NSSO),Economic Statistics Division (ESD),5,58,46,30,40,73,71,61,67,6.0,197,51,37.0,Senior Statistical Officer (SSO),"{""statistical_analysis_score"": 85, ""data_visualization_score"": 75, ""python_score"": 70, ""sql_score"": 75, ""data_collection_score"": 85, ""data_quality_score"": 90, ""statistical_methods_score"": 85, ""communication_score"": 80}",Developing,SYNTHETIC_PROTOTYPE
IND-OSS-1476,Junior Statistical Officer (JSO),State Directorate of Economics and Statistics (DES),10,40,42,39,49,61,53,47,49,11.0,336,43,86.0,Data Analyst,"{""statistical_analysis_score"": 75, ""data_visualization_score"": 85, ""python_score"": 85, ""sql_score"": 85, ""data_collection_score"": 60, ""data_quality_score"": 80, ""statistical_methods_score"": 70, ""communication_score"": 75}",Beginner,SYNTHETIC_PROTOTYPE
IND-OSS-1477,Assistant Director (Statistics),Central Statistics Office (CSO),7,67,72,59,67,58,66,68,73,10.0,317,55,76.0,Field Operations Officer (NSSO),"{""statistical_analysis_score"": 65, ""data_visualization_score"": 55, ""python_score"": 45, ""sql_score"": 50, ""data_collection_score"": 92, ""data_quality_score"": 85, ""statistical_methods_score"": 70, ""communication_score"": 85}",Developing,SYNTHETIC_PROTOTYPE
IND-OSS-1478,Senior Statistical Officer (SSO),Central Statistics Office (CSO),5,67,74,58,75,70,94,76,61,4.0,72,71,48.0,Survey Data Specialist,"{""statistical_analysis_score"": 80, ""data_visualization_score"": 70, ""python_score"": 65, ""sql_score"": 75, ""data_collection_score"": 88, ""data_quality_score"": 88, ""statistical_methods_score"": 80, ""communication_score"": 75}",Developing,SYNTHETIC_PROTOTYPE
IND-OSS-1479,Survey Data Specialist,Economic Statistics Division (ESD),6,87,66,56,74,85,77,74,85,5.0,230,61,29.0,Statistical Analyst,"{""statistical_analysis_score"": 85, ""data_visualization_score"": 75, ""python_score"": 75, ""sql_score"": 80, ""data_collection_score"": 60, ""data_quality_score"": 80, ""statistical_methods_score"": 80, ""communication_score"": 70}",Developing,SYNTHETIC_PROTOTYPE
IND-OSS-1480,Junior Statistical Officer (JSO),Data Quality Assurance Division (DQAD),2,84,67,69,78,83,90,86,90,2.0,105,82,56.0,Senior Statistical Officer (SSO),"{""statistical_analysis_score"": 85, ""data_visualization_score"": 75, ""python_score"": 70, ""sql_score"": 75, ""data_collection_score"": 85, ""data_quality_score"": 90, ""statistical_methods_score"": 85, ""communication_score"": 80}",Proficient,SYNTHETIC_PROTOTYPE
IND-OSS-1481,Assistant Director (Statistics),State Directorate of Economics and Statistics (DES),2,66,65,52,50,56,62,76,65,2.0,30,68,,Senior Statistical Officer (SSO),"{""statistical_analysis_score"": 85, ""data_visualization_score"": 75, ""python_score"": 70, ""sql_score"": 75, ""data_collection_score"": 85, ""data_quality_score"": 90, ""statistical_methods_score"": 85, ""communication_score"": 80}",Developing,SYNTHETIC_PROTOTYPE
IND-OSS-1482,Senior Statistical Officer (SSO),Data Quality Assurance Division (DQAD),2,68,61,53,46,80,74,83,52,3.0,68,49,38.0,Survey Data Specialist,"{""statistical_analysis_score"": 80, ""data_visualization_score"": 70, ""python_score"": 65, ""sql_score"": 75, ""data_collection_score"": 88, ""data_quality_score"": 88, ""statistical_methods_score"": 80, ""communication_score"": 75}",Developing,SYNTHETIC_PROTOTYPE
IND-OSS-1483,Survey Data Specialist,Data Quality Assurance Division (DQAD),6,55,62,53,68,88,81,70,58,10.0,454,56,48.0,Data Analyst,"{""statistical_analysis_score"": 75, ""data_visualization_score"": 85, ""python_score"": 85, ""sql_score"": 85, ""data_collection_score"": 60, ""data_quality_score"": 80, ""statistical_methods_score"": 70, ""communication_score"": 75}",Developing,SYNTHETIC_PROTOTYPE
IND-OSS-1484,Senior Statistical Officer (SSO),National Sample Survey Office (NSSO),2,84,65,76,87,81,87,89,92,3.0,147,72,26.0,Data Analyst,"{""statistical_analysis_score"": 75, ""data_visualization_score"": 85, ""python_score"": 85, ""sql_score"": 85, ""data_collection_score"": 60, ""data_quality_score"": 80, ""statistical_methods_score"": 70, ""communication_score"": 75}",Proficient,SYNTHETIC_PROTOTYPE
IND-OSS-1485,Field Operations Officer (NSSO),Social Statistics Division (SSD),7,52,38,38,36,77,68,60,83,5.0,237,69,27.0,Junior Statistical Officer (JSO),"{""statistical_analysis_score"": 70, ""data_visualization_score"": 65, ""python_score"": 60, ""sql_score"": 65, ""data_collection_score"": 85, ""data_quality_score"": 80, ""statistical_methods_score"": 75, ""communication_score"": 70}",Developing,SYNTHETIC_PROTOTYPE
IND-OSS-1486,Survey Data Specialist,National Sample Survey Office (NSSO),7,73,56,62,65,88,80,71,61,9.0,180,59,14.0,Survey Data Specialist,"{""statistical_analysis_score"": 80, ""data_visualization_score"": 70, ""python_score"": 65, ""sql_score"": 75, ""data_collection_score"": 88, ""data_quality_score"": 88, ""statistical_methods_score"": 80, ""communication_score"": 75}",Developing,SYNTHETIC_PROTOTYPE
IND-OSS-1487,Survey Data Specialist,Economic Statistics Division (ESD),3,98,60,71,78,83,87,81,80,4.0,98,63,71.0,Statistical Analyst,"{""statistical_analysis_score"": 85, ""data_visualization_score"": 75, ""python_score"": 75, ""sql_score"": 80, ""data_collection_score"": 60, ""data_quality_score"": 80, ""statistical_methods_score"": 80, ""communication_score"": 70}",Developing,SYNTHETIC_PROTOTYPE
IND-OSS-1488,Field Operations Officer (NSSO),Economic Statistics Division (ESD),8,59,69,65,58,99,98,74,92,11.0,347,62,30.0,Statistical Analyst,"{""statistical_analysis_score"": 85, ""data_visualization_score"": 75, ""python_score"": 75, ""sql_score"": 80, ""data_collection_score"": 60, ""data_quality_score"": 80, ""statistical_methods_score"": 80, ""communication_score"": 70}",Proficient,SYNTHETIC_PROTOTYPE
IND-OSS-1489,Assistant Director (Statistics),Central Statistics Office (CSO),4,69,57,58,54,65,78,79,67,4.0,75,64,55.0,Senior Statistical Officer (SSO),"{""statistical_analysis_score"": 85, ""data_visualization_score"": 75, ""python_score"": 70, ""sql_score"": 75, ""data_collection_score"": 85, ""data_quality_score"": 90, ""statistical_methods_score"": 85, ""communication_score"": 80}",Developing,SYNTHETIC_PROTOTYPE
IND-OSS-1490,Survey Data Specialist,Data Quality Assurance Division (DQAD),10,82,54,65,76,87,93,79,72,8.0,480,76,59.0,Data Analyst,"{""statistical_analysis_score"": 75, ""data_visualization_score"": 85, ""python_score"": 85, ""sql_score"": 85, ""data_collection_score"": 60, ""data_quality_score"": 80, ""statistical_methods_score"": 70, ""communication_score"": 75}",Proficient,SYNTHETIC_PROTOTYPE
IND-OSS-1491,Statistical Analyst,Economic Statistics Division (ESD),2,76,64,58,73,41,66,67,50,3.0,106,56,42.0,Survey Data Specialist,"{""statistical_analysis_score"": 80, ""data_visualization_score"": 70, ""python_score"": 65, ""sql_score"": 75, ""data_collection_score"": 88, ""data_quality_score"": 88, ""statistical_methods_score"": 80, ""communication_score"": 75}",Developing,SYNTHETIC_PROTOTYPE
IND-OSS-1492,Junior Statistical Officer (JSO),National Statistical Systems Training Academy (NSSTA),1,24,24,26,33,52,30,32,25,0.0,7,31,79.0,Field Operations Officer (NSSO),"{""statistical_analysis_score"": 65, ""data_visualization_score"": 55, ""python_score"": 45, ""sql_score"": 50, ""data_collection_score"": 92, ""data_quality_score"": 85, ""statistical_methods_score"": 70, ""communication_score"": 85}",Beginner,SYNTHETIC_PROTOTYPE
IND-OSS-1493,Assistant Director (Statistics),Economic Statistics Division (ESD),3,83,66,55,61,53,66,75,69,6.0,379,55,92.0,Assistant Director (Statistics),"{""statistical_analysis_score"": 90, ""data_visualization_score"": 80, ""python_score"": 70, ""sql_score"": 75, ""data_collection_score"": 75, ""data_quality_score"": 85, ""statistical_methods_score"": 90, ""communication_score"": 85}",Developing,SYNTHETIC_PROTOTYPE
IND-OSS-1494,Statistical Analyst,State Directorate of Economics and Statistics (DES),4,48,50,58,53,26,52,59,55,3.0,183,46,48.0,Junior Statistical Officer (JSO),"{""statistical_analysis_score"": 70, ""data_visualization_score"": 65, ""python_score"": 60, ""sql_score"": 65, ""data_collection_score"": 85, ""data_quality_score"": 80, ""statistical_methods_score"": 75, ""communication_score"": 70}",Beginner,SYNTHETIC_PROTOTYPE
IND-OSS-1495,Survey Data Specialist,Data Quality Assurance Division (DQAD),9,89,68,84,81,81,89,80,77,4.0,138,81,69.0,Survey Data Specialist,"{""statistical_analysis_score"": 80, ""data_visualization_score"": 70, ""python_score"": 65, ""sql_score"": 75, ""data_collection_score"": 88, ""data_quality_score"": 88, ""statistical_methods_score"": 80, ""communication_score"": 75}",Proficient,SYNTHETIC_PROTOTYPE
IND-OSS-1496,Field Operations Officer (NSSO),Economic Statistics Division (ESD),6,79,67,40,54,99,96,82,95,7.0,223,66,40.0,Junior Statistical Officer (JSO),"{""statistical_analysis_score"": 70, ""data_visualization_score"": 65, ""python_score"": 60, ""sql_score"": 65, ""data_collection_score"": 85, ""data_quality_score"": 80, ""statistical_methods_score"": 75, ""communication_score"": 70}",Developing,SYNTHETIC_PROTOTYPE
IND-OSS-1497,Assistant Director (Statistics),Data Quality Assurance Division (DQAD),3,76,54,57,67,64,84,61,70,3.0,91,61,53.0,Survey Data Specialist,"{""statistical_analysis_score"": 80, ""data_visualization_score"": 70, ""python_score"": 65, ""sql_score"": 75, ""data_collection_score"": 88, ""data_quality_score"": 88, ""statistical_methods_score"": 80, ""communication_score"": 75}",Developing,SYNTHETIC_PROTOTYPE
IND-OSS-1498,Senior Statistical Officer (SSO),State Directorate of Economics and Statistics (DES),9,53,41,49,59,65,80,58,54,8.0,127,54,10.0,Field Operations Officer (NSSO),"{""statistical_analysis_score"": 65, ""data_visualization_score"": 55, ""python_score"": 45, ""sql_score"": 50, ""data_collection_score"": 92, ""data_quality_score"": 85, ""statistical_methods_score"": 70, ""communication_score"": 85}",Developing,SYNTHETIC_PROTOTYPE
IND-OSS-1499,Statistical Analyst,Social Statistics Division (SSD),3,99,80,91,86,61,94,73,77,1.0,75,77,66.0,Statistical Analyst,"{""statistical_analysis_score"": 85, ""data_visualization_score"": 75, ""python_score"": 75, ""sql_score"": 80, ""data_collection_score"": 60, ""data_quality_score"": 80, ""statistical_methods_score"": 80, ""communication_score"": 70}",Proficient,SYNTHETIC_PROTOTYPE
IND-OSS-1500,Data Analyst,Data Quality Assurance Division (DQAD),7,83,99,99,99,90,85,85,85,4.0,71,85,7.0,Assistant Director (Statistics),"{""statistical_analysis_score"": 90, ""data_visualization_score"": 80, ""python_score"": 70, ""sql_score"": 75, ""data_collection_score"": 75, ""data_quality_score"": 85, ""statistical_methods_score"": 90, ""communication_score"": 85}",Advanced,SYNTHETIC_PROTOTYPE
IND-OSS-1501,Junior Statistical Officer (JSO),Central Statistics Office (CSO),3,40,17,20,27,40,40,40,28,6.0,104,33,13.0,Assistant Director (Statistics),"{""statistical_analysis_score"": 90, ""data_visualization_score"": 80, ""python_score"": 70, ""sql_score"": 75, ""data_collection_score"": 75, ""data_quality_score"": 85, ""statistical_methods_score"": 90, ""communication_score"": 85}",Beginner,SYNTHETIC_PROTOTYPE
IND-OSS-1502,Statistical Analyst,Economic Statistics Division (ESD),6,43,43,42,40,31,44,52,44,7.0,315,43,65.0,Statistical Analyst,"{""statistical_analysis_score"": 85, ""data_visualization_score"": 75, ""python_score"": 75, ""sql_score"": 80, ""data_collection_score"": 60, ""data_quality_score"": 80, ""statistical_methods_score"": 80, ""communication_score"": 70}",Beginner,SYNTHETIC_PROTOTYPE
IND-OSS-1503,Survey Data Specialist,Data Quality Assurance Division (DQAD),9,99,81,89,89,99,99,99,97,5.0,105,86,20.0,Assistant Director (Statistics),"{""statistical_analysis_score"": 90, ""data_visualization_score"": 80, ""python_score"": 70, ""sql_score"": 75, ""data_collection_score"": 75, ""data_quality_score"": 85, ""statistical_methods_score"": 90, ""communication_score"": 85}",Advanced,SYNTHETIC_PROTOTYPE
IND-OSS-1504,Survey Data Specialist,National Sample Survey Office (NSSO),6,69,54,41,56,85,85,61,67,2.0,121,53,68.0,Senior Statistical Officer (SSO),"{""statistical_analysis_score"": 85, ""data_visualization_score"": 75, ""python_score"": 70, ""sql_score"": 75, ""data_collection_score"": 85, ""data_quality_score"": 90, ""statistical_methods_score"": 85, ""communication_score"": 80}",Developing,SYNTHETIC_PROTOTYPE
IND-OSS-1505,Data Analyst,Data Quality Assurance Division (DQAD),8,55,93,75,78,47,60,58,64,10.0,616,69,46.0,Junior Statistical Officer (JSO),"{""statistical_analysis_score"": 70, ""data_visualization_score"": 65, ""python_score"": 60, ""sql_score"": 65, ""data_collection_score"": 85, ""data_quality_score"": 80, ""statistical_methods_score"": 75, ""communication_score"": 70}",Developing,SYNTHETIC_PROTOTYPE
IND-OSS-1506,Statistical Analyst,National Sample Survey Office (NSSO),1,70,64,70,71,44,61,58,62,2.0,102,59,41.0,Junior Statistical Officer (JSO),"{""statistical_analysis_score"": 70, ""data_visualization_score"": 65, ""python_score"": 60, ""sql_score"": 65, ""data_collection_score"": 85, ""data_quality_score"": 80, ""statistical_methods_score"": 75, ""communication_score"": 70}",Developing,SYNTHETIC_PROTOTYPE
IND-OSS-1507,Survey Data Specialist,National Sample Survey Office (NSSO),2,75,64,64,79,94,99,87,66,2.0,45,66,47.0,Junior Statistical Officer (JSO),"{""statistical_analysis_score"": 70, ""data_visualization_score"": 65, ""python_score"": 60, ""sql_score"": 65, ""data_collection_score"": 85, ""data_quality_score"": 80, ""statistical_methods_score"": 75, ""communication_score"": 70}",Developing,SYNTHETIC_PROTOTYPE
IND-OSS-1508,Junior Statistical Officer (JSO),National Statistical Systems Training Academy (NSSTA),3,42,31,34,36,70,59,53,45,0.0,2,25,57.0,Senior Statistical Officer (SSO),"{""statistical_analysis_score"": 85, ""data_visualization_score"": 75, ""python_score"": 70, ""sql_score"": 75, ""data_collection_score"": 85, ""data_quality_score"": 90, ""statistical_methods_score"": 85, ""communication_score"": 80}",Beginner,SYNTHETIC_PROTOTYPE
IND-OSS-1509,Data Analyst,Central Statistics Office (CSO),1,59,64,67,70,34,58,46,60,1.0,64,64,49.0,Field Operations Officer (NSSO),"{""statistical_analysis_score"": 65, ""data_visualization_score"": 55, ""python_score"": 45, ""sql_score"": 50, ""data_collection_score"": 92, ""data_quality_score"": 85, ""statistical_methods_score"": 70, ""communication_score"": 85}",Developing,SYNTHETIC_PROTOTYPE
IND-OSS-1510,Senior Statistical Officer (SSO),Social Statistics Division (SSD),2,42,29,20,33,28,48,43,43,4.0,126,26,86.0,Assistant Director (Statistics),"{""statistical_analysis_score"": 90, ""data_visualization_score"": 80, ""python_score"": 70, ""sql_score"": 75, ""data_collection_score"": 75, ""data_quality_score"": 85, ""statistical_methods_score"": 90, ""communication_score"": 85}",Beginner,SYNTHETIC_PROTOTYPE
IND-OSS-1511,Survey Data Specialist,Central Statistics Office (CSO),4,79,67,66,79,95,87,67,72,8.0,174,67,42.0,Data Analyst,"{""statistical_analysis_score"": 75, ""data_visualization_score"": 85, ""python_score"": 85, ""sql_score"": 85, ""data_collection_score"": 60, ""data_quality_score"": 80, ""statistical_methods_score"": 70, ""communication_score"": 75}",Developing,SYNTHETIC_PROTOTYPE
IND-OSS-1512,Data Analyst,National Sample Survey Office (NSSO),2,45,67,66,36,34,56,38,47,2.0,35,54,41.0,Field Operations Officer (NSSO),"{""statistical_analysis_score"": 65, ""data_visualization_score"": 55, ""python_score"": 45, ""sql_score"": 50, ""data_collection_score"": 92, ""data_quality_score"": 85, ""statistical_methods_score"": 70, ""communication_score"": 85}",Beginner,SYNTHETIC_PROTOTYPE
IND-OSS-1513,Survey Data Specialist,Economic Statistics Division (ESD),4,62,73,71,69,83,90,81,81,2.0,100,68,64.0,Field Operations Officer (NSSO),"{""statistical_analysis_score"": 65, ""data_visualization_score"": 55, ""python_score"": 45, ""sql_score"": 50, ""data_collection_score"": 92, ""data_quality_score"": 85, ""statistical_methods_score"": 70, ""communication_score"": 85}",Developing,SYNTHETIC_PROTOTYPE
IND-OSS-1514,Assistant Director (Statistics),Central Statistics Office (CSO),4,70,59,60,58,57,64,69,72,4.0,248,51,65.0,Senior Statistical Officer (SSO),"{""statistical_analysis_score"": 85, ""data_visualization_score"": 75, ""python_score"": 70, ""sql_score"": 75, ""data_collection_score"": 85, ""data_quality_score"": 90, ""statistical_methods_score"": 85, ""communication_score"": 80}",Developing,SYNTHETIC_PROTOTYPE
IND-OSS-1515,Field Operations Officer (NSSO),Central Statistics Office (CSO),3,57,26,30,41,74,66,52,70,3.0,77,47,89.0,Data Analyst,"{""statistical_analysis_score"": 75, ""data_visualization_score"": 85, ""python_score"": 85, ""sql_score"": 85, ""data_collection_score"": 60, ""data_quality_score"": 80, ""statistical_methods_score"": 70, ""communication_score"": 75}",Beginner,SYNTHETIC_PROTOTYPE
IND-OSS-1516,Senior Statistical Officer (SSO),Data Quality Assurance Division (DQAD),7,79,67,58,73,75,77,64,59,7.0,154,65,26.0,Junior Statistical Officer (JSO),"{""statistical_analysis_score"": 70, ""data_visualization_score"": 65, ""python_score"": 60, ""sql_score"": 65, ""data_collection_score"": 85, ""data_quality_score"": 80, ""statistical_methods_score"": 75, ""communication_score"": 70}",Developing,SYNTHETIC_PROTOTYPE
IND-OSS-1517,Senior Statistical Officer (SSO),National Statistical Systems Training Academy (NSSTA),2,74,72,71,68,66,77,75,65,1.0,47,65,40.0,Assistant Director (Statistics),"{""statistical_analysis_score"": 90, ""data_visualization_score"": 80, ""python_score"": 70, ""sql_score"": 75, ""data_collection_score"": 75, ""data_quality_score"": 85, ""statistical_methods_score"": 90, ""communication_score"": 85}",Developing,SYNTHETIC_PROTOTYPE
IND-OSS-1518,Statistical Analyst,State Directorate of Economics and Statistics (DES),7,72,70,48,60,40,64,51,63,6.0,191,55,53.0,Senior Statistical Officer (SSO),"{""statistical_analysis_score"": 85, ""data_visualization_score"": 75, ""python_score"": 70, ""sql_score"": 75, ""data_collection_score"": 85, ""data_quality_score"": 90, ""statistical_methods_score"": 85, ""communication_score"": 80}",Developing,SYNTHETIC_PROTOTYPE
IND-OSS-1519,Junior Statistical Officer (JSO),Data Quality Assurance Division (DQAD),6,79,73,68,78,99,96,95,92,2.0,103,68,33.0,Field Operations Officer (NSSO),"{""statistical_analysis_score"": 65, ""data_visualization_score"": 55, ""python_score"": 45, ""sql_score"": 50, ""data_collection_score"": 92, ""data_quality_score"": 85, ""statistical_methods_score"": 70, ""communication_score"": 85}",Proficient,SYNTHETIC_PROTOTYPE
IND-OSS-1520,Data Analyst,National Sample Survey Office (NSSO),6,42,50,55,58,26,60,50,57,5.0,241,31,77.0,Senior Statistical Officer (SSO),"{""statistical_analysis_score"": 85, ""data_visualization_score"": 75, ""python_score"": 70, ""sql_score"": 75, ""data_collection_score"": 85, ""data_quality_score"": 90, ""statistical_methods_score"": 85, ""communication_score"": 80}",Beginner,SYNTHETIC_PROTOTYPE
IND-OSS-1521,Junior Statistical Officer (JSO),Social Statistics Division (SSD),5,70,55,46,71,84,80,77,61,5.0,304,62,48.0,Junior Statistical Officer (JSO),"{""statistical_analysis_score"": 70, ""data_visualization_score"": 65, ""python_score"": 60, ""sql_score"": 65, ""data_collection_score"": 85, ""data_quality_score"": 80, ""statistical_methods_score"": 75, ""communication_score"": 70}",Developing,SYNTHETIC_PROTOTYPE
IND-OSS-1522,Assistant Director (Statistics),Economic Statistics Division (ESD),8,78,68,59,53,52,56,77,62,6.0,287,71,28.0,Assistant Director (Statistics),"{""statistical_analysis_score"": 90, ""data_visualization_score"": 80, ""python_score"": 70, ""sql_score"": 75, ""data_collection_score"": 75, ""data_quality_score"": 85, ""statistical_methods_score"": 90, ""communication_score"": 85}",Developing,SYNTHETIC_PROTOTYPE
IND-OSS-1523,Junior Statistical Officer (JSO),Economic Statistics Division (ESD),2,40,37,26,42,66,52,55,44,3.0,92,42,82.0,Survey Data Specialist,"{""statistical_analysis_score"": 80, ""data_visualization_score"": 70, ""python_score"": 65, ""sql_score"": 75, ""data_collection_score"": 88, ""data_quality_score"": 88, ""statistical_methods_score"": 80, ""communication_score"": 75}",Beginner,SYNTHETIC_PROTOTYPE
IND-OSS-1524,Junior Statistical Officer (JSO),Central Statistics Office (CSO),8,61,49,55,56,72,63,55,62,3.0,54,47,75.0,Senior Statistical Officer (SSO),"{""statistical_analysis_score"": 85, ""data_visualization_score"": 75, ""python_score"": 70, ""sql_score"": 75, ""data_collection_score"": 85, ""data_quality_score"": 90, ""statistical_methods_score"": 85, ""communication_score"": 80}",Developing,SYNTHETIC_PROTOTYPE
IND-OSS-1525,Survey Data Specialist,Economic Statistics Division (ESD),12,84,52,67,67,83,86,90,67,11.0,673,76,49.0,Statistical Analyst,"{""statistical_analysis_score"": 85, ""data_visualization_score"": 75, ""python_score"": 75, ""sql_score"": 80, ""data_collection_score"": 60, ""data_quality_score"": 80, ""statistical_methods_score"": 80, ""communication_score"": 70}",Proficient,SYNTHETIC_PROTOTYPE
IND-OSS-1526,Data Analyst,Economic Statistics Division (ESD),7,74,90,78,85,56,92,85,76,7.0,327,68,58.0,Field Operations Officer (NSSO),"{""statistical_analysis_score"": 65, ""data_visualization_score"": 55, ""python_score"": 45, ""sql_score"": 50, ""data_collection_score"": 92, ""data_quality_score"": 85, ""statistical_methods_score"": 70, ""communication_score"": 85}",Proficient,SYNTHETIC_PROTOTYPE
IND-OSS-1527,Junior Statistical Officer (JSO),Social Statistics Division (SSD),7,63,67,52,59,68,77,72,55,7.0,123,59,57.0,Junior Statistical Officer (JSO),"{""statistical_analysis_score"": 70, ""data_visualization_score"": 65, ""python_score"": 60, ""sql_score"": 65, ""data_collection_score"": 85, ""data_quality_score"": 80, ""statistical_methods_score"": 75, ""communication_score"": 70}",Developing,SYNTHETIC_PROTOTYPE
IND-OSS-1528,Assistant Director (Statistics),National Statistical Systems Training Academy (NSSTA),4,65,45,43,61,50,47,66,66,2.0,92,47,85.0,Statistical Analyst,"{""statistical_analysis_score"": 85, ""data_visualization_score"": 75, ""python_score"": 75, ""sql_score"": 80, ""data_collection_score"": 60, ""data_quality_score"": 80, ""statistical_methods_score"": 80, ""communication_score"": 70}",Developing,SYNTHETIC_PROTOTYPE
IND-OSS-1529,Survey Data Specialist,Data Quality Assurance Division (DQAD),18,77,69,70,70,88,97,85,72,9.0,152,51,43.0,Senior Statistical Officer (SSO),"{""statistical_analysis_score"": 85, ""data_visualization_score"": 75, ""python_score"": 70, ""sql_score"": 75, ""data_collection_score"": 85, ""data_quality_score"": 90, ""statistical_methods_score"": 85, ""communication_score"": 80}",Proficient,SYNTHETIC_PROTOTYPE
IND-OSS-1530,Junior Statistical Officer (JSO),National Sample Survey Office (NSSO),5,60,44,46,47,68,70,57,60,6.0,123,41,48.0,Field Operations Officer (NSSO),"{""statistical_analysis_score"": 65, ""data_visualization_score"": 55, ""python_score"": 45, ""sql_score"": 50, ""data_collection_score"": 92, ""data_quality_score"": 85, ""statistical_methods_score"": 70, ""communication_score"": 85}",Beginner,SYNTHETIC_PROTOTYPE
IND-OSS-1531,Survey Data Specialist,Data Quality Assurance Division (DQAD),6,78,72,67,69,87,80,68,68,3.0,61,69,48.0,Survey Data Specialist,"{""statistical_analysis_score"": 80, ""data_visualization_score"": 70, ""python_score"": 65, ""sql_score"": 75, ""data_collection_score"": 88, ""data_quality_score"": 88, ""statistical_methods_score"": 80, ""communication_score"": 75}",Developing,SYNTHETIC_PROTOTYPE
IND-OSS-1532,Assistant Director (Statistics),National Sample Survey Office (NSSO),10,69,62,38,40,50,48,62,55,12.0,726,49,71.0,Field Operations Officer (NSSO),"{""statistical_analysis_score"": 65, ""data_visualization_score"": 55, ""python_score"": 45, ""sql_score"": 50, ""data_collection_score"": 92, ""data_quality_score"": 85, ""statistical_methods_score"": 70, ""communication_score"": 85}",Developing,SYNTHETIC_PROTOTYPE
IND-OSS-1533,Assistant Director (Statistics),Economic Statistics Division (ESD),3,89,78,74,79,82,93,99,88,4.0,72,87,57.0,Survey Data Specialist,"{""statistical_analysis_score"": 80, ""data_visualization_score"": 70, ""python_score"": 65, ""sql_score"": 75, ""data_collection_score"": 88, ""data_quality_score"": 88, ""statistical_methods_score"": 80, ""communication_score"": 75}",Proficient,SYNTHETIC_PROTOTYPE
IND-OSS-1534,Junior Statistical Officer (JSO),State Directorate of Economics and Statistics (DES),5,42,53,37,33,59,43,37,52,8.0,378,43,55.0,Survey Data Specialist,"{""statistical_analysis_score"": 80, ""data_visualization_score"": 70, ""python_score"": 65, ""sql_score"": 75, ""data_collection_score"": 88, ""data_quality_score"": 88, ""statistical_methods_score"": 80, ""communication_score"": 75}",Beginner,SYNTHETIC_PROTOTYPE
IND-OSS-1535,Data Analyst,Social Statistics Division (SSD),4,69,81,82,81,61,80,64,59,2.0,60,71,58.0,Survey Data Specialist,"{""statistical_analysis_score"": 80, ""data_visualization_score"": 70, ""python_score"": 65, ""sql_score"": 75, ""data_collection_score"": 88, ""data_quality_score"": 88, ""statistical_methods_score"": 80, ""communication_score"": 75}",Developing,SYNTHETIC_PROTOTYPE
IND-OSS-1536,Junior Statistical Officer (JSO),Central Statistics Office (CSO),4,54,57,54,63,96,81,64,61,2.0,126,70,24.0,Assistant Director (Statistics),"{""statistical_analysis_score"": 90, ""data_visualization_score"": 80, ""python_score"": 70, ""sql_score"": 75, ""data_collection_score"": 75, ""data_quality_score"": 85, ""statistical_methods_score"": 90, ""communication_score"": 85}",Developing,SYNTHETIC_PROTOTYPE
IND-OSS-1537,Data Analyst,Social Statistics Division (SSD),3,30,50,32,28,16,32,19,29,4.0,192,35,52.0,Junior Statistical Officer (JSO),"{""statistical_analysis_score"": 70, ""data_visualization_score"": 65, ""python_score"": 60, ""sql_score"": 65, ""data_collection_score"": 85, ""data_quality_score"": 80, ""statistical_methods_score"": 75, ""communication_score"": 70}",Beginner,SYNTHETIC_PROTOTYPE
IND-OSS-1538,Assistant Director (Statistics),State Directorate of Economics and Statistics (DES),3,72,62,48,55,66,76,73,57,6.0,369,62,63.0,Assistant Director (Statistics),"{""statistical_analysis_score"": 90, ""data_visualization_score"": 80, ""python_score"": 70, ""sql_score"": 75, ""data_collection_score"": 75, ""data_quality_score"": 85, ""statistical_methods_score"": 90, ""communication_score"": 85}",Developing,SYNTHETIC_PROTOTYPE
IND-OSS-1539,Survey Data Specialist,Data Quality Assurance Division (DQAD),5,61,57,44,69,61,79,57,45,6.0,90,58,75.0,Assistant Director (Statistics),"{""statistical_analysis_score"": 90, ""data_visualization_score"": 80, ""python_score"": 70, ""sql_score"": 75, ""data_collection_score"": 75, ""data_quality_score"": 85, ""statistical_methods_score"": 90, ""communication_score"": 85}",Developing,SYNTHETIC_PROTOTYPE
IND-OSS-1540,Survey Data Specialist,Central Statistics Office (CSO),3,64,40,36,55,73,69,57,51,4.0,61,58,42.0,Assistant Director (Statistics),"{""statistical_analysis_score"": 90, ""data_visualization_score"": 80, ""python_score"": 70, ""sql_score"": 75, ""data_collection_score"": 75, ""data_quality_score"": 85, ""statistical_methods_score"": 90, ""communication_score"": 85}",Developing,SYNTHETIC_PROTOTYPE
IND-OSS-1541,Statistical Analyst,Data Quality Assurance Division (DQAD),6,76,66,62,71,60,66,84,57,5.0,77,68,32.0,Assistant Director (Statistics),"{""statistical_analysis_score"": 90, ""data_visualization_score"": 80, ""python_score"": 70, ""sql_score"": 75, ""data_collection_score"": 75, ""data_quality_score"": 85, ""statistical_methods_score"": 90, ""communication_score"": 85}",Developing,SYNTHETIC_PROTOTYPE
IND-OSS-1542,Statistical Analyst,National Statistical Systems Training Academy (NSSTA),6,74,54,68,61,29,69,46,48,8.0,488,67,43.0,Survey Data Specialist,"{""statistical_analysis_score"": 80, ""data_visualization_score"": 70, ""python_score"": 65, ""sql_score"": 75, ""data_collection_score"": 88, ""data_quality_score"": 88, ""statistical_methods_score"": 80, ""communication_score"": 75}",Developing,SYNTHETIC_PROTOTYPE
IND-OSS-1543,Senior Statistical Officer (SSO),National Sample Survey Office (NSSO),3,91,79,70,65,72,99,77,79,5.0,117,69,71.0,Field Operations Officer (NSSO),"{""statistical_analysis_score"": 65, ""data_visualization_score"": 55, ""python_score"": 45, ""sql_score"": 50, ""data_collection_score"": 92, ""data_quality_score"": 85, ""statistical_methods_score"": 70, ""communication_score"": 85}",Proficient,SYNTHETIC_PROTOTYPE
IND-OSS-1544,Junior Statistical Officer (JSO),Data Quality Assurance Division (DQAD),8,48,42,27,42,59,68,50,50,12.0,196,39,52.0,Data Analyst,"{""statistical_analysis_score"": 75, ""data_visualization_score"": 85, ""python_score"": 85, ""sql_score"": 85, ""data_collection_score"": 60, ""data_quality_score"": 80, ""statistical_methods_score"": 70, ""communication_score"": 75}",Beginner,SYNTHETIC_PROTOTYPE
IND-OSS-1545,Statistical Analyst,National Statistical Systems Training Academy (NSSTA),15,87,80,76,92,56,82,88,65,13.0,597,71,86.0,Junior Statistical Officer (JSO),"{""statistical_analysis_score"": 70, ""data_visualization_score"": 65, ""python_score"": 60, ""sql_score"": 65, ""data_collection_score"": 85, ""data_quality_score"": 80, ""statistical_methods_score"": 75, ""communication_score"": 70}",Proficient,SYNTHETIC_PROTOTYPE
IND-OSS-1546,Assistant Director (Statistics),Economic Statistics Division (ESD),2,83,74,53,57,68,71,69,82,5.0,306,73,62.0,Data Analyst,"{""statistical_analysis_score"": 75, ""data_visualization_score"": 85, ""python_score"": 85, ""sql_score"": 85, ""data_collection_score"": 60, ""data_quality_score"": 80, ""statistical_methods_score"": 70, ""communication_score"": 75}",Developing,SYNTHETIC_PROTOTYPE
IND-OSS-1547,Data Analyst,Central Statistics Office (CSO),1,78,79,88,87,57,78,67,55,0.0,15,69,26.0,Survey Data Specialist,"{""statistical_analysis_score"": 80, ""data_visualization_score"": 70, ""python_score"": 65, ""sql_score"": 75, ""data_collection_score"": 88, ""data_quality_score"": 88, ""statistical_methods_score"": 80, ""communication_score"": 75}",Developing,SYNTHETIC_PROTOTYPE
IND-OSS-1548,Field Operations Officer (NSSO),National Statistical Systems Training Academy (NSSTA),1,48,31,34,30,79,66,47,61,4.0,182,41,39.0,Field Operations Officer (NSSO),"{""statistical_analysis_score"": 65, ""data_visualization_score"": 55, ""python_score"": 45, ""sql_score"": 50, ""data_collection_score"": 92, ""data_quality_score"": 85, ""statistical_methods_score"": 70, ""communication_score"": 85}",Beginner,SYNTHETIC_PROTOTYPE
IND-OSS-1549,Field Operations Officer (NSSO),National Statistical Systems Training Academy (NSSTA),6,30,21,15,36,63,50,54,64,7.0,435,33,11.0,Survey Data Specialist,"{""statistical_analysis_score"": 80, ""data_visualization_score"": 70, ""python_score"": 65, ""sql_score"": 75, ""data_collection_score"": 88, ""data_quality_score"": 88, ""statistical_methods_score"": 80, ""communication_score"": 75}",Beginner,SYNTHETIC_PROTOTYPE
IND-OSS-1550,Data Analyst,National Statistical Systems Training Academy (NSSTA),2,99,93,99,99,71,86,86,89,3.0,97,76,6.0,Survey Data Specialist,"{""statistical_analysis_score"": 80, ""data_visualization_score"": 70, ""python_score"": 65, ""sql_score"": 75, ""data_collection_score"": 88, ""data_quality_score"": 88, ""statistical_methods_score"": 80, ""communication_score"": 75}",Proficient,SYNTHETIC_PROTOTYPE
IND-OSS-1551,Senior Statistical Officer (SSO),State Directorate of Economics and Statistics (DES),2,69,60,38,56,64,71,52,70,5.0,313,55,40.0,Junior Statistical Officer (JSO),"{""statistical_analysis_score"": 70, ""data_visualization_score"": 65, ""python_score"": 60, ""sql_score"": 65, ""data_collection_score"": 85, ""data_quality_score"": 80, ""statistical_methods_score"": 75, ""communication_score"": 70}",Developing,SYNTHETIC_PROTOTYPE
IND-OSS-1552,Assistant Director (Statistics),State Directorate of Economics and Statistics (DES),9,86,66,61,72,67,79,90,65,9.0,545,69,62.0,Junior Statistical Officer (JSO),"{""statistical_analysis_score"": 70, ""data_visualization_score"": 65, ""python_score"": 60, ""sql_score"": 65, ""data_collection_score"": 85, ""data_quality_score"": 80, ""statistical_methods_score"": 75, ""communication_score"": 70}",Proficient,SYNTHETIC_PROTOTYPE
IND-OSS-1553,Survey Data Specialist,National Sample Survey Office (NSSO),5,73,46,55,57,79,66,64,48,8.0,136,69,18.0,Senior Statistical Officer (SSO),"{""statistical_analysis_score"": 85, ""data_visualization_score"": 75, ""python_score"": 70, ""sql_score"": 75, ""data_collection_score"": 85, ""data_quality_score"": 90, ""statistical_methods_score"": 85, ""communication_score"": 80}",Developing,SYNTHETIC_PROTOTYPE
IND-OSS-1554,Statistical Analyst,Central Statistics Office (CSO),3,89,70,73,64,58,84,66,60,2.0,48,69,15.0,Survey Data Specialist,"{""statistical_analysis_score"": 80, ""data_visualization_score"": 70, ""python_score"": 65, ""sql_score"": 75, ""data_collection_score"": 88, ""data_quality_score"": 88, ""statistical_methods_score"": 80, ""communication_score"": 75}",Developing,SYNTHETIC_PROTOTYPE
IND-OSS-1555,Data Analyst,State Directorate of Economics and Statistics (DES),2,66,82,68,72,50,68,58,77,1.0,21,66,68.0,Assistant Director (Statistics),"{""statistical_analysis_score"": 90, ""data_visualization_score"": 80, ""python_score"": 70, ""sql_score"": 75, ""data_collection_score"": 75, ""data_quality_score"": 85, ""statistical_methods_score"": 90, ""communication_score"": 85}",Developing,SYNTHETIC_PROTOTYPE
IND-OSS-1556,Assistant Director (Statistics),Data Quality Assurance Division (DQAD),7,75,58,58,69,77,81,89,74,4.0,245,66,39.0,Senior Statistical Officer (SSO),"{""statistical_analysis_score"": 85, ""data_visualization_score"": 75, ""python_score"": 70, ""sql_score"": 75, ""data_collection_score"": 85, ""data_quality_score"": 90, ""statistical_methods_score"": 85, ""communication_score"": 80}",Developing,SYNTHETIC_PROTOTYPE
IND-OSS-1557,Survey Data Specialist,State Directorate of Economics and Statistics (DES),4,57,61,47,65,76,79,67,68,5.0,306,66,86.0,Field Operations Officer (NSSO),"{""statistical_analysis_score"": 65, ""data_visualization_score"": 55, ""python_score"": 45, ""sql_score"": 50, ""data_collection_score"": 92, ""data_quality_score"": 85, ""statistical_methods_score"": 70, ""communication_score"": 85}",Developing,SYNTHETIC_PROTOTYPE
IND-OSS-1558,Junior Statistical Officer (JSO),National Sample Survey Office (NSSO),8,54,43,57,61,80,81,62,51,4.0,246,57,90.0,Survey Data Specialist,"{""statistical_analysis_score"": 80, ""data_visualization_score"": 70, ""python_score"": 65, ""sql_score"": 75, ""data_collection_score"": 88, ""data_quality_score"": 88, ""statistical_methods_score"": 80, ""communication_score"": 75}",Developing,SYNTHETIC_PROTOTYPE
IND-OSS-1559,Senior Statistical Officer (SSO),National Sample Survey Office (NSSO),9,46,57,53,47,66,58,43,46,6.0,132,47,75.0,Junior Statistical Officer (JSO),"{""statistical_analysis_score"": 70, ""data_visualization_score"": 65, ""python_score"": 60, ""sql_score"": 65, ""data_collection_score"": 85, ""data_quality_score"": 80, ""statistical_methods_score"": 75, ""communication_score"": 70}",Developing,SYNTHETIC_PROTOTYPE
IND-OSS-1560,Field Operations Officer (NSSO),National Sample Survey Office (NSSO),1,66,52,39,51,99,81,88,76,3.0,61,65,84.0,Senior Statistical Officer (SSO),"{""statistical_analysis_score"": 85, ""data_visualization_score"": 75, ""python_score"": 70, ""sql_score"": 75, ""data_collection_score"": 85, ""data_quality_score"": 90, ""statistical_methods_score"": 85, ""communication_score"": 80}",Developing,SYNTHETIC_PROTOTYPE
IND-OSS-1561,Junior Statistical Officer (JSO),Data Quality Assurance Division (DQAD),3,37,43,37,45,76,58,57,41,2.0,57,53,10.0,Assistant Director (Statistics),"{""statistical_analysis_score"": 90, ""data_visualization_score"": 80, ""python_score"": 70, ""sql_score"": 75, ""data_collection_score"": 75, ""data_quality_score"": 85, ""statistical_methods_score"": 90, ""communication_score"": 85}",Beginner,SYNTHETIC_PROTOTYPE
IND-OSS-1562,Assistant Director (Statistics),National Statistical Systems Training Academy (NSSTA),1,83,65,67,71,63,80,61,83,1.0,21,71,24.0,Field Operations Officer (NSSO),"{""statistical_analysis_score"": 65, ""data_visualization_score"": 55, ""python_score"": 45, ""sql_score"": 50, ""data_collection_score"": 92, ""data_quality_score"": 85, ""statistical_methods_score"": 70, ""communication_score"": 85}",Developing,SYNTHETIC_PROTOTYPE
IND-OSS-1563,Senior Statistical Officer (SSO),State Directorate of Economics and Statistics (DES),4,58,58,52,61,65,75,67,62,3.0,49,58,37.0,Assistant Director (Statistics),"{""statistical_analysis_score"": 90, ""data_visualization_score"": 80, ""python_score"": 70, ""sql_score"": 75, ""data_collection_score"": 75, ""data_quality_score"": 85, ""statistical_methods_score"": 90, ""communication_score"": 85}",Developing,SYNTHETIC_PROTOTYPE
IND-OSS-1564,Junior Statistical Officer (JSO),National Sample Survey Office (NSSO),2,72,62,44,52,72,84,66,55,2.0,106,61,29.0,Assistant Director (Statistics),"{""statistical_analysis_score"": 90, ""data_visualization_score"": 80, ""python_score"": 70, ""sql_score"": 75, ""data_collection_score"": 75, ""data_quality_score"": 85, ""statistical_methods_score"": 90, ""communication_score"": 85}",Developing,SYNTHETIC_PROTOTYPE
IND-OSS-1565,Data Analyst,Economic Statistics Division (ESD),3,60,71,75,91,51,65,53,61,5.0,106,74,50.0,Statistical Analyst,"{""statistical_analysis_score"": 85, ""data_visualization_score"": 75, ""python_score"": 75, ""sql_score"": 80, ""data_collection_score"": 60, ""data_quality_score"": 80, ""statistical_methods_score"": 80, ""communication_score"": 70}",Developing,SYNTHETIC_PROTOTYPE
IND-OSS-1566,Field Operations Officer (NSSO),Social Statistics Division (SSD),3,52,47,26,34,89,66,66,72,4.0,258,41,82.0,Junior Statistical Officer (JSO),"{""statistical_analysis_score"": 70, ""data_visualization_score"": 65, ""python_score"": 60, ""sql_score"": 65, ""data_collection_score"": 85, ""data_quality_score"": 80, ""statistical_methods_score"": 75, ""communication_score"": 70}",Beginner,SYNTHETIC_PROTOTYPE
IND-OSS-1567,Field Operations Officer (NSSO),Central Statistics Office (CSO),6,49,40,21,27,70,70,55,80,2.0,137,50,,Assistant Director (Statistics),"{""statistical_analysis_score"": 90, ""data_visualization_score"": 80, ""python_score"": 70, ""sql_score"": 75, ""data_collection_score"": 75, ""data_quality_score"": 85, ""statistical_methods_score"": 90, ""communication_score"": 85}",Developing,SYNTHETIC_PROTOTYPE
IND-OSS-1568,Statistical Analyst,Data Quality Assurance Division (DQAD),10,74,53,65,83,38,66,50,56,8.0,163,61,,Survey Data Specialist,"{""statistical_analysis_score"": 80, ""data_visualization_score"": 70, ""python_score"": 65, ""sql_score"": 75, ""data_collection_score"": 88, ""data_quality_score"": 88, ""statistical_methods_score"": 80, ""communication_score"": 75}",Developing,SYNTHETIC_PROTOTYPE
IND-OSS-1569,Senior Statistical Officer (SSO),Data Quality Assurance Division (DQAD),5,72,70,41,49,82,78,81,65,4.0,125,72,9.0,Junior Statistical Officer (JSO),"{""statistical_analysis_score"": 70, ""data_visualization_score"": 65, ""python_score"": 60, ""sql_score"": 65, ""data_collection_score"": 85, ""data_quality_score"": 80, ""statistical_methods_score"": 75, ""communication_score"": 70}",Developing,SYNTHETIC_PROTOTYPE
IND-OSS-1570,Assistant Director (Statistics),Economic Statistics Division (ESD),2,86,85,89,78,72,85,95,87,5.0,92,69,73.0,Statistical Analyst,"{""statistical_analysis_score"": 85, ""data_visualization_score"": 75, ""python_score"": 75, ""sql_score"": 80, ""data_collection_score"": 60, ""data_quality_score"": 80, ""statistical_methods_score"": 80, ""communication_score"": 70}",Proficient,SYNTHETIC_PROTOTYPE
IND-OSS-1571,Data Analyst,National Sample Survey Office (NSSO),8,77,91,81,92,67,87,65,73,7.0,435,74,25.0,Statistical Analyst,"{""statistical_analysis_score"": 85, ""data_visualization_score"": 75, ""python_score"": 75, ""sql_score"": 80, ""data_collection_score"": 60, ""data_quality_score"": 80, ""statistical_methods_score"": 80, ""communication_score"": 70}",Proficient,SYNTHETIC_PROTOTYPE
IND-OSS-1572,Junior Statistical Officer (JSO),Economic Statistics Division (ESD),8,57,53,44,36,60,65,57,55,6.0,104,42,23.0,Statistical Analyst,"{""statistical_analysis_score"": 85, ""data_visualization_score"": 75, ""python_score"": 75, ""sql_score"": 80, ""data_collection_score"": 60, ""data_quality_score"": 80, ""statistical_methods_score"": 80, ""communication_score"": 70}",Developing,SYNTHETIC_PROTOTYPE
IND-OSS-1573,Statistical Analyst,Central Statistics Office (CSO),6,67,44,56,61,56,47,78,55,7.0,434,65,10.0,Field Operations Officer (NSSO),"{""statistical_analysis_score"": 65, ""data_visualization_score"": 55, ""python_score"": 45, ""sql_score"": 50, ""data_collection_score"": 92, ""data_quality_score"": 85, ""statistical_methods_score"": 70, ""communication_score"": 85}",Developing,SYNTHETIC_PROTOTYPE
IND-OSS-1574,Data Analyst,Economic Statistics Division (ESD),8,56,67,70,65,43,65,49,52,6.0,128,66,52.0,Senior Statistical Officer (SSO),"{""statistical_analysis_score"": 85, ""data_visualization_score"": 75, ""python_score"": 70, ""sql_score"": 75, ""data_collection_score"": 85, ""data_quality_score"": 90, ""statistical_methods_score"": 85, ""communication_score"": 80}",Developing,SYNTHETIC_PROTOTYPE
IND-OSS-1575,Junior Statistical Officer (JSO),Data Quality Assurance Division (DQAD),4,62,56,50,71,77,85,74,76,4.0,85,57,19.0,Assistant Director (Statistics),"{""statistical_analysis_score"": 90, ""data_visualization_score"": 80, ""python_score"": 70, ""sql_score"": 75, ""data_collection_score"": 75, ""data_quality_score"": 85, ""statistical_methods_score"": 90, ""communication_score"": 85}",Developing,SYNTHETIC_PROTOTYPE
IND-OSS-1576,Assistant Director (Statistics),Social Statistics Division (SSD),16,99,97,84,87,98,99,97,96,17.0,268,85,72.0,Senior Statistical Officer (SSO),"{""statistical_analysis_score"": 85, ""data_visualization_score"": 75, ""python_score"": 70, ""sql_score"": 75, ""data_collection_score"": 85, ""data_quality_score"": 90, ""statistical_methods_score"": 85, ""communication_score"": 80}",Advanced,SYNTHETIC_PROTOTYPE
IND-OSS-1577,Field Operations Officer (NSSO),Data Quality Assurance Division (DQAD),18,44,54,24,32,84,85,62,68,20.0,314,54,92.0,Assistant Director (Statistics),"{""statistical_analysis_score"": 90, ""data_visualization_score"": 80, ""python_score"": 70, ""sql_score"": 75, ""data_collection_score"": 75, ""data_quality_score"": 85, ""statistical_methods_score"": 90, ""communication_score"": 85}",Developing,SYNTHETIC_PROTOTYPE
IND-OSS-1578,Data Analyst,Economic Statistics Division (ESD),3,54,75,71,79,60,62,53,64,2.0,48,63,71.0,Assistant Director (Statistics),"{""statistical_analysis_score"": 90, ""data_visualization_score"": 80, ""python_score"": 70, ""sql_score"": 75, ""data_collection_score"": 75, ""data_quality_score"": 85, ""statistical_methods_score"": 90, ""communication_score"": 85}",Developing,SYNTHETIC_PROTOTYPE
IND-OSS-1579,Statistical Analyst,State Directorate of Economics and Statistics (DES),3,99,79,96,93,81,96,99,75,4.0,74,80,78.0,Senior Statistical Officer (SSO),"{""statistical_analysis_score"": 85, ""data_visualization_score"": 75, ""python_score"": 70, ""sql_score"": 75, ""data_collection_score"": 85, ""data_quality_score"": 90, ""statistical_methods_score"": 85, ""communication_score"": 80}",Proficient,SYNTHETIC_PROTOTYPE
IND-OSS-1580,Field Operations Officer (NSSO),Economic Statistics Division (ESD),3,62,47,45,54,98,95,90,86,2.0,94,62,28.0,Junior Statistical Officer (JSO),"{""statistical_analysis_score"": 70, ""data_visualization_score"": 65, ""python_score"": 60, ""sql_score"": 65, ""data_collection_score"": 85, ""data_quality_score"": 80, ""statistical_methods_score"": 75, ""communication_score"": 70}",Developing,SYNTHETIC_PROTOTYPE
IND-OSS-1581,Statistical Analyst,Data Quality Assurance Division (DQAD),4,78,70,53,72,33,66,75,53,7.0,328,57,32.0,Junior Statistical Officer (JSO),"{""statistical_analysis_score"": 70, ""data_visualization_score"": 65, ""python_score"": 60, ""sql_score"": 65, ""data_collection_score"": 85, ""data_quality_score"": 80, ""statistical_methods_score"": 75, ""communication_score"": 70}",Developing,SYNTHETIC_PROTOTYPE
IND-OSS-1582,Data Analyst,Economic Statistics Division (ESD),9,86,96,99,89,76,94,91,97,4.0,181,84,61.0,Senior Statistical Officer (SSO),"{""statistical_analysis_score"": 85, ""data_visualization_score"": 75, ""python_score"": 70, ""sql_score"": 75, ""data_collection_score"": 85, ""data_quality_score"": 90, ""statistical_methods_score"": 85, ""communication_score"": 80}",Advanced,SYNTHETIC_PROTOTYPE
IND-OSS-1583,Data Analyst,State Directorate of Economics and Statistics (DES),3,52,72,69,67,52,65,47,53,6.0,95,56,96.0,Junior Statistical Officer (JSO),"{""statistical_analysis_score"": 70, ""data_visualization_score"": 65, ""python_score"": 60, ""sql_score"": 65, ""data_collection_score"": 85, ""data_quality_score"": 80, ""statistical_methods_score"": 75, ""communication_score"": 70}",Developing,SYNTHETIC_PROTOTYPE
IND-OSS-1584,Statistical Analyst,Data Quality Assurance Division (DQAD),1,76,60,69,59,54,65,82,62,0.0,4,59,63.0,Junior Statistical Officer (JSO),"{""statistical_analysis_score"": 70, ""data_visualization_score"": 65, ""python_score"": 60, ""sql_score"": 65, ""data_collection_score"": 85, ""data_quality_score"": 80, ""statistical_methods_score"": 75, ""communication_score"": 70}",Developing,SYNTHETIC_PROTOTYPE
IND-OSS-1585,Field Operations Officer (NSSO),Data Quality Assurance Division (DQAD),4,43,22,17,15,83,68,56,68,2.0,37,42,69.0,Junior Statistical Officer (JSO),"{""statistical_analysis_score"": 70, ""data_visualization_score"": 65, ""python_score"": 60, ""sql_score"": 65, ""data_collection_score"": 85, ""data_quality_score"": 80, ""statistical_methods_score"": 75, ""communication_score"": 70}",Beginner,SYNTHETIC_PROTOTYPE
IND-OSS-1586,Statistical Analyst,Economic Statistics Division (ESD),10,99,94,86,84,72,87,99,81,8.0,250,83,50.0,Junior Statistical Officer (JSO),"{""statistical_analysis_score"": 70, ""data_visualization_score"": 65, ""python_score"": 60, ""sql_score"": 65, ""data_collection_score"": 85, ""data_quality_score"": 80, ""statistical_methods_score"": 75, ""communication_score"": 70}",Advanced,SYNTHETIC_PROTOTYPE
IND-OSS-1587,Data Analyst,National Sample Survey Office (NSSO),4,62,61,62,68,44,50,56,63,3.0,60,53,19.0,Survey Data Specialist,"{""statistical_analysis_score"": 80, ""data_visualization_score"": 70, ""python_score"": 65, ""sql_score"": 75, ""data_collection_score"": 88, ""data_quality_score"": 88, ""statistical_methods_score"": 80, ""communication_score"": 75}",Developing,SYNTHETIC_PROTOTYPE
IND-OSS-1588,Survey Data Specialist,Economic Statistics Division (ESD),3,68,45,55,54,63,62,70,59,5.0,101,51,34.0,Statistical Analyst,"{""statistical_analysis_score"": 85, ""data_visualization_score"": 75, ""python_score"": 75, ""sql_score"": 80, ""data_collection_score"": 60, ""data_quality_score"": 80, ""statistical_methods_score"": 80, ""communication_score"": 70}",Developing,SYNTHETIC_PROTOTYPE
IND-OSS-1589,Assistant Director (Statistics),Central Statistics Office (CSO),4,99,94,92,87,81,87,94,99,1.0,24,79,43.0,Assistant Director (Statistics),"{""statistical_analysis_score"": 90, ""data_visualization_score"": 80, ""python_score"": 70, ""sql_score"": 75, ""data_collection_score"": 75, ""data_quality_score"": 85, ""statistical_methods_score"": 90, ""communication_score"": 85}",Proficient,SYNTHETIC_PROTOTYPE
IND-OSS-1590,Assistant Director (Statistics),Social Statistics Division (SSD),2,59,57,46,58,55,61,69,55,3.0,62,59,23.0,Statistical Analyst,"{""statistical_analysis_score"": 85, ""data_visualization_score"": 75, ""python_score"": 75, ""sql_score"": 80, ""data_collection_score"": 60, ""data_quality_score"": 80, ""statistical_methods_score"": 80, ""communication_score"": 70}",Developing,SYNTHETIC_PROTOTYPE
IND-OSS-1591,Statistical Analyst,State Directorate of Economics and Statistics (DES),3,45,47,37,68,26,52,55,41,2.0,52,54,44.0,Junior Statistical Officer (JSO),"{""statistical_analysis_score"": 70, ""data_visualization_score"": 65, ""python_score"": 60, ""sql_score"": 65, ""data_collection_score"": 85, ""data_quality_score"": 80, ""statistical_methods_score"": 75, ""communication_score"": 70}",Beginner,SYNTHETIC_PROTOTYPE
IND-OSS-1592,Data Analyst,Central Statistics Office (CSO),9,74,75,82,74,49,65,69,72,12.0,182,63,53.0,Survey Data Specialist,"{""statistical_analysis_score"": 80, ""data_visualization_score"": 70, ""python_score"": 65, ""sql_score"": 75, ""data_collection_score"": 88, ""data_quality_score"": 88, ""statistical_methods_score"": 80, ""communication_score"": 75}",Developing,SYNTHETIC_PROTOTYPE
IND-OSS-1593,Field Operations Officer (NSSO),Central Statistics Office (CSO),7,42,35,29,25,67,63,42,63,9.0,416,32,67.0,Statistical Analyst,"{""statistical_analysis_score"": 85, ""data_visualization_score"": 75, ""python_score"": 75, ""sql_score"": 80, ""data_collection_score"": 60, ""data_quality_score"": 80, ""statistical_methods_score"": 80, ""communication_score"": 70}",Beginner,SYNTHETIC_PROTOTYPE
IND-OSS-1594,Survey Data Specialist,State Directorate of Economics and Statistics (DES),8,81,70,62,77,96,84,70,80,3.0,142,73,49.0,Field Operations Officer (NSSO),"{""statistical_analysis_score"": 65, ""data_visualization_score"": 55, ""python_score"": 45, ""sql_score"": 50, ""data_collection_score"": 92, ""data_quality_score"": 85, ""statistical_methods_score"": 70, ""communication_score"": 85}",Proficient,SYNTHETIC_PROTOTYPE
IND-OSS-1595,Data Analyst,Social Statistics Division (SSD),4,56,69,66,76,47,52,57,62,4.0,252,57,58.0,Data Analyst,"{""statistical_analysis_score"": 75, ""data_visualization_score"": 85, ""python_score"": 85, ""sql_score"": 85, ""data_collection_score"": 60, ""data_quality_score"": 80, ""statistical_methods_score"": 70, ""communication_score"": 75}",Developing,SYNTHETIC_PROTOTYPE
IND-OSS-1596,Survey Data Specialist,State Directorate of Economics and Statistics (DES),5,66,58,51,59,71,75,75,68,3.0,147,51,60.0,Data Analyst,"{""statistical_analysis_score"": 75, ""data_visualization_score"": 85, ""python_score"": 85, ""sql_score"": 85, ""data_collection_score"": 60, ""data_quality_score"": 80, ""statistical_methods_score"": 70, ""communication_score"": 75}",Developing,SYNTHETIC_PROTOTYPE
IND-OSS-1597,Junior Statistical Officer (JSO),State Directorate of Economics and Statistics (DES),7,64,64,69,66,73,83,66,79,5.0,311,70,65.0,Data Analyst,"{""statistical_analysis_score"": 75, ""data_visualization_score"": 85, ""python_score"": 85, ""sql_score"": 85, ""data_collection_score"": 60, ""data_quality_score"": 80, ""statistical_methods_score"": 70, ""communication_score"": 75}",Developing,SYNTHETIC_PROTOTYPE
IND-OSS-1598,Survey Data Specialist,Social Statistics Division (SSD),6,90,72,54,86,87,85,74,74,3.0,93,72,41.0,Statistical Analyst,"{""statistical_analysis_score"": 85, ""data_visualization_score"": 75, ""python_score"": 75, ""sql_score"": 80, ""data_collection_score"": 60, ""data_quality_score"": 80, ""statistical_methods_score"": 80, ""communication_score"": 70}",Proficient,SYNTHETIC_PROTOTYPE
IND-OSS-1599,Junior Statistical Officer (JSO),State Directorate of Economics and Statistics (DES),3,54,51,39,41,74,67,62,60,3.0,77,59,67.0,Data Analyst,"{""statistical_analysis_score"": 75, ""data_visualization_score"": 85, ""python_score"": 85, ""sql_score"": 85, ""data_collection_score"": 60, ""data_quality_score"": 80, ""statistical_methods_score"": 70, ""communication_score"": 75}",Developing,SYNTHETIC_PROTOTYPE
IND-OSS-1600,Data Analyst,Social Statistics Division (SSD),10,83,81,99,99,80,85,80,84,14.0,210,84,66.0,Junior Statistical Officer (JSO),"{""statistical_analysis_score"": 70, ""data_visualization_score"": 65, ""python_score"": 60, ""sql_score"": 65, ""data_collection_score"": 85, ""data_quality_score"": 80, ""statistical_methods_score"": 75, ""communication_score"": 70}",Proficient,SYNTHETIC_PROTOTYPE
IND-OSS-1601,Survey Data Specialist,Central Statistics Office (CSO),1,63,56,59,78,82,82,67,57,0.0,0,61,74.0,Statistical Analyst,"{""statistical_analysis_score"": 85, ""data_visualization_score"": 75, ""python_score"": 75, ""sql_score"": 80, ""data_collection_score"": 60, ""data_quality_score"": 80, ""statistical_methods_score"": 80, ""communication_score"": 70}",Developing,SYNTHETIC_PROTOTYPE
IND-OSS-1602,Assistant Director (Statistics),State Directorate of Economics and Statistics (DES),5,88,94,67,74,94,92,85,88,8.0,243,75,70.0,Statistical Analyst,"{""statistical_analysis_score"": 85, ""data_visualization_score"": 75, ""python_score"": 75, ""sql_score"": 80, ""data_collection_score"": 60, ""data_quality_score"": 80, ""statistical_methods_score"": 80, ""communication_score"": 70}",Proficient,SYNTHETIC_PROTOTYPE
IND-OSS-1603,Data Analyst,National Sample Survey Office (NSSO),4,65,94,99,76,62,80,60,65,3.0,102,68,29.0,Junior Statistical Officer (JSO),"{""statistical_analysis_score"": 70, ""data_visualization_score"": 65, ""python_score"": 60, ""sql_score"": 65, ""data_collection_score"": 85, ""data_quality_score"": 80, ""statistical_methods_score"": 75, ""communication_score"": 70}",Developing,SYNTHETIC_PROTOTYPE
IND-OSS-1604,Survey Data Specialist,State Directorate of Economics and Statistics (DES),7,66,64,52,65,89,77,85,71,2.0,68,58,58.0,Data Analyst,"{""statistical_analysis_score"": 75, ""data_visualization_score"": 85, ""python_score"": 85, ""sql_score"": 85, ""data_collection_score"": 60, ""data_quality_score"": 80, ""statistical_methods_score"": 70, ""communication_score"": 75}",Developing,SYNTHETIC_PROTOTYPE
IND-OSS-1605,Field Operations Officer (NSSO),National Statistical Systems Training Academy (NSSTA),12,63,68,51,47,90,83,71,89,12.0,247,66,75.0,Statistical Analyst,"{""statistical_analysis_score"": 85, ""data_visualization_score"": 75, ""python_score"": 75, ""sql_score"": 80, ""data_collection_score"": 60, ""data_quality_score"": 80, ""statistical_methods_score"": 80, ""communication_score"": 70}",Proficient,SYNTHETIC_PROTOTYPE
IND-OSS-1606,Data Analyst,National Statistical Systems Training Academy (NSSTA),8,62,81,87,67,52,79,66,63,7.0,217,71,17.0,Statistical Analyst,"{""statistical_analysis_score"": 85, ""data_visualization_score"": 75, ""python_score"": 75, ""sql_score"": 80, ""data_collection_score"": 60, ""data_quality_score"": 80, ""statistical_methods_score"": 80, ""communication_score"": 70}",Developing,SYNTHETIC_PROTOTYPE
IND-OSS-1607,Data Analyst,Data Quality Assurance Division (DQAD),6,58,65,70,74,35,56,53,57,7.0,123,59,44.0,Senior Statistical Officer (SSO),"{""statistical_analysis_score"": 85, ""data_visualization_score"": 75, ""python_score"": 70, ""sql_score"": 75, ""data_collection_score"": 85, ""data_quality_score"": 90, ""statistical_methods_score"": 85, ""communication_score"": 80}",Developing,SYNTHETIC_PROTOTYPE
IND-OSS-1608,Field Operations Officer (NSSO),National Sample Survey Office (NSSO),4,46,51,21,37,89,75,46,59,5.0,160,53,19.0,Assistant Director (Statistics),"{""statistical_analysis_score"": 90, ""data_visualization_score"": 80, ""python_score"": 70, ""sql_score"": 75, ""data_collection_score"": 75, ""data_quality_score"": 85, ""statistical_methods_score"": 90, ""communication_score"": 85}",Developing,SYNTHETIC_PROTOTYPE
IND-OSS-1609,Statistical Analyst,Economic Statistics Division (ESD),7,72,65,57,63,51,58,61,56,8.0,164,62,51.0,Senior Statistical Officer (SSO),"{""statistical_analysis_score"": 85, ""data_visualization_score"": 75, ""python_score"": 70, ""sql_score"": 75, ""data_collection_score"": 85, ""data_quality_score"": 90, ""statistical_methods_score"": 85, ""communication_score"": 80}",Developing,SYNTHETIC_PROTOTYPE
IND-OSS-1610,Survey Data Specialist,National Statistical Systems Training Academy (NSSTA),18,80,66,61,79,97,84,88,74,18.0,540,62,75.0,Field Operations Officer (NSSO),"{""statistical_analysis_score"": 65, ""data_visualization_score"": 55, ""python_score"": 45, ""sql_score"": 50, ""data_collection_score"": 92, ""data_quality_score"": 85, ""statistical_methods_score"": 70, ""communication_score"": 85}",Proficient,SYNTHETIC_PROTOTYPE
IND-OSS-1611,Field Operations Officer (NSSO),National Sample Survey Office (NSSO),11,55,44,21,40,64,70,48,50,9.0,540,43,29.0,Senior Statistical Officer (SSO),"{""statistical_analysis_score"": 85, ""data_visualization_score"": 75, ""python_score"": 70, ""sql_score"": 75, ""data_collection_score"": 85, ""data_quality_score"": 90, ""statistical_methods_score"": 85, ""communication_score"": 80}",Developing,SYNTHETIC_PROTOTYPE
IND-OSS-1612,Field Operations Officer (NSSO),Central Statistics Office (CSO),2,30,15,15,20,53,52,31,52,3.0,98,40,77.0,Field Operations Officer (NSSO),"{""statistical_analysis_score"": 65, ""data_visualization_score"": 55, ""python_score"": 45, ""sql_score"": 50, ""data_collection_score"": 92, ""data_quality_score"": 85, ""statistical_methods_score"": 70, ""communication_score"": 85}",Beginner,SYNTHETIC_PROTOTYPE
IND-OSS-1613,Statistical Analyst,Data Quality Assurance Division (DQAD),11,82,77,61,77,49,56,75,66,13.0,593,53,67.0,Survey Data Specialist,"{""statistical_analysis_score"": 80, ""data_visualization_score"": 70, ""python_score"": 65, ""sql_score"": 75, ""data_collection_score"": 88, ""data_quality_score"": 88, ""statistical_methods_score"": 80, ""communication_score"": 75}",Developing,SYNTHETIC_PROTOTYPE
IND-OSS-1614,Survey Data Specialist,Data Quality Assurance Division (DQAD),4,88,73,70,79,86,84,83,73,3.0,140,70,13.0,Field Operations Officer (NSSO),"{""statistical_analysis_score"": 65, ""data_visualization_score"": 55, ""python_score"": 45, ""sql_score"": 50, ""data_collection_score"": 92, ""data_quality_score"": 85, ""statistical_methods_score"": 70, ""communication_score"": 85}",Proficient,SYNTHETIC_PROTOTYPE
IND-OSS-1615,Junior Statistical Officer (JSO),Economic Statistics Division (ESD),1,46,38,40,24,47,55,63,44,1.0,25,47,33.0,Assistant Director (Statistics),"{""statistical_analysis_score"": 90, ""data_visualization_score"": 80, ""python_score"": 70, ""sql_score"": 75, ""data_collection_score"": 75, ""data_quality_score"": 85, ""statistical_methods_score"": 90, ""communication_score"": 85}",Beginner,SYNTHETIC_PROTOTYPE
IND-OSS-1616,Statistical Analyst,National Sample Survey Office (NSSO),11,37,33,43,47,28,46,44,28,7.0,215,30,60.0,Senior Statistical Officer (SSO),"{""statistical_analysis_score"": 85, ""data_visualization_score"": 75, ""python_score"": 70, ""sql_score"": 75, ""data_collection_score"": 85, ""data_quality_score"": 90, ""statistical_methods_score"": 85, ""communication_score"": 80}",Beginner,SYNTHETIC_PROTOTYPE
IND-OSS-1617,Survey Data Specialist,Economic Statistics Division (ESD),1,84,88,75,77,99,99,93,89,3.0,105,83,11.0,Senior Statistical Officer (SSO),"{""statistical_analysis_score"": 85, ""data_visualization_score"": 75, ""python_score"": 70, ""sql_score"": 75, ""data_collection_score"": 85, ""data_quality_score"": 90, ""statistical_methods_score"": 85, ""communication_score"": 80}",Proficient,SYNTHETIC_PROTOTYPE
IND-OSS-1618,Assistant Director (Statistics),National Sample Survey Office (NSSO),11,99,94,81,83,88,99,99,99,6.0,366,83,36.0,Senior Statistical Officer (SSO),"{""statistical_analysis_score"": 85, ""data_visualization_score"": 75, ""python_score"": 70, ""sql_score"": 75, ""data_collection_score"": 85, ""data_quality_score"": 90, ""statistical_methods_score"": 85, ""communication_score"": 80}",Advanced,SYNTHETIC_PROTOTYPE
IND-OSS-1619,Assistant Director (Statistics),Economic Statistics Division (ESD),5,94,85,69,74,80,76,80,80,6.0,125,75,29.0,Statistical Analyst,"{""statistical_analysis_score"": 85, ""data_visualization_score"": 75, ""python_score"": 75, ""sql_score"": 80, ""data_collection_score"": 60, ""data_quality_score"": 80, ""statistical_methods_score"": 80, ""communication_score"": 70}",Proficient,SYNTHETIC_PROTOTYPE
IND-OSS-1620,Statistical Analyst,National Statistical Systems Training Academy (NSSTA),6,89,92,66,92,60,81,79,62,4.0,76,60,70.0,Field Operations Officer (NSSO),"{""statistical_analysis_score"": 65, ""data_visualization_score"": 55, ""python_score"": 45, ""sql_score"": 50, ""data_collection_score"": 92, ""data_quality_score"": 85, ""statistical_methods_score"": 70, ""communication_score"": 85}",Developing,SYNTHETIC_PROTOTYPE
IND-OSS-1621,Data Analyst,National Sample Survey Office (NSSO),4,68,69,76,67,64,68,66,55,3.0,135,59,62.0,Data Analyst,"{""statistical_analysis_score"": 75, ""data_visualization_score"": 85, ""python_score"": 85, ""sql_score"": 85, ""data_collection_score"": 60, ""data_quality_score"": 80, ""statistical_methods_score"": 70, ""communication_score"": 75}",Developing,SYNTHETIC_PROTOTYPE
IND-OSS-1622,Junior Statistical Officer (JSO),Social Statistics Division (SSD),19,62,63,51,54,80,94,81,75,12.0,368,62,43.0,Assistant Director (Statistics),"{""statistical_analysis_score"": 90, ""data_visualization_score"": 80, ""python_score"": 70, ""sql_score"": 75, ""data_collection_score"": 75, ""data_quality_score"": 85, ""statistical_methods_score"": 90, ""communication_score"": 85}",Proficient,SYNTHETIC_PROTOTYPE
IND-OSS-1623,Field Operations Officer (NSSO),Social Statistics Division (SSD),10,52,30,31,33,78,68,51,70,13.0,196,49,25.0,Assistant Director (Statistics),"{""statistical_analysis_score"": 90, ""data_visualization_score"": 80, ""python_score"": 70, ""sql_score"": 75, ""data_collection_score"": 75, ""data_quality_score"": 85, ""statistical_methods_score"": 90, ""communication_score"": 85}",Developing,SYNTHETIC_PROTOTYPE
IND-OSS-1624,Junior Statistical Officer (JSO),Economic Statistics Division (ESD),4,51,54,37,44,81,43,62,45,5.0,161,41,92.0,Field Operations Officer (NSSO),"{""statistical_analysis_score"": 65, ""data_visualization_score"": 55, ""python_score"": 45, ""sql_score"": 50, ""data_collection_score"": 92, ""data_quality_score"": 85, ""statistical_methods_score"": 70, ""communication_score"": 85}",Beginner,SYNTHETIC_PROTOTYPE
IND-OSS-1625,Field Operations Officer (NSSO),National Statistical Systems Training Academy (NSSTA),4,55,43,19,32,85,68,63,79,4.0,252,47,72.0,Senior Statistical Officer (SSO),"{""statistical_analysis_score"": 85, ""data_visualization_score"": 75, ""python_score"": 70, ""sql_score"": 75, ""data_collection_score"": 85, ""data_quality_score"": 90, ""statistical_methods_score"": 85, ""communication_score"": 80}",Developing,SYNTHETIC_PROTOTYPE
IND-OSS-1626,Field Operations Officer (NSSO),Social Statistics Division (SSD),3,61,63,38,42,87,94,72,90,4.0,80,52,77.0,Senior Statistical Officer (SSO),"{""statistical_analysis_score"": 85, ""data_visualization_score"": 75, ""python_score"": 70, ""sql_score"": 75, ""data_collection_score"": 85, ""data_quality_score"": 90, ""statistical_methods_score"": 85, ""communication_score"": 80}",Developing,SYNTHETIC_PROTOTYPE
IND-OSS-1627,Statistical Analyst,State Directorate of Economics and Statistics (DES),6,80,59,62,69,59,66,69,58,6.0,366,63,50.0,Assistant Director (Statistics),"{""statistical_analysis_score"": 90, ""data_visualization_score"": 80, ""python_score"": 70, ""sql_score"": 75, ""data_collection_score"": 75, ""data_quality_score"": 85, ""statistical_methods_score"": 90, ""communication_score"": 85}",Developing,SYNTHETIC_PROTOTYPE
IND-OSS-1628,Statistical Analyst,State Directorate of Economics and Statistics (DES),15,89,78,76,85,63,78,86,74,12.0,198,69,57.0,Assistant Director (Statistics),"{""statistical_analysis_score"": 90, ""data_visualization_score"": 80, ""python_score"": 70, ""sql_score"": 75, ""data_collection_score"": 75, ""data_quality_score"": 85, ""statistical_methods_score"": 90, ""communication_score"": 85}",Proficient,SYNTHETIC_PROTOTYPE
IND-OSS-1629,Assistant Director (Statistics),State Directorate of Economics and Statistics (DES),7,74,72,56,81,74,76,78,79,6.0,369,72,41.0,Field Operations Officer (NSSO),"{""statistical_analysis_score"": 65, ""data_visualization_score"": 55, ""python_score"": 45, ""sql_score"": 50, ""data_collection_score"": 92, ""data_quality_score"": 85, ""statistical_methods_score"": 70, ""communication_score"": 85}",Proficient,SYNTHETIC_PROTOTYPE
IND-OSS-1630,Assistant Director (Statistics),State Directorate of Economics and Statistics (DES),1,91,81,66,81,62,81,87,74,3.0,198,70,40.0,Data Analyst,"{""statistical_analysis_score"": 75, ""data_visualization_score"": 85, ""python_score"": 85, ""sql_score"": 85, ""data_collection_score"": 60, ""data_quality_score"": 80, ""statistical_methods_score"": 70, ""communication_score"": 75}",Developing,SYNTHETIC_PROTOTYPE
IND-OSS-1631,Senior Statistical Officer (SSO),Economic Statistics Division (ESD),12,68,69,62,76,78,74,68,76,20.0,909,68,9.0,Data Analyst,"{""statistical_analysis_score"": 75, ""data_visualization_score"": 85, ""python_score"": 85, ""sql_score"": 85, ""data_collection_score"": 60, ""data_quality_score"": 80, ""statistical_methods_score"": 70, ""communication_score"": 75}",Proficient,SYNTHETIC_PROTOTYPE
IND-OSS-1632,Senior Statistical Officer (SSO),National Statistical Systems Training Academy (NSSTA),13,94,80,71,92,99,99,94,93,17.0,350,78,,Survey Data Specialist,"{""statistical_analysis_score"": 80, ""data_visualization_score"": 70, ""python_score"": 65, ""sql_score"": 75, ""data_collection_score"": 88, ""data_quality_score"": 88, ""statistical_methods_score"": 80, ""communication_score"": 75}",Advanced,SYNTHETIC_PROTOTYPE
IND-OSS-1633,Senior Statistical Officer (SSO),Economic Statistics Division (ESD),6,99,85,76,85,93,99,99,83,7.0,123,73,62.0,Senior Statistical Officer (SSO),"{""statistical_analysis_score"": 85, ""data_visualization_score"": 75, ""python_score"": 70, ""sql_score"": 75, ""data_collection_score"": 85, ""data_quality_score"": 90, ""statistical_methods_score"": 85, ""communication_score"": 80}",Proficient,SYNTHETIC_PROTOTYPE
IND-OSS-1634,Assistant Director (Statistics),National Sample Survey Office (NSSO),11,92,93,75,72,92,83,90,80,10.0,212,80,16.0,Junior Statistical Officer (JSO),"{""statistical_analysis_score"": 70, ""data_visualization_score"": 65, ""python_score"": 60, ""sql_score"": 65, ""data_collection_score"": 85, ""data_quality_score"": 80, ""statistical_methods_score"": 75, ""communication_score"": 70}",Proficient,SYNTHETIC_PROTOTYPE
IND-OSS-1635,Senior Statistical Officer (SSO),National Statistical Systems Training Academy (NSSTA),7,76,64,53,78,60,73,65,68,12.0,193,50,38.0,Assistant Director (Statistics),"{""statistical_analysis_score"": 90, ""data_visualization_score"": 80, ""python_score"": 70, ""sql_score"": 75, ""data_collection_score"": 75, ""data_quality_score"": 85, ""statistical_methods_score"": 90, ""communication_score"": 85}",Developing,SYNTHETIC_PROTOTYPE
IND-OSS-1636,Junior Statistical Officer (JSO),National Statistical Systems Training Academy (NSSTA),6,46,41,40,48,64,71,61,56,8.0,248,69,78.0,Data Analyst,"{""statistical_analysis_score"": 75, ""data_visualization_score"": 85, ""python_score"": 85, ""sql_score"": 85, ""data_collection_score"": 60, ""data_quality_score"": 80, ""statistical_methods_score"": 70, ""communication_score"": 75}",Developing,SYNTHETIC_PROTOTYPE
IND-OSS-1637,Assistant Director (Statistics),Economic Statistics Division (ESD),6,86,72,53,66,62,75,74,77,4.0,131,67,59.0,Statistical Analyst,"{""statistical_analysis_score"": 85, ""data_visualization_score"": 75, ""python_score"": 75, ""sql_score"": 80, ""data_collection_score"": 60, ""data_quality_score"": 80, ""statistical_methods_score"": 80, ""communication_score"": 70}",Developing,SYNTHETIC_PROTOTYPE
IND-OSS-1638,Statistical Analyst,State Directorate of Economics and Statistics (DES),8,57,29,38,44,37,42,47,43,9.0,288,45,59.0,Statistical Analyst,"{""statistical_analysis_score"": 85, ""data_visualization_score"": 75, ""python_score"": 75, ""sql_score"": 80, ""data_collection_score"": 60, ""data_quality_score"": 80, ""statistical_methods_score"": 80, ""communication_score"": 70}",Beginner,SYNTHETIC_PROTOTYPE
IND-OSS-1639,Statistical Analyst,Economic Statistics Division (ESD),8,82,60,79,76,53,78,76,70,9.0,545,69,46.0,Statistical Analyst,"{""statistical_analysis_score"": 85, ""data_visualization_score"": 75, ""python_score"": 75, ""sql_score"": 80, ""data_collection_score"": 60, ""data_quality_score"": 80, ""statistical_methods_score"": 80, ""communication_score"": 70}",Proficient,SYNTHETIC_PROTOTYPE
IND-OSS-1640,Assistant Director (Statistics),Data Quality Assurance Division (DQAD),10,84,71,64,71,69,80,84,74,5.0,169,65,44.0,Junior Statistical Officer (JSO),"{""statistical_analysis_score"": 70, ""data_visualization_score"": 65, ""python_score"": 60, ""sql_score"": 65, ""data_collection_score"": 85, ""data_quality_score"": 80, ""statistical_methods_score"": 75, ""communication_score"": 70}",Proficient,SYNTHETIC_PROTOTYPE
IND-OSS-1641,Survey Data Specialist,Central Statistics Office (CSO),9,99,76,72,78,83,90,98,89,9.0,286,73,86.0,Field Operations Officer (NSSO),"{""statistical_analysis_score"": 65, ""data_visualization_score"": 55, ""python_score"": 45, ""sql_score"": 50, ""data_collection_score"": 92, ""data_quality_score"": 85, ""statistical_methods_score"": 70, ""communication_score"": 85}",Proficient,SYNTHETIC_PROTOTYPE
IND-OSS-1642,Statistical Analyst,Social Statistics Division (SSD),5,65,62,48,69,32,56,70,68,6.0,182,46,59.0,Field Operations Officer (NSSO),"{""statistical_analysis_score"": 65, ""data_visualization_score"": 55, ""python_score"": 45, ""sql_score"": 50, ""data_collection_score"": 92, ""data_quality_score"": 85, ""statistical_methods_score"": 70, ""communication_score"": 85}",Developing,SYNTHETIC_PROTOTYPE
IND-OSS-1643,Field Operations Officer (NSSO),National Statistical Systems Training Academy (NSSTA),3,44,34,27,27,76,66,50,59,0.0,3,47,68.0,Assistant Director (Statistics),"{""statistical_analysis_score"": 90, ""data_visualization_score"": 80, ""python_score"": 70, ""sql_score"": 75, ""data_collection_score"": 75, ""data_quality_score"": 85, ""statistical_methods_score"": 90, ""communication_score"": 85}",Beginner,SYNTHETIC_PROTOTYPE
IND-OSS-1644,Statistical Analyst,Economic Statistics Division (ESD),20,91,80,66,95,67,68,87,77,16.0,497,75,16.0,Junior Statistical Officer (JSO),"{""statistical_analysis_score"": 70, ""data_visualization_score"": 65, ""python_score"": 60, ""sql_score"": 65, ""data_collection_score"": 85, ""data_quality_score"": 80, ""statistical_methods_score"": 75, ""communication_score"": 70}",Proficient,SYNTHETIC_PROTOTYPE
IND-OSS-1645,Survey Data Specialist,Data Quality Assurance Division (DQAD),1,45,43,17,41,61,54,41,36,2.0,79,31,80.0,Survey Data Specialist,"{""statistical_analysis_score"": 80, ""data_visualization_score"": 70, ""python_score"": 65, ""sql_score"": 75, ""data_collection_score"": 88, ""data_quality_score"": 88, ""statistical_methods_score"": 80, ""communication_score"": 75}",Beginner,SYNTHETIC_PROTOTYPE
IND-OSS-1646,Senior Statistical Officer (SSO),State Directorate of Economics and Statistics (DES),3,95,79,67,72,91,90,92,61,1.0,32,78,16.0,Assistant Director (Statistics),"{""statistical_analysis_score"": 90, ""data_visualization_score"": 80, ""python_score"": 70, ""sql_score"": 75, ""data_collection_score"": 75, ""data_quality_score"": 85, ""statistical_methods_score"": 90, ""communication_score"": 85}",Proficient,SYNTHETIC_PROTOTYPE
IND-OSS-1647,Statistical Analyst,National Statistical Systems Training Academy (NSSTA),13,99,99,99,99,86,99,99,83,15.0,311,88,21.0,Field Operations Officer (NSSO),"{""statistical_analysis_score"": 65, ""data_visualization_score"": 55, ""python_score"": 45, ""sql_score"": 50, ""data_collection_score"": 92, ""data_quality_score"": 85, ""statistical_methods_score"": 70, ""communication_score"": 85}",Advanced,SYNTHETIC_PROTOTYPE
IND-OSS-1648,Junior Statistical Officer (JSO),National Statistical Systems Training Academy (NSSTA),2,55,52,34,50,78,54,66,45,1.0,49,40,6.0,Statistical Analyst,"{""statistical_analysis_score"": 85, ""data_visualization_score"": 75, ""python_score"": 75, ""sql_score"": 80, ""data_collection_score"": 60, ""data_quality_score"": 80, ""statistical_methods_score"": 80, ""communication_score"": 70}",Beginner,SYNTHETIC_PROTOTYPE
IND-OSS-1649,Field Operations Officer (NSSO),Social Statistics Division (SSD),5,29,15,15,18,64,44,33,48,2.0,39,29,69.0,Data Analyst,"{""statistical_analysis_score"": 75, ""data_visualization_score"": 85, ""python_score"": 85, ""sql_score"": 85, ""data_collection_score"": 60, ""data_quality_score"": 80, ""statistical_methods_score"": 70, ""communication_score"": 75}",Beginner,SYNTHETIC_PROTOTYPE
IND-OSS-1650,Data Analyst,Data Quality Assurance Division (DQAD),7,52,66,57,65,32,60,44,54,7.0,221,41,56.0,Senior Statistical Officer (SSO),"{""statistical_analysis_score"": 85, ""data_visualization_score"": 75, ""python_score"": 70, ""sql_score"": 75, ""data_collection_score"": 85, ""data_quality_score"": 90, ""statistical_methods_score"": 85, ""communication_score"": 80}",Beginner,SYNTHETIC_PROTOTYPE
IND-OSS-1651,Data Analyst,State Directorate of Economics and Statistics (DES),3,39,59,48,42,18,36,29,34,7.0,155,32,17.0,Statistical Analyst,"{""statistical_analysis_score"": 85, ""data_visualization_score"": 75, ""python_score"": 75, ""sql_score"": 80, ""data_collection_score"": 60, ""data_quality_score"": 80, ""statistical_methods_score"": 80, ""communication_score"": 70}",Beginner,SYNTHETIC_PROTOTYPE
IND-OSS-1652,Junior Statistical Officer (JSO),State Directorate of Economics and Statistics (DES),5,58,61,47,67,65,64,64,51,5.0,310,61,39.0,Field Operations Officer (NSSO),"{""statistical_analysis_score"": 65, ""data_visualization_score"": 55, ""python_score"": 45, ""sql_score"": 50, ""data_collection_score"": 92, ""data_quality_score"": 85, ""statistical_methods_score"": 70, ""communication_score"": 85}",Developing,SYNTHETIC_PROTOTYPE
IND-OSS-1653,Junior Statistical Officer (JSO),National Sample Survey Office (NSSO),2,39,55,42,27,81,58,74,54,1.0,34,49,24.0,Survey Data Specialist,"{""statistical_analysis_score"": 80, ""data_visualization_score"": 70, ""python_score"": 65, ""sql_score"": 75, ""data_collection_score"": 88, ""data_quality_score"": 88, ""statistical_methods_score"": 80, ""communication_score"": 75}",Beginner,SYNTHETIC_PROTOTYPE
IND-OSS-1654,Junior Statistical Officer (JSO),Social Statistics Division (SSD),3,58,52,47,62,70,71,75,65,4.0,97,62,43.0,Data Analyst,"{""statistical_analysis_score"": 75, ""data_visualization_score"": 85, ""python_score"": 85, ""sql_score"": 85, ""data_collection_score"": 60, ""data_quality_score"": 80, ""statistical_methods_score"": 70, ""communication_score"": 75}",Developing,SYNTHETIC_PROTOTYPE
IND-OSS-1655,Survey Data Specialist,Economic Statistics Division (ESD),11,77,59,56,65,87,79,78,88,8.0,241,66,32.0,Survey Data Specialist,"{""statistical_analysis_score"": 80, ""data_visualization_score"": 70, ""python_score"": 65, ""sql_score"": 75, ""data_collection_score"": 88, ""data_quality_score"": 88, ""statistical_methods_score"": 80, ""communication_score"": 75}",Proficient,SYNTHETIC_PROTOTYPE
IND-OSS-1656,Field Operations Officer (NSSO),State Directorate of Economics and Statistics (DES),2,58,45,27,40,80,68,60,70,5.0,312,52,41.0,Survey Data Specialist,"{""statistical_analysis_score"": 80, ""data_visualization_score"": 70, ""python_score"": 65, ""sql_score"": 75, ""data_collection_score"": 88, ""data_quality_score"": 88, ""statistical_methods_score"": 80, ""communication_score"": 75}",Developing,SYNTHETIC_PROTOTYPE
IND-OSS-1657,Field Operations Officer (NSSO),Social Statistics Division (SSD),4,63,59,49,55,88,89,68,92,7.0,222,60,96.0,Assistant Director (Statistics),"{""statistical_analysis_score"": 90, ""data_visualization_score"": 80, ""python_score"": 70, ""sql_score"": 75, ""data_collection_score"": 75, ""data_quality_score"": 85, ""statistical_methods_score"": 90, ""communication_score"": 85}",Developing,SYNTHETIC_PROTOTYPE
IND-OSS-1658,Assistant Director (Statistics),Social Statistics Division (SSD),5,74,66,69,56,74,75,77,73,5.0,109,73,91.0,Statistical Analyst,"{""statistical_analysis_score"": 85, ""data_visualization_score"": 75, ""python_score"": 75, ""sql_score"": 80, ""data_collection_score"": 60, ""data_quality_score"": 80, ""statistical_methods_score"": 80, ""communication_score"": 70}",Developing,SYNTHETIC_PROTOTYPE
IND-OSS-1659,Field Operations Officer (NSSO),Data Quality Assurance Division (DQAD),6,53,37,15,26,74,62,50,64,8.0,129,51,50.0,Survey Data Specialist,"{""statistical_analysis_score"": 80, ""data_visualization_score"": 70, ""python_score"": 65, ""sql_score"": 75, ""data_collection_score"": 88, ""data_quality_score"": 88, ""statistical_methods_score"": 80, ""communication_score"": 75}",Beginner,SYNTHETIC_PROTOTYPE
IND-OSS-1660,Assistant Director (Statistics),National Statistical Systems Training Academy (NSSTA),15,85,91,86,80,76,93,98,91,9.0,547,75,70.0,Statistical Analyst,"{""statistical_analysis_score"": 85, ""data_visualization_score"": 75, ""python_score"": 75, ""sql_score"": 80, ""data_collection_score"": 60, ""data_quality_score"": 80, ""statistical_methods_score"": 80, ""communication_score"": 70}",Proficient,SYNTHETIC_PROTOTYPE
IND-OSS-1661,Data Analyst,National Statistical Systems Training Academy (NSSTA),8,67,86,82,77,56,84,61,72,4.0,62,67,11.0,Assistant Director (Statistics),"{""statistical_analysis_score"": 90, ""data_visualization_score"": 80, ""python_score"": 70, ""sql_score"": 75, ""data_collection_score"": 75, ""data_quality_score"": 85, ""statistical_methods_score"": 90, ""communication_score"": 85}",Proficient,SYNTHETIC_PROTOTYPE
IND-OSS-1662,Survey Data Specialist,National Statistical Systems Training Academy (NSSTA),2,55,52,45,50,67,66,56,51,4.0,73,53,5.0,Junior Statistical Officer (JSO),"{""statistical_analysis_score"": 70, ""data_visualization_score"": 65, ""python_score"": 60, ""sql_score"": 65, ""data_collection_score"": 85, ""data_quality_score"": 80, ""statistical_methods_score"": 75, ""communication_score"": 70}",Developing,SYNTHETIC_PROTOTYPE
IND-OSS-1663,Junior Statistical Officer (JSO),National Sample Survey Office (NSSO),6,53,37,45,45,64,55,59,47,3.0,136,37,53.0,Data Analyst,"{""statistical_analysis_score"": 75, ""data_visualization_score"": 85, ""python_score"": 85, ""sql_score"": 85, ""data_collection_score"": 60, ""data_quality_score"": 80, ""statistical_methods_score"": 70, ""communication_score"": 75}",Beginner,SYNTHETIC_PROTOTYPE
IND-OSS-1664,Survey Data Specialist,Central Statistics Office (CSO),5,84,75,87,75,97,85,83,88,10.0,165,76,58.0,Field Operations Officer (NSSO),"{""statistical_analysis_score"": 65, ""data_visualization_score"": 55, ""python_score"": 45, ""sql_score"": 50, ""data_collection_score"": 92, ""data_quality_score"": 85, ""statistical_methods_score"": 70, ""communication_score"": 85}",Proficient,SYNTHETIC_PROTOTYPE
IND-OSS-1665,Assistant Director (Statistics),Economic Statistics Division (ESD),6,68,41,39,39,53,60,58,61,6.0,287,41,76.0,Statistical Analyst,"{""statistical_analysis_score"": 85, ""data_visualization_score"": 75, ""python_score"": 75, ""sql_score"": 80, ""data_collection_score"": 60, ""data_quality_score"": 80, ""statistical_methods_score"": 80, ""communication_score"": 70}",Beginner,SYNTHETIC_PROTOTYPE
IND-OSS-1666,Data Analyst,Data Quality Assurance Division (DQAD),4,67,90,69,76,43,76,65,59,4.0,131,72,89.0,Assistant Director (Statistics),"{""statistical_analysis_score"": 90, ""data_visualization_score"": 80, ""python_score"": 70, ""sql_score"": 75, ""data_collection_score"": 75, ""data_quality_score"": 85, ""statistical_methods_score"": 90, ""communication_score"": 85}",Developing,SYNTHETIC_PROTOTYPE
IND-OSS-1667,Statistical Analyst,National Sample Survey Office (NSSO),7,76,56,66,64,50,71,74,64,8.0,242,55,76.0,Assistant Director (Statistics),"{""statistical_analysis_score"": 90, ""data_visualization_score"": 80, ""python_score"": 70, ""sql_score"": 75, ""data_collection_score"": 75, ""data_quality_score"": 85, ""statistical_methods_score"": 90, ""communication_score"": 85}",Developing,SYNTHETIC_PROTOTYPE
IND-OSS-1668,Field Operations Officer (NSSO),Central Statistics Office (CSO),8,62,49,46,51,88,84,60,90,12.0,720,54,35.0,Senior Statistical Officer (SSO),"{""statistical_analysis_score"": 85, ""data_visualization_score"": 75, ""python_score"": 70, ""sql_score"": 75, ""data_collection_score"": 85, ""data_quality_score"": 90, ""statistical_methods_score"": 85, ""communication_score"": 80}",Developing,SYNTHETIC_PROTOTYPE
IND-OSS-1669,Senior Statistical Officer (SSO),Economic Statistics Division (ESD),6,85,83,71,92,94,99,85,91,11.0,670,77,5.0,Junior Statistical Officer (JSO),"{""statistical_analysis_score"": 70, ""data_visualization_score"": 65, ""python_score"": 60, ""sql_score"": 65, ""data_collection_score"": 85, ""data_quality_score"": 80, ""statistical_methods_score"": 75, ""communication_score"": 70}",Proficient,SYNTHETIC_PROTOTYPE
IND-OSS-1670,Data Analyst,National Statistical Systems Training Academy (NSSTA),1,84,99,91,88,70,91,81,81,0.0,14,78,25.0,Junior Statistical Officer (JSO),"{""statistical_analysis_score"": 70, ""data_visualization_score"": 65, ""python_score"": 60, ""sql_score"": 65, ""data_collection_score"": 85, ""data_quality_score"": 80, ""statistical_methods_score"": 75, ""communication_score"": 70}",Proficient,SYNTHETIC_PROTOTYPE
IND-OSS-1671,Assistant Director (Statistics),National Statistical Systems Training Academy (NSSTA),6,65,57,43,52,50,51,68,52,6.0,100,53,43.0,Survey Data Specialist,"{""statistical_analysis_score"": 80, ""data_visualization_score"": 70, ""python_score"": 65, ""sql_score"": 75, ""data_collection_score"": 88, ""data_quality_score"": 88, ""statistical_methods_score"": 80, ""communication_score"": 75}",Developing,SYNTHETIC_PROTOTYPE
IND-OSS-1672,Field Operations Officer (NSSO),Social Statistics Division (SSD),12,51,40,24,29,86,80,52,69,9.0,283,70,74.0,Statistical Analyst,"{""statistical_analysis_score"": 85, ""data_visualization_score"": 75, ""python_score"": 75, ""sql_score"": 80, ""data_collection_score"": 60, ""data_quality_score"": 80, ""statistical_methods_score"": 80, ""communication_score"": 70}",Developing,SYNTHETIC_PROTOTYPE
IND-OSS-1673,Statistical Analyst,Central Statistics Office (CSO),2,72,56,55,66,44,65,71,60,2.0,79,66,38.0,Data Analyst,"{""statistical_analysis_score"": 75, ""data_visualization_score"": 85, ""python_score"": 85, ""sql_score"": 85, ""data_collection_score"": 60, ""data_quality_score"": 80, ""statistical_methods_score"": 70, ""communication_score"": 75}",Developing,SYNTHETIC_PROTOTYPE
IND-OSS-1674,Survey Data Specialist,Social Statistics Division (SSD),7,90,84,83,96,99,99,98,96,6.0,92,90,45.0,Statistical Analyst,"{""statistical_analysis_score"": 85, ""data_visualization_score"": 75, ""python_score"": 75, ""sql_score"": 80, ""data_collection_score"": 60, ""data_quality_score"": 80, ""statistical_methods_score"": 80, ""communication_score"": 70}",Advanced,SYNTHETIC_PROTOTYPE
IND-OSS-1675,Assistant Director (Statistics),National Sample Survey Office (NSSO),3,93,89,76,82,87,82,91,97,3.0,102,79,77.0,Junior Statistical Officer (JSO),"{""statistical_analysis_score"": 70, ""data_visualization_score"": 65, ""python_score"": 60, ""sql_score"": 65, ""data_collection_score"": 85, ""data_quality_score"": 80, ""statistical_methods_score"": 75, ""communication_score"": 70}",Proficient,SYNTHETIC_PROTOTYPE
IND-OSS-1676,Senior Statistical Officer (SSO),Data Quality Assurance Division (DQAD),5,70,60,53,67,80,95,78,58,2.0,61,65,40.0,Senior Statistical Officer (SSO),"{""statistical_analysis_score"": 85, ""data_visualization_score"": 75, ""python_score"": 70, ""sql_score"": 75, ""data_collection_score"": 85, ""data_quality_score"": 90, ""statistical_methods_score"": 85, ""communication_score"": 80}",Developing,SYNTHETIC_PROTOTYPE
IND-OSS-1677,Senior Statistical Officer (SSO),Social Statistics Division (SSD),2,76,53,69,68,68,79,76,69,3.0,62,75,40.0,Senior Statistical Officer (SSO),"{""statistical_analysis_score"": 85, ""data_visualization_score"": 75, ""python_score"": 70, ""sql_score"": 75, ""data_collection_score"": 85, ""data_quality_score"": 90, ""statistical_methods_score"": 85, ""communication_score"": 80}",Developing,SYNTHETIC_PROTOTYPE
IND-OSS-1678,Senior Statistical Officer (SSO),National Statistical Systems Training Academy (NSSTA),8,97,90,88,91,99,99,99,99,10.0,166,97,20.0,Data Analyst,"{""statistical_analysis_score"": 75, ""data_visualization_score"": 85, ""python_score"": 85, ""sql_score"": 85, ""data_collection_score"": 60, ""data_quality_score"": 80, ""statistical_methods_score"": 70, ""communication_score"": 75}",Advanced,SYNTHETIC_PROTOTYPE
IND-OSS-1679,Survey Data Specialist,Social Statistics Division (SSD),4,69,62,72,66,69,70,68,56,5.0,153,61,69.0,Statistical Analyst,"{""statistical_analysis_score"": 85, ""data_visualization_score"": 75, ""python_score"": 75, ""sql_score"": 80, ""data_collection_score"": 60, ""data_quality_score"": 80, ""statistical_methods_score"": 80, ""communication_score"": 70}",Developing,SYNTHETIC_PROTOTYPE
IND-OSS-1680,Junior Statistical Officer (JSO),Economic Statistics Division (ESD),7,51,42,46,39,77,69,56,51,2.0,125,52,30.0,Statistical Analyst,"{""statistical_analysis_score"": 85, ""data_visualization_score"": 75, ""python_score"": 75, ""sql_score"": 80, ""data_collection_score"": 60, ""data_quality_score"": 80, ""statistical_methods_score"": 80, ""communication_score"": 70}",Developing,SYNTHETIC_PROTOTYPE
IND-OSS-1681,Junior Statistical Officer (JSO),Data Quality Assurance Division (DQAD),2,42,31,30,38,59,45,48,49,1.0,38,46,27.0,Assistant Director (Statistics),"{""statistical_analysis_score"": 90, ""data_visualization_score"": 80, ""python_score"": 70, ""sql_score"": 75, ""data_collection_score"": 75, ""data_quality_score"": 85, ""statistical_methods_score"": 90, ""communication_score"": 85}",Beginner,SYNTHETIC_PROTOTYPE
IND-OSS-1682,Field Operations Officer (NSSO),Economic Statistics Division (ESD),3,53,41,23,40,69,72,58,73,2.0,68,43,18.0,Field Operations Officer (NSSO),"{""statistical_analysis_score"": 65, ""data_visualization_score"": 55, ""python_score"": 45, ""sql_score"": 50, ""data_collection_score"": 92, ""data_quality_score"": 85, ""statistical_methods_score"": 70, ""communication_score"": 85}",Beginner,SYNTHETIC_PROTOTYPE
IND-OSS-1683,Assistant Director (Statistics),National Statistical Systems Training Academy (NSSTA),5,74,53,35,53,51,57,63,54,4.0,128,45,63.0,Statistical Analyst,"{""statistical_analysis_score"": 85, ""data_visualization_score"": 75, ""python_score"": 75, ""sql_score"": 80, ""data_collection_score"": 60, ""data_quality_score"": 80, ""statistical_methods_score"": 80, ""communication_score"": 70}",Developing,SYNTHETIC_PROTOTYPE
IND-OSS-1684,Data Analyst,Economic Statistics Division (ESD),10,78,70,66,75,59,68,57,73,7.0,317,67,43.0,Field Operations Officer (NSSO),"{""statistical_analysis_score"": 65, ""data_visualization_score"": 55, ""python_score"": 45, ""sql_score"": 50, ""data_collection_score"": 92, ""data_quality_score"": 85, ""statistical_methods_score"": 70, ""communication_score"": 85}",Developing,SYNTHETIC_PROTOTYPE
IND-OSS-1685,Statistical Analyst,National Sample Survey Office (NSSO),8,85,63,63,72,44,69,69,57,6.0,360,59,39.0,Data Analyst,"{""statistical_analysis_score"": 75, ""data_visualization_score"": 85, ""python_score"": 85, ""sql_score"": 85, ""data_collection_score"": 60, ""data_quality_score"": 80, ""statistical_methods_score"": 70, ""communication_score"": 75}",Developing,SYNTHETIC_PROTOTYPE
IND-OSS-1686,Junior Statistical Officer (JSO),Central Statistics Office (CSO),4,66,65,59,68,90,80,65,64,6.0,377,65,79.0,Survey Data Specialist,"{""statistical_analysis_score"": 80, ""data_visualization_score"": 70, ""python_score"": 65, ""sql_score"": 75, ""data_collection_score"": 88, ""data_quality_score"": 88, ""statistical_methods_score"": 80, ""communication_score"": 75}",Developing,SYNTHETIC_PROTOTYPE
IND-OSS-1687,Data Analyst,State Directorate of Economics and Statistics (DES),2,71,91,97,80,72,80,73,81,1.0,61,80,46.0,Junior Statistical Officer (JSO),"{""statistical_analysis_score"": 70, ""data_visualization_score"": 65, ""python_score"": 60, ""sql_score"": 65, ""data_collection_score"": 85, ""data_quality_score"": 80, ""statistical_methods_score"": 75, ""communication_score"": 70}",Proficient,SYNTHETIC_PROTOTYPE
IND-OSS-1688,Junior Statistical Officer (JSO),National Statistical Systems Training Academy (NSSTA),5,77,66,52,51,68,84,63,63,2.0,47,59,18.0,Statistical Analyst,"{""statistical_analysis_score"": 85, ""data_visualization_score"": 75, ""python_score"": 75, ""sql_score"": 80, ""data_collection_score"": 60, ""data_quality_score"": 80, ""statistical_methods_score"": 80, ""communication_score"": 70}",Developing,SYNTHETIC_PROTOTYPE
IND-OSS-1689,Statistical Analyst,Economic Statistics Division (ESD),4,73,68,74,75,61,79,73,74,5.0,119,69,38.0,Assistant Director (Statistics),"{""statistical_analysis_score"": 90, ""data_visualization_score"": 80, ""python_score"": 70, ""sql_score"": 75, ""data_collection_score"": 75, ""data_quality_score"": 85, ""statistical_methods_score"": 90, ""communication_score"": 85}",Developing,SYNTHETIC_PROTOTYPE
IND-OSS-1690,Senior Statistical Officer (SSO),Central Statistics Office (CSO),6,81,76,84,81,77,83,92,92,10.0,612,74,72.0,Data Analyst,"{""statistical_analysis_score"": 75, ""data_visualization_score"": 85, ""python_score"": 85, ""sql_score"": 85, ""data_collection_score"": 60, ""data_quality_score"": 80, ""statistical_methods_score"": 70, ""communication_score"": 75}",Proficient,SYNTHETIC_PROTOTYPE
IND-OSS-1691,Senior Statistical Officer (SSO),Social Statistics Division (SSD),2,71,76,56,78,67,83,87,65,5.0,159,67,16.0,Assistant Director (Statistics),"{""statistical_analysis_score"": 90, ""data_visualization_score"": 80, ""python_score"": 70, ""sql_score"": 75, ""data_collection_score"": 75, ""data_quality_score"": 85, ""statistical_methods_score"": 90, ""communication_score"": 85}",Developing,SYNTHETIC_PROTOTYPE
IND-OSS-1692,Data Analyst,Social Statistics Division (SSD),4,56,68,65,69,42,52,50,58,4.0,198,52,26.0,Field Operations Officer (NSSO),"{""statistical_analysis_score"": 65, ""data_visualization_score"": 55, ""python_score"": 45, ""sql_score"": 50, ""data_collection_score"": 92, ""data_quality_score"": 85, ""statistical_methods_score"": 70, ""communication_score"": 85}",Developing,SYNTHETIC_PROTOTYPE
IND-OSS-1693,Survey Data Specialist,Data Quality Assurance Division (DQAD),5,30,15,40,37,42,51,42,40,2.0,66,44,50.0,Survey Data Specialist,"{""statistical_analysis_score"": 80, ""data_visualization_score"": 70, ""python_score"": 65, ""sql_score"": 75, ""data_collection_score"": 88, ""data_quality_score"": 88, ""statistical_methods_score"": 80, ""communication_score"": 75}",Beginner,SYNTHETIC_PROTOTYPE
IND-OSS-1694,Junior Statistical Officer (JSO),National Sample Survey Office (NSSO),3,41,45,44,49,54,56,44,38,4.0,187,52,72.0,Senior Statistical Officer (SSO),"{""statistical_analysis_score"": 85, ""data_visualization_score"": 75, ""python_score"": 70, ""sql_score"": 75, ""data_collection_score"": 85, ""data_quality_score"": 90, ""statistical_methods_score"": 85, ""communication_score"": 80}",Beginner,SYNTHETIC_PROTOTYPE
IND-OSS-1695,Survey Data Specialist,Data Quality Assurance Division (DQAD),3,72,53,63,70,65,81,65,73,5.0,317,54,82.0,Statistical Analyst,"{""statistical_analysis_score"": 85, ""data_visualization_score"": 75, ""python_score"": 75, ""sql_score"": 80, ""data_collection_score"": 60, ""data_quality_score"": 80, ""statistical_methods_score"": 80, ""communication_score"": 70}",Developing,SYNTHETIC_PROTOTYPE
IND-OSS-1696,Senior Statistical Officer (SSO),National Sample Survey Office (NSSO),5,80,72,50,53,84,85,79,79,4.0,98,80,58.0,Senior Statistical Officer (SSO),"{""statistical_analysis_score"": 85, ""data_visualization_score"": 75, ""python_score"": 70, ""sql_score"": 75, ""data_collection_score"": 85, ""data_quality_score"": 90, ""statistical_methods_score"": 85, ""communication_score"": 80}",Proficient,SYNTHETIC_PROTOTYPE
IND-OSS-1697,Statistical Analyst,State Directorate of Economics and Statistics (DES),6,45,36,45,42,15,44,36,23,12.0,195,30,21.0,Junior Statistical Officer (JSO),"{""statistical_analysis_score"": 70, ""data_visualization_score"": 65, ""python_score"": 60, ""sql_score"": 65, ""data_collection_score"": 85, ""data_quality_score"": 80, ""statistical_methods_score"": 75, ""communication_score"": 70}",Beginner,SYNTHETIC_PROTOTYPE
IND-OSS-1698,Field Operations Officer (NSSO),Economic Statistics Division (ESD),4,68,46,43,43,96,80,61,91,5.0,93,67,82.0,Field Operations Officer (NSSO),"{""statistical_analysis_score"": 65, ""data_visualization_score"": 55, ""python_score"": 45, ""sql_score"": 50, ""data_collection_score"": 92, ""data_quality_score"": 85, ""statistical_methods_score"": 70, ""communication_score"": 85}",Developing,SYNTHETIC_PROTOTYPE
IND-OSS-1699,Senior Statistical Officer (SSO),Data Quality Assurance Division (DQAD),9,64,63,51,57,56,64,76,61,6.0,126,55,66.0,Assistant Director (Statistics),"{""statistical_analysis_score"": 90, ""data_visualization_score"": 80, ""python_score"": 70, ""sql_score"": 75, ""data_collection_score"": 75, ""data_quality_score"": 85, ""statistical_methods_score"": 90, ""communication_score"": 85}",Developing,SYNTHETIC_PROTOTYPE
IND-OSS-1700,Senior Statistical Officer (SSO),National Statistical Systems Training Academy (NSSTA),13,82,78,77,88,83,94,85,83,14.0,649,73,72.0,Statistical Analyst,"{""statistical_analysis_score"": 85, ""data_visualization_score"": 75, ""python_score"": 75, ""sql_score"": 80, ""data_collection_score"": 60, ""data_quality_score"": 80, ""statistical_methods_score"": 80, ""communication_score"": 70}",Proficient,SYNTHETIC_PROTOTYPE
IND-OSS-1701,Senior Statistical Officer (SSO),National Sample Survey Office (NSSO),3,63,53,57,46,65,62,73,60,8.0,492,55,77.0,Junior Statistical Officer (JSO),"{""statistical_analysis_score"": 70, ""data_visualization_score"": 65, ""python_score"": 60, ""sql_score"": 65, ""data_collection_score"": 85, ""data_quality_score"": 80, ""statistical_methods_score"": 75, ""communication_score"": 70}",Developing,SYNTHETIC_PROTOTYPE
IND-OSS-1702,Data Analyst,State Directorate of Economics and Statistics (DES),2,76,82,92,85,55,76,73,70,1.0,54,69,69.0,Field Operations Officer (NSSO),"{""statistical_analysis_score"": 65, ""data_visualization_score"": 55, ""python_score"": 45, ""sql_score"": 50, ""data_collection_score"": 92, ""data_quality_score"": 85, ""statistical_methods_score"": 70, ""communication_score"": 85}",Developing,SYNTHETIC_PROTOTYPE
IND-OSS-1703,Senior Statistical Officer (SSO),State Directorate of Economics and Statistics (DES),8,73,68,54,54,68,72,67,62,13.0,206,53,51.0,Assistant Director (Statistics),"{""statistical_analysis_score"": 90, ""data_visualization_score"": 80, ""python_score"": 70, ""sql_score"": 75, ""data_collection_score"": 75, ""data_quality_score"": 85, ""statistical_methods_score"": 90, ""communication_score"": 85}",Developing,SYNTHETIC_PROTOTYPE
IND-OSS-1704,Junior Statistical Officer (JSO),National Sample Survey Office (NSSO),3,72,63,45,49,82,81,70,58,5.0,166,61,80.0,Senior Statistical Officer (SSO),"{""statistical_analysis_score"": 85, ""data_visualization_score"": 75, ""python_score"": 70, ""sql_score"": 75, ""data_collection_score"": 85, ""data_quality_score"": 90, ""statistical_methods_score"": 85, ""communication_score"": 80}",Developing,SYNTHETIC_PROTOTYPE
IND-OSS-1705,Survey Data Specialist,National Sample Survey Office (NSSO),5,90,70,81,91,99,86,86,88,4.0,89,94,72.0,Data Analyst,"{""statistical_analysis_score"": 75, ""data_visualization_score"": 85, ""python_score"": 85, ""sql_score"": 85, ""data_collection_score"": 60, ""data_quality_score"": 80, ""statistical_methods_score"": 70, ""communication_score"": 75}",Proficient,SYNTHETIC_PROTOTYPE
IND-OSS-1706,Senior Statistical Officer (SSO),Social Statistics Division (SSD),15,95,71,76,67,86,99,75,79,15.0,462,70,35.0,Senior Statistical Officer (SSO),"{""statistical_analysis_score"": 85, ""data_visualization_score"": 75, ""python_score"": 70, ""sql_score"": 75, ""data_collection_score"": 85, ""data_quality_score"": 90, ""statistical_methods_score"": 85, ""communication_score"": 80}",Proficient,SYNTHETIC_PROTOTYPE
IND-OSS-1707,Field Operations Officer (NSSO),National Sample Survey Office (NSSO),13,69,47,42,54,95,95,71,85,10.0,156,66,59.0,Senior Statistical Officer (SSO),"{""statistical_analysis_score"": 85, ""data_visualization_score"": 75, ""python_score"": 70, ""sql_score"": 75, ""data_collection_score"": 85, ""data_quality_score"": 90, ""statistical_methods_score"": 85, ""communication_score"": 80}",Proficient,SYNTHETIC_PROTOTYPE
IND-OSS-1708,Survey Data Specialist,National Statistical Systems Training Academy (NSSTA),2,92,70,64,69,90,88,99,70,1.0,34,74,72.0,Assistant Director (Statistics),"{""statistical_analysis_score"": 90, ""data_visualization_score"": 80, ""python_score"": 70, ""sql_score"": 75, ""data_collection_score"": 75, ""data_quality_score"": 85, ""statistical_methods_score"": 90, ""communication_score"": 85}",Proficient,SYNTHETIC_PROTOTYPE
IND-OSS-1709,Junior Statistical Officer (JSO),Central Statistics Office (CSO),2,47,44,29,49,57,52,53,54,3.0,64,53,74.0,Junior Statistical Officer (JSO),"{""statistical_analysis_score"": 70, ""data_visualization_score"": 65, ""python_score"": 60, ""sql_score"": 65, ""data_collection_score"": 85, ""data_quality_score"": 80, ""statistical_methods_score"": 75, ""communication_score"": 70}",Beginner,SYNTHETIC_PROTOTYPE
IND-OSS-1710,Survey Data Specialist,Central Statistics Office (CSO),2,81,66,56,73,97,90,80,88,2.0,136,70,39.0,Statistical Analyst,"{""statistical_analysis_score"": 85, ""data_visualization_score"": 75, ""python_score"": 75, ""sql_score"": 80, ""data_collection_score"": 60, ""data_quality_score"": 80, ""statistical_methods_score"": 80, ""communication_score"": 70}",Developing,SYNTHETIC_PROTOTYPE
IND-OSS-1711,Field Operations Officer (NSSO),Data Quality Assurance Division (DQAD),2,50,45,28,38,69,73,47,71,0.0,14,54,72.0,Statistical Analyst,"{""statistical_analysis_score"": 85, ""data_visualization_score"": 75, ""python_score"": 75, ""sql_score"": 80, ""data_collection_score"": 60, ""data_quality_score"": 80, ""statistical_methods_score"": 80, ""communication_score"": 70}",Beginner,SYNTHETIC_PROTOTYPE
IND-OSS-1712,Field Operations Officer (NSSO),Social Statistics Division (SSD),1,47,29,15,16,66,56,35,47,0.0,17,33,67.0,Data Analyst,"{""statistical_analysis_score"": 75, ""data_visualization_score"": 85, ""python_score"": 85, ""sql_score"": 85, ""data_collection_score"": 60, ""data_quality_score"": 80, ""statistical_methods_score"": 70, ""communication_score"": 75}",Beginner,SYNTHETIC_PROTOTYPE
IND-OSS-1713,Survey Data Specialist,National Statistical Systems Training Academy (NSSTA),5,95,86,67,91,94,99,99,98,6.0,198,86,57.0,Junior Statistical Officer (JSO),"{""statistical_analysis_score"": 70, ""data_visualization_score"": 65, ""python_score"": 60, ""sql_score"": 65, ""data_collection_score"": 85, ""data_quality_score"": 80, ""statistical_methods_score"": 75, ""communication_score"": 70}",Proficient,SYNTHETIC_PROTOTYPE
IND-OSS-1714,Assistant Director (Statistics),State Directorate of Economics and Statistics (DES),6,77,68,45,66,52,64,77,74,5.0,231,62,20.0,Assistant Director (Statistics),"{""statistical_analysis_score"": 90, ""data_visualization_score"": 80, ""python_score"": 70, ""sql_score"": 75, ""data_collection_score"": 75, ""data_quality_score"": 85, ""statistical_methods_score"": 90, ""communication_score"": 85}",Developing,SYNTHETIC_PROTOTYPE
IND-OSS-1715,Survey Data Specialist,Central Statistics Office (CSO),1,45,36,44,47,61,66,50,50,2.0,137,39,56.0,Data Analyst,"{""statistical_analysis_score"": 75, ""data_visualization_score"": 85, ""python_score"": 85, ""sql_score"": 85, ""data_collection_score"": 60, ""data_quality_score"": 80, ""statistical_methods_score"": 70, ""communication_score"": 75}",Beginner,SYNTHETIC_PROTOTYPE
IND-OSS-1716,Statistical Analyst,Central Statistics Office (CSO),15,87,92,81,82,61,78,80,72,15.0,225,69,60.0,Junior Statistical Officer (JSO),"{""statistical_analysis_score"": 70, ""data_visualization_score"": 65, ""python_score"": 60, ""sql_score"": 65, ""data_collection_score"": 85, ""data_quality_score"": 80, ""statistical_methods_score"": 75, ""communication_score"": 70}",Proficient,SYNTHETIC_PROTOTYPE
IND-OSS-1717,Data Analyst,Central Statistics Office (CSO),3,63,72,68,59,42,57,51,61,9.0,142,71,59.0,Field Operations Officer (NSSO),"{""statistical_analysis_score"": 65, ""data_visualization_score"": 55, ""python_score"": 45, ""sql_score"": 50, ""data_collection_score"": 92, ""data_quality_score"": 85, ""statistical_methods_score"": 70, ""communication_score"": 85}",Developing,SYNTHETIC_PROTOTYPE
IND-OSS-1718,Data Analyst,State Directorate of Economics and Statistics (DES),10,87,99,99,99,84,97,92,99,,609,88,47.0,Survey Data Specialist,"{""statistical_analysis_score"": 80, ""data_visualization_score"": 70, ""python_score"": 65, ""sql_score"": 75, ""data_collection_score"": 88, ""data_quality_score"": 88, ""statistical_methods_score"": 80, ""communication_score"": 75}",Advanced,SYNTHETIC_PROTOTYPE
IND-OSS-1719,Assistant Director (Statistics),National Sample Survey Office (NSSO),12,89,88,75,81,72,91,90,87,12.0,732,74,87.0,Data Analyst,"{""statistical_analysis_score"": 75, ""data_visualization_score"": 85, ""python_score"": 85, ""sql_score"": 85, ""data_collection_score"": 60, ""data_quality_score"": 80, ""statistical_methods_score"": 70, ""communication_score"": 75}",Proficient,SYNTHETIC_PROTOTYPE
IND-OSS-1720,Survey Data Specialist,Data Quality Assurance Division (DQAD),4,58,60,59,60,84,69,55,66,2.0,63,59,44.0,Senior Statistical Officer (SSO),"{""statistical_analysis_score"": 85, ""data_visualization_score"": 75, ""python_score"": 70, ""sql_score"": 75, ""data_collection_score"": 85, ""data_quality_score"": 90, ""statistical_methods_score"": 85, ""communication_score"": 80}",Developing,SYNTHETIC_PROTOTYPE
IND-OSS-1721,Senior Statistical Officer (SSO),State Directorate of Economics and Statistics (DES),8,94,86,80,85,99,96,98,83,12.0,373,83,49.0,Field Operations Officer (NSSO),"{""statistical_analysis_score"": 65, ""data_visualization_score"": 55, ""python_score"": 45, ""sql_score"": 50, ""data_collection_score"": 92, ""data_quality_score"": 85, ""statistical_methods_score"": 70, ""communication_score"": 85}",Advanced,SYNTHETIC_PROTOTYPE
IND-OSS-1722,Survey Data Specialist,Social Statistics Division (SSD),6,61,47,44,57,76,70,65,55,9.0,406,58,84.0,Senior Statistical Officer (SSO),"{""statistical_analysis_score"": 85, ""data_visualization_score"": 75, ""python_score"": 70, ""sql_score"": 75, ""data_collection_score"": 85, ""data_quality_score"": 90, ""statistical_methods_score"": 85, ""communication_score"": 80}",Developing,SYNTHETIC_PROTOTYPE
IND-OSS-1723,Assistant Director (Statistics),Social Statistics Division (SSD),7,76,61,51,55,65,69,71,61,4.0,123,49,73.0,Assistant Director (Statistics),"{""statistical_analysis_score"": 90, ""data_visualization_score"": 80, ""python_score"": 70, ""sql_score"": 75, ""data_collection_score"": 75, ""data_quality_score"": 85, ""statistical_methods_score"": 90, ""communication_score"": 85}",Developing,SYNTHETIC_PROTOTYPE
IND-OSS-1724,Assistant Director (Statistics),Social Statistics Division (SSD),3,90,71,62,58,58,76,81,78,0.0,1,74,95.0,Junior Statistical Officer (JSO),"{""statistical_analysis_score"": 70, ""data_visualization_score"": 65, ""python_score"": 60, ""sql_score"": 65, ""data_collection_score"": 85, ""data_quality_score"": 80, ""statistical_methods_score"": 75, ""communication_score"": 70}",Developing,SYNTHETIC_PROTOTYPE
IND-OSS-1725,Survey Data Specialist,Data Quality Assurance Division (DQAD),4,50,38,42,45,52,53,72,38,2.0,58,46,38.0,Junior Statistical Officer (JSO),"{""statistical_analysis_score"": 70, ""data_visualization_score"": 65, ""python_score"": 60, ""sql_score"": 65, ""data_collection_score"": 85, ""data_quality_score"": 80, ""statistical_methods_score"": 75, ""communication_score"": 70}",Beginner,SYNTHETIC_PROTOTYPE
IND-OSS-1726,Data Analyst,Economic Statistics Division (ESD),6,29,52,64,54,36,41,41,39,6.0,92,38,95.0,Statistical Analyst,"{""statistical_analysis_score"": 85, ""data_visualization_score"": 75, ""python_score"": 75, ""sql_score"": 80, ""data_collection_score"": 60, ""data_quality_score"": 80, ""statistical_methods_score"": 80, ""communication_score"": 70}",Beginner,SYNTHETIC_PROTOTYPE
IND-OSS-1727,Senior Statistical Officer (SSO),Economic Statistics Division (ESD),4,71,66,47,60,64,77,54,49,2.0,98,65,37.0,Assistant Director (Statistics),"{""statistical_analysis_score"": 90, ""data_visualization_score"": 80, ""python_score"": 70, ""sql_score"": 75, ""data_collection_score"": 75, ""data_quality_score"": 85, ""statistical_methods_score"": 90, ""communication_score"": 85}",Developing,SYNTHETIC_PROTOTYPE
IND-OSS-1728,Junior Statistical Officer (JSO),State Directorate of Economics and Statistics (DES),4,47,51,52,53,81,50,60,60,3.0,96,52,60.0,Junior Statistical Officer (JSO),"{""statistical_analysis_score"": 70, ""data_visualization_score"": 65, ""python_score"": 60, ""sql_score"": 65, ""data_collection_score"": 85, ""data_quality_score"": 80, ""statistical_methods_score"": 75, ""communication_score"": 70}",Developing,SYNTHETIC_PROTOTYPE
IND-OSS-1729,Field Operations Officer (NSSO),National Sample Survey Office (NSSO),1,68,57,41,47,86,81,63,70,3.0,106,70,34.0,Junior Statistical Officer (JSO),"{""statistical_analysis_score"": 70, ""data_visualization_score"": 65, ""python_score"": 60, ""sql_score"": 65, ""data_collection_score"": 85, ""data_quality_score"": 80, ""statistical_methods_score"": 75, ""communication_score"": 70}",Developing,SYNTHETIC_PROTOTYPE
IND-OSS-1730,Field Operations Officer (NSSO),National Sample Survey Office (NSSO),2,48,33,27,24,72,72,59,73,,47,48,89.0,Junior Statistical Officer (JSO),"{""statistical_analysis_score"": 70, ""data_visualization_score"": 65, ""python_score"": 60, ""sql_score"": 65, ""data_collection_score"": 85, ""data_quality_score"": 80, ""statistical_methods_score"": 75, ""communication_score"": 70}",Beginner,SYNTHETIC_PROTOTYPE
IND-OSS-1731,Senior Statistical Officer (SSO),Economic Statistics Division (ESD),4,72,52,61,67,78,68,64,63,4.0,251,59,63.0,Statistical Analyst,"{""statistical_analysis_score"": 85, ""data_visualization_score"": 75, ""python_score"": 75, ""sql_score"": 80, ""data_collection_score"": 60, ""data_quality_score"": 80, ""statistical_methods_score"": 80, ""communication_score"": 70}",Developing,SYNTHETIC_PROTOTYPE
IND-OSS-1732,Statistical Analyst,National Statistical Systems Training Academy (NSSTA),8,67,57,71,64,46,69,54,56,8.0,124,47,53.0,Survey Data Specialist,"{""statistical_analysis_score"": 80, ""data_visualization_score"": 70, ""python_score"": 65, ""sql_score"": 75, ""data_collection_score"": 88, ""data_quality_score"": 88, ""statistical_methods_score"": 80, ""communication_score"": 75}",Developing,SYNTHETIC_PROTOTYPE
IND-OSS-1733,Junior Statistical Officer (JSO),National Sample Survey Office (NSSO),8,59,44,41,59,78,58,73,37,5.0,304,54,29.0,Assistant Director (Statistics),"{""statistical_analysis_score"": 90, ""data_visualization_score"": 80, ""python_score"": 70, ""sql_score"": 75, ""data_collection_score"": 75, ""data_quality_score"": 85, ""statistical_methods_score"": 90, ""communication_score"": 85}",Developing,SYNTHETIC_PROTOTYPE
IND-OSS-1734,Survey Data Specialist,State Directorate of Economics and Statistics (DES),11,65,71,43,74,71,87,66,72,7.0,158,67,46.0,Statistical Analyst,"{""statistical_analysis_score"": 85, ""data_visualization_score"": 75, ""python_score"": 75, ""sql_score"": 80, ""data_collection_score"": 60, ""data_quality_score"": 80, ""statistical_methods_score"": 80, ""communication_score"": 70}",Developing,SYNTHETIC_PROTOTYPE
IND-OSS-1735,Field Operations Officer (NSSO),Social Statistics Division (SSD),2,34,33,25,30,66,59,43,62,5.0,86,49,57.0,Field Operations Officer (NSSO),"{""statistical_analysis_score"": 65, ""data_visualization_score"": 55, ""python_score"": 45, ""sql_score"": 50, ""data_collection_score"": 92, ""data_quality_score"": 85, ""statistical_methods_score"": 70, ""communication_score"": 85}",Beginner,SYNTHETIC_PROTOTYPE
IND-OSS-1736,Senior Statistical Officer (SSO),Economic Statistics Division (ESD),1,63,75,67,61,82,92,81,91,3.0,141,59,87.0,Field Operations Officer (NSSO),"{""statistical_analysis_score"": 65, ""data_visualization_score"": 55, ""python_score"": 45, ""sql_score"": 50, ""data_collection_score"": 92, ""data_quality_score"": 85, ""statistical_methods_score"": 70, ""communication_score"": 85}",Developing,SYNTHETIC_PROTOTYPE
IND-OSS-1737,Field Operations Officer (NSSO),State Directorate of Economics and Statistics (DES),3,67,40,15,23,71,96,57,80,3.0,187,59,43.0,Assistant Director (Statistics),"{""statistical_analysis_score"": 90, ""data_visualization_score"": 80, ""python_score"": 70, ""sql_score"": 75, ""data_collection_score"": 75, ""data_quality_score"": 85, ""statistical_methods_score"": 90, ""communication_score"": 85}",Developing,SYNTHETIC_PROTOTYPE
IND-OSS-1738,Statistical Analyst,Economic Statistics Division (ESD),4,95,88,82,94,72,99,94,76,0.0,1,85,40.0,Survey Data Specialist,"{""statistical_analysis_score"": 80, ""data_visualization_score"": 70, ""python_score"": 65, ""sql_score"": 75, ""data_collection_score"": 88, ""data_quality_score"": 88, ""statistical_methods_score"": 80, ""communication_score"": 75}",Proficient,SYNTHETIC_PROTOTYPE
IND-OSS-1739,Field Operations Officer (NSSO),Data Quality Assurance Division (DQAD),15,64,66,49,75,99,89,79,96,8.0,125,76,65.0,Data Analyst,"{""statistical_analysis_score"": 75, ""data_visualization_score"": 85, ""python_score"": 85, ""sql_score"": 85, ""data_collection_score"": 60, ""data_quality_score"": 80, ""statistical_methods_score"": 70, ""communication_score"": 75}",Proficient,SYNTHETIC_PROTOTYPE
IND-OSS-1740,Junior Statistical Officer (JSO),Social Statistics Division (SSD),7,74,49,52,47,71,67,60,74,10.0,450,52,93.0,Senior Statistical Officer (SSO),"{""statistical_analysis_score"": 85, ""data_visualization_score"": 75, ""python_score"": 70, ""sql_score"": 75, ""data_collection_score"": 85, ""data_quality_score"": 90, ""statistical_methods_score"": 85, ""communication_score"": 80}",Developing,SYNTHETIC_PROTOTYPE
IND-OSS-1741,Field Operations Officer (NSSO),Central Statistics Office (CSO),6,35,44,29,28,58,61,56,69,6.0,198,37,60.0,Statistical Analyst,"{""statistical_analysis_score"": 85, ""data_visualization_score"": 75, ""python_score"": 75, ""sql_score"": 80, ""data_collection_score"": 60, ""data_quality_score"": 80, ""statistical_methods_score"": 80, ""communication_score"": 70}",Beginner,SYNTHETIC_PROTOTYPE
IND-OSS-1742,Senior Statistical Officer (SSO),National Sample Survey Office (NSSO),2,80,63,60,66,70,82,64,54,3.0,63,62,12.0,Survey Data Specialist,"{""statistical_analysis_score"": 80, ""data_visualization_score"": 70, ""python_score"": 65, ""sql_score"": 75, ""data_collection_score"": 88, ""data_quality_score"": 88, ""statistical_methods_score"": 80, ""communication_score"": 75}",Developing,SYNTHETIC_PROTOTYPE
IND-OSS-1743,Survey Data Specialist,National Statistical Systems Training Academy (NSSTA),7,86,70,71,81,89,98,74,77,3.0,77,77,,Assistant Director (Statistics),"{""statistical_analysis_score"": 90, ""data_visualization_score"": 80, ""python_score"": 70, ""sql_score"": 75, ""data_collection_score"": 75, ""data_quality_score"": 85, ""statistical_methods_score"": 90, ""communication_score"": 85}",Proficient,SYNTHETIC_PROTOTYPE
IND-OSS-1744,Statistical Analyst,Social Statistics Division (SSD),2,68,61,59,74,50,65,66,62,3.0,138,61,31.0,Assistant Director (Statistics),"{""statistical_analysis_score"": 90, ""data_visualization_score"": 80, ""python_score"": 70, ""sql_score"": 75, ""data_collection_score"": 75, ""data_quality_score"": 85, ""statistical_methods_score"": 90, ""communication_score"": 85}",Developing,SYNTHETIC_PROTOTYPE
IND-OSS-1745,Data Analyst,National Sample Survey Office (NSSO),2,59,70,68,57,36,60,43,63,1.0,71,39,70.0,Data Analyst,"{""statistical_analysis_score"": 75, ""data_visualization_score"": 85, ""python_score"": 85, ""sql_score"": 85, ""data_collection_score"": 60, ""data_quality_score"": 80, ""statistical_methods_score"": 70, ""communication_score"": 75}",Beginner,SYNTHETIC_PROTOTYPE
IND-OSS-1746,Assistant Director (Statistics),Economic Statistics Division (ESD),11,98,79,65,76,74,87,84,81,11.0,176,68,47.0,Senior Statistical Officer (SSO),"{""statistical_analysis_score"": 85, ""data_visualization_score"": 75, ""python_score"": 70, ""sql_score"": 75, ""data_collection_score"": 85, ""data_quality_score"": 90, ""statistical_methods_score"": 85, ""communication_score"": 80}",Proficient,SYNTHETIC_PROTOTYPE
IND-OSS-1747,Field Operations Officer (NSSO),Social Statistics Division (SSD),9,65,59,56,58,99,98,81,91,9.0,142,68,44.0,Field Operations Officer (NSSO),"{""statistical_analysis_score"": 65, ""data_visualization_score"": 55, ""python_score"": 45, ""sql_score"": 50, ""data_collection_score"": 92, ""data_quality_score"": 85, ""statistical_methods_score"": 70, ""communication_score"": 85}",Proficient,SYNTHETIC_PROTOTYPE
IND-OSS-1748,Data Analyst,National Statistical Systems Training Academy (NSSTA),6,60,74,73,76,48,67,62,81,5.0,225,67,83.0,Junior Statistical Officer (JSO),"{""statistical_analysis_score"": 70, ""data_visualization_score"": 65, ""python_score"": 60, ""sql_score"": 65, ""data_collection_score"": 85, ""data_quality_score"": 80, ""statistical_methods_score"": 75, ""communication_score"": 70}",Developing,SYNTHETIC_PROTOTYPE
IND-OSS-1749,Junior Statistical Officer (JSO),Economic Statistics Division (ESD),3,48,27,23,33,55,60,29,42,4.0,250,43,30.0,Senior Statistical Officer (SSO),"{""statistical_analysis_score"": 85, ""data_visualization_score"": 75, ""python_score"": 70, ""sql_score"": 75, ""data_collection_score"": 85, ""data_quality_score"": 90, ""statistical_methods_score"": 85, ""communication_score"": 80}",Beginner,SYNTHETIC_PROTOTYPE
IND-OSS-1750,Survey Data Specialist,National Statistical Systems Training Academy (NSSTA),5,96,73,83,76,83,95,76,82,5.0,230,76,44.0,Assistant Director (Statistics),"{""statistical_analysis_score"": 90, ""data_visualization_score"": 80, ""python_score"": 70, ""sql_score"": 75, ""data_collection_score"": 75, ""data_quality_score"": 85, ""statistical_methods_score"": 90, ""communication_score"": 85}",Proficient,SYNTHETIC_PROTOTYPE
IND-OSS-1751,Field Operations Officer (NSSO),National Sample Survey Office (NSSO),18,71,67,50,55,91,83,72,70,20.0,1214,64,96.0,Survey Data Specialist,"{""statistical_analysis_score"": 80, ""data_visualization_score"": 70, ""python_score"": 65, ""sql_score"": 75, ""data_collection_score"": 88, ""data_quality_score"": 88, ""statistical_methods_score"": 80, ""communication_score"": 75}",Proficient,SYNTHETIC_PROTOTYPE
IND-OSS-1752,Assistant Director (Statistics),Data Quality Assurance Division (DQAD),3,89,73,66,68,68,79,86,85,3.0,60,72,58.0,Junior Statistical Officer (JSO),"{""statistical_analysis_score"": 70, ""data_visualization_score"": 65, ""python_score"": 60, ""sql_score"": 65, ""data_collection_score"": 85, ""data_quality_score"": 80, ""statistical_methods_score"": 75, ""communication_score"": 70}",Developing,SYNTHETIC_PROTOTYPE
IND-OSS-1753,Statistical Analyst,National Statistical Systems Training Academy (NSSTA),5,75,71,71,75,39,73,52,44,6.0,186,65,39.0,Statistical Analyst,"{""statistical_analysis_score"": 85, ""data_visualization_score"": 75, ""python_score"": 75, ""sql_score"": 80, ""data_collection_score"": 60, ""data_quality_score"": 80, ""statistical_methods_score"": 80, ""communication_score"": 70}",Developing,SYNTHETIC_PROTOTYPE
IND-OSS-1754,Field Operations Officer (NSSO),Data Quality Assurance Division (DQAD),1,68,65,47,60,89,90,78,95,1.0,66,69,74.0,Senior Statistical Officer (SSO),"{""statistical_analysis_score"": 85, ""data_visualization_score"": 75, ""python_score"": 70, ""sql_score"": 75, ""data_collection_score"": 85, ""data_quality_score"": 90, ""statistical_methods_score"": 85, ""communication_score"": 80}",Developing,SYNTHETIC_PROTOTYPE
IND-OSS-1755,Junior Statistical Officer (JSO),National Statistical Systems Training Academy (NSSTA),3,57,52,50,39,70,57,49,50,6.0,281,56,20.0,Assistant Director (Statistics),"{""statistical_analysis_score"": 90, ""data_visualization_score"": 80, ""python_score"": 70, ""sql_score"": 75, ""data_collection_score"": 75, ""data_quality_score"": 85, ""statistical_methods_score"": 90, ""communication_score"": 85}",Developing,SYNTHETIC_PROTOTYPE
IND-OSS-1756,Survey Data Specialist,Data Quality Assurance Division (DQAD),1,56,56,51,49,69,73,57,58,0.0,6,58,92.0,Field Operations Officer (NSSO),"{""statistical_analysis_score"": 65, ""data_visualization_score"": 55, ""python_score"": 45, ""sql_score"": 50, ""data_collection_score"": 92, ""data_quality_score"": 85, ""statistical_methods_score"": 70, ""communication_score"": 85}",Developing,SYNTHETIC_PROTOTYPE
IND-OSS-1757,Survey Data Specialist,Central Statistics Office (CSO),5,72,51,56,74,65,74,84,60,3.0,193,62,88.0,Junior Statistical Officer (JSO),"{""statistical_analysis_score"": 70, ""data_visualization_score"": 65, ""python_score"": 60, ""sql_score"": 65, ""data_collection_score"": 85, ""data_quality_score"": 80, ""statistical_methods_score"": 75, ""communication_score"": 70}",Developing,SYNTHETIC_PROTOTYPE
IND-OSS-1758,Statistical Analyst,Social Statistics Division (SSD),6,84,85,73,76,66,83,76,79,10.0,614,68,62.0,Assistant Director (Statistics),"{""statistical_analysis_score"": 90, ""data_visualization_score"": 80, ""python_score"": 70, ""sql_score"": 75, ""data_collection_score"": 75, ""data_quality_score"": 85, ""statistical_methods_score"": 90, ""communication_score"": 85}",Proficient,SYNTHETIC_PROTOTYPE
IND-OSS-1759,Data Analyst,National Statistical Systems Training Academy (NSSTA),3,54,71,81,69,43,69,63,60,5.0,303,62,36.0,Junior Statistical Officer (JSO),"{""statistical_analysis_score"": 70, ""data_visualization_score"": 65, ""python_score"": 60, ""sql_score"": 65, ""data_collection_score"": 85, ""data_quality_score"": 80, ""statistical_methods_score"": 75, ""communication_score"": 70}",Developing,SYNTHETIC_PROTOTYPE
IND-OSS-1760,Assistant Director (Statistics),Data Quality Assurance Division (DQAD),11,88,90,75,77,72,86,93,94,12.0,723,79,42.0,Assistant Director (Statistics),"{""statistical_analysis_score"": 90, ""data_visualization_score"": 80, ""python_score"": 70, ""sql_score"": 75, ""data_collection_score"": 75, ""data_quality_score"": 85, ""statistical_methods_score"": 90, ""communication_score"": 85}",Proficient,SYNTHETIC_PROTOTYPE
IND-OSS-1761,Senior Statistical Officer (SSO),Central Statistics Office (CSO),5,88,67,63,95,99,92,96,87,4.0,190,86,69.0,Field Operations Officer (NSSO),"{""statistical_analysis_score"": 65, ""data_visualization_score"": 55, ""python_score"": 45, ""sql_score"": 50, ""data_collection_score"": 92, ""data_quality_score"": 85, ""statistical_methods_score"": 70, ""communication_score"": 85}",Proficient,SYNTHETIC_PROTOTYPE
IND-OSS-1762,Assistant Director (Statistics),National Sample Survey Office (NSSO),4,76,62,50,50,47,73,72,61,6.0,190,55,70.0,Junior Statistical Officer (JSO),"{""statistical_analysis_score"": 70, ""data_visualization_score"": 65, ""python_score"": 60, ""sql_score"": 65, ""data_collection_score"": 85, ""data_quality_score"": 80, ""statistical_methods_score"": 75, ""communication_score"": 70}",Developing,SYNTHETIC_PROTOTYPE
IND-OSS-1763,Field Operations Officer (NSSO),Economic Statistics Division (ESD),7,60,29,27,41,65,76,61,54,6.0,130,45,53.0,Assistant Director (Statistics),"{""statistical_analysis_score"": 90, ""data_visualization_score"": 80, ""python_score"": 70, ""sql_score"": 75, ""data_collection_score"": 75, ""data_quality_score"": 85, ""statistical_methods_score"": 90, ""communication_score"": 85}",Beginner,SYNTHETIC_PROTOTYPE
IND-OSS-1764,Survey Data Specialist,National Statistical Systems Training Academy (NSSTA),4,70,64,60,53,76,82,77,64,5.0,316,52,42.0,Survey Data Specialist,"{""statistical_analysis_score"": 80, ""data_visualization_score"": 70, ""python_score"": 65, ""sql_score"": 75, ""data_collection_score"": 88, ""data_quality_score"": 88, ""statistical_methods_score"": 80, ""communication_score"": 75}",Developing,SYNTHETIC_PROTOTYPE
IND-OSS-1765,Data Analyst,Data Quality Assurance Division (DQAD),9,57,79,67,63,42,63,56,57,13.0,278,66,91.0,Assistant Director (Statistics),"{""statistical_analysis_score"": 90, ""data_visualization_score"": 80, ""python_score"": 70, ""sql_score"": 75, ""data_collection_score"": 75, ""data_quality_score"": 85, ""statistical_methods_score"": 90, ""communication_score"": 85}",Developing,SYNTHETIC_PROTOTYPE
IND-OSS-1766,Survey Data Specialist,Data Quality Assurance Division (DQAD),16,88,79,64,81,95,99,86,83,20.0,917,71,57.0,Assistant Director (Statistics),"{""statistical_analysis_score"": 90, ""data_visualization_score"": 80, ""python_score"": 70, ""sql_score"": 75, ""data_collection_score"": 75, ""data_quality_score"": 85, ""statistical_methods_score"": 90, ""communication_score"": 85}",Proficient,SYNTHETIC_PROTOTYPE
IND-OSS-1767,Field Operations Officer (NSSO),National Sample Survey Office (NSSO),2,29,17,15,15,61,47,36,53,3.0,186,38,54.0,Assistant Director (Statistics),"{""statistical_analysis_score"": 90, ""data_visualization_score"": 80, ""python_score"": 70, ""sql_score"": 75, ""data_collection_score"": 75, ""data_quality_score"": 85, ""statistical_methods_score"": 90, ""communication_score"": 85}",Beginner,SYNTHETIC_PROTOTYPE
IND-OSS-1768,Assistant Director (Statistics),Economic Statistics Division (ESD),4,83,72,45,63,54,73,73,85,2.0,49,79,14.0,Field Operations Officer (NSSO),"{""statistical_analysis_score"": 65, ""data_visualization_score"": 55, ""python_score"": 45, ""sql_score"": 50, ""data_collection_score"": 92, ""data_quality_score"": 85, ""statistical_methods_score"": 70, ""communication_score"": 85}",Developing,SYNTHETIC_PROTOTYPE
IND-OSS-1769,Junior Statistical Officer (JSO),National Sample Survey Office (NSSO),7,65,48,47,44,71,60,72,51,8.0,498,47,33.0,Junior Statistical Officer (JSO),"{""statistical_analysis_score"": 70, ""data_visualization_score"": 65, ""python_score"": 60, ""sql_score"": 65, ""data_collection_score"": 85, ""data_quality_score"": 80, ""statistical_methods_score"": 75, ""communication_score"": 70}",Developing,SYNTHETIC_PROTOTYPE
IND-OSS-1770,Junior Statistical Officer (JSO),Central Statistics Office (CSO),4,54,53,50,69,83,74,67,70,4.0,244,57,57.0,Data Analyst,"{""statistical_analysis_score"": 75, ""data_visualization_score"": 85, ""python_score"": 85, ""sql_score"": 85, ""data_collection_score"": 60, ""data_quality_score"": 80, ""statistical_methods_score"": 70, ""communication_score"": 75}",Developing,SYNTHETIC_PROTOTYPE
IND-OSS-1771,Junior Statistical Officer (JSO),State Directorate of Economics and Statistics (DES),6,50,44,52,51,73,66,74,68,6.0,188,47,56.0,Senior Statistical Officer (SSO),"{""statistical_analysis_score"": 85, ""data_visualization_score"": 75, ""python_score"": 70, ""sql_score"": 75, ""data_collection_score"": 85, ""data_quality_score"": 90, ""statistical_methods_score"": 85, ""communication_score"": 80}",Developing,SYNTHETIC_PROTOTYPE
IND-OSS-1772,Data Analyst,Central Statistics Office (CSO),10,61,65,81,75,52,65,59,63,10.0,469,60,14.0,Data Analyst,"{""statistical_analysis_score"": 75, ""data_visualization_score"": 85, ""python_score"": 85, ""sql_score"": 85, ""data_collection_score"": 60, ""data_quality_score"": 80, ""statistical_methods_score"": 70, ""communication_score"": 75}",Developing,SYNTHETIC_PROTOTYPE
IND-OSS-1773,Data Analyst,National Sample Survey Office (NSSO),5,59,64,77,78,61,53,62,72,3.0,96,60,66.0,Junior Statistical Officer (JSO),"{""statistical_analysis_score"": 70, ""data_visualization_score"": 65, ""python_score"": 60, ""sql_score"": 65, ""data_collection_score"": 85, ""data_quality_score"": 80, ""statistical_methods_score"": 75, ""communication_score"": 70}",Developing,SYNTHETIC_PROTOTYPE
IND-OSS-1774,Survey Data Specialist,State Directorate of Economics and Statistics (DES),4,76,67,58,44,85,67,68,51,1.0,72,70,41.0,Statistical Analyst,"{""statistical_analysis_score"": 85, ""data_visualization_score"": 75, ""python_score"": 75, ""sql_score"": 80, ""data_collection_score"": 60, ""data_quality_score"": 80, ""statistical_methods_score"": 80, ""communication_score"": 70}",Developing,SYNTHETIC_PROTOTYPE
IND-OSS-1775,Field Operations Officer (NSSO),State Directorate of Economics and Statistics (DES),5,66,67,47,42,80,94,70,79,6.0,375,62,36.0,Field Operations Officer (NSSO),"{""statistical_analysis_score"": 65, ""data_visualization_score"": 55, ""python_score"": 45, ""sql_score"": 50, ""data_collection_score"": 92, ""data_quality_score"": 85, ""statistical_methods_score"": 70, ""communication_score"": 85}",Developing,SYNTHETIC_PROTOTYPE
IND-OSS-1776,Survey Data Specialist,Data Quality Assurance Division (DQAD),1,51,35,37,42,44,65,46,36,1.0,18,40,29.0,Field Operations Officer (NSSO),"{""statistical_analysis_score"": 65, ""data_visualization_score"": 55, ""python_score"": 45, ""sql_score"": 50, ""data_collection_score"": 92, ""data_quality_score"": 85, ""statistical_methods_score"": 70, ""communication_score"": 85}",Beginner,SYNTHETIC_PROTOTYPE
IND-OSS-1777,Statistical Analyst,Data Quality Assurance Division (DQAD),1,87,74,70,68,40,74,74,66,1.0,52,66,39.0,Junior Statistical Officer (JSO),"{""statistical_analysis_score"": 70, ""data_visualization_score"": 65, ""python_score"": 60, ""sql_score"": 65, ""data_collection_score"": 85, ""data_quality_score"": 80, ""statistical_methods_score"": 75, ""communication_score"": 70}",Developing,SYNTHETIC_PROTOTYPE
IND-OSS-1778,Survey Data Specialist,Social Statistics Division (SSD),19,83,80,65,68,82,82,86,88,20.0,303,76,16.0,Data Analyst,"{""statistical_analysis_score"": 75, ""data_visualization_score"": 85, ""python_score"": 85, ""sql_score"": 85, ""data_collection_score"": 60, ""data_quality_score"": 80, ""statistical_methods_score"": 70, ""communication_score"": 75}",Proficient,SYNTHETIC_PROTOTYPE
IND-OSS-1779,Field Operations Officer (NSSO),Economic Statistics Division (ESD),2,67,52,43,56,95,96,69,78,0.0,4,63,74.0,Data Analyst,"{""statistical_analysis_score"": 75, ""data_visualization_score"": 85, ""python_score"": 85, ""sql_score"": 85, ""data_collection_score"": 60, ""data_quality_score"": 80, ""statistical_methods_score"": 70, ""communication_score"": 75}",Developing,SYNTHETIC_PROTOTYPE
IND-OSS-1780,Data Analyst,Central Statistics Office (CSO),2,74,86,83,92,57,72,73,73,2.0,72,71,60.0,Survey Data Specialist,"{""statistical_analysis_score"": 80, ""data_visualization_score"": 70, ""python_score"": 65, ""sql_score"": 75, ""data_collection_score"": 88, ""data_quality_score"": 88, ""statistical_methods_score"": 80, ""communication_score"": 75}",Developing,SYNTHETIC_PROTOTYPE
IND-OSS-1781,Assistant Director (Statistics),State Directorate of Economics and Statistics (DES),9,64,74,47,63,63,47,76,81,7.0,316,55,5.0,Field Operations Officer (NSSO),"{""statistical_analysis_score"": 65, ""data_visualization_score"": 55, ""python_score"": 45, ""sql_score"": 50, ""data_collection_score"": 92, ""data_quality_score"": 85, ""statistical_methods_score"": 70, ""communication_score"": 85}",Developing,SYNTHETIC_PROTOTYPE
IND-OSS-1782,Survey Data Specialist,Central Statistics Office (CSO),6,86,78,73,82,94,94,96,91,6.0,197,68,40.0,Assistant Director (Statistics),"{""statistical_analysis_score"": 90, ""data_visualization_score"": 80, ""python_score"": 70, ""sql_score"": 75, ""data_collection_score"": 75, ""data_quality_score"": 85, ""statistical_methods_score"": 90, ""communication_score"": 85}",Proficient,SYNTHETIC_PROTOTYPE
IND-OSS-1783,Senior Statistical Officer (SSO),National Sample Survey Office (NSSO),8,76,79,62,83,79,80,70,61,7.0,433,80,82.0,Senior Statistical Officer (SSO),"{""statistical_analysis_score"": 85, ""data_visualization_score"": 75, ""python_score"": 70, ""sql_score"": 75, ""data_collection_score"": 85, ""data_quality_score"": 90, ""statistical_methods_score"": 85, ""communication_score"": 80}",Proficient,SYNTHETIC_PROTOTYPE
IND-OSS-1784,Junior Statistical Officer (JSO),Data Quality Assurance Division (DQAD),4,21,26,32,28,37,33,48,27,5.0,77,26,61.0,Assistant Director (Statistics),"{""statistical_analysis_score"": 90, ""data_visualization_score"": 80, ""python_score"": 70, ""sql_score"": 75, ""data_collection_score"": 75, ""data_quality_score"": 85, ""statistical_methods_score"": 90, ""communication_score"": 85}",Beginner,SYNTHETIC_PROTOTYPE
IND-OSS-1785,Data Analyst,Economic Statistics Division (ESD),9,58,68,72,55,54,56,48,55,5.0,89,56,28.0,Field Operations Officer (NSSO),"{""statistical_analysis_score"": 65, ""data_visualization_score"": 55, ""python_score"": 45, ""sql_score"": 50, ""data_collection_score"": 92, ""data_quality_score"": 85, ""statistical_methods_score"": 70, ""communication_score"": 85}",Developing,SYNTHETIC_PROTOTYPE
IND-OSS-1786,Junior Statistical Officer (JSO),State Directorate of Economics and Statistics (DES),10,48,44,55,55,79,67,53,58,10.0,465,61,33.0,Assistant Director (Statistics),"{""statistical_analysis_score"": 90, ""data_visualization_score"": 80, ""python_score"": 70, ""sql_score"": 75, ""data_collection_score"": 75, ""data_quality_score"": 85, ""statistical_methods_score"": 90, ""communication_score"": 85}",Developing,SYNTHETIC_PROTOTYPE
IND-OSS-1787,Survey Data Specialist,Economic Statistics Division (ESD),8,86,65,68,58,88,95,84,77,7.0,108,69,17.0,Data Analyst,"{""statistical_analysis_score"": 75, ""data_visualization_score"": 85, ""python_score"": 85, ""sql_score"": 85, ""data_collection_score"": 60, ""data_quality_score"": 80, ""statistical_methods_score"": 70, ""communication_score"": 75}",Proficient,SYNTHETIC_PROTOTYPE
IND-OSS-1788,Field Operations Officer (NSSO),Central Statistics Office (CSO),1,69,60,50,61,91,93,67,99,1.0,47,63,22.0,Junior Statistical Officer (JSO),"{""statistical_analysis_score"": 70, ""data_visualization_score"": 65, ""python_score"": 60, ""sql_score"": 65, ""data_collection_score"": 85, ""data_quality_score"": 80, ""statistical_methods_score"": 75, ""communication_score"": 70}",Developing,SYNTHETIC_PROTOTYPE
IND-OSS-1789,Survey Data Specialist,State Directorate of Economics and Statistics (DES),15,99,80,81,90,99,99,95,78,14.0,210,78,67.0,Senior Statistical Officer (SSO),"{""statistical_analysis_score"": 85, ""data_visualization_score"": 75, ""python_score"": 70, ""sql_score"": 75, ""data_collection_score"": 85, ""data_quality_score"": 90, ""statistical_methods_score"": 85, ""communication_score"": 80}",Advanced,SYNTHETIC_PROTOTYPE
IND-OSS-1790,Survey Data Specialist,Central Statistics Office (CSO),1,74,56,60,63,93,75,70,61,0.0,2,57,22.0,Junior Statistical Officer (JSO),"{""statistical_analysis_score"": 70, ""data_visualization_score"": 65, ""python_score"": 60, ""sql_score"": 65, ""data_collection_score"": 85, ""data_quality_score"": 80, ""statistical_methods_score"": 75, ""communication_score"": 70}",Developing,SYNTHETIC_PROTOTYPE
IND-OSS-1791,Assistant Director (Statistics),Social Statistics Division (SSD),8,85,66,65,65,65,76,77,62,5.0,113,60,47.0,Senior Statistical Officer (SSO),"{""statistical_analysis_score"": 85, ""data_visualization_score"": 75, ""python_score"": 70, ""sql_score"": 75, ""data_collection_score"": 85, ""data_quality_score"": 90, ""statistical_methods_score"": 85, ""communication_score"": 80}",Developing,SYNTHETIC_PROTOTYPE
IND-OSS-1792,Senior Statistical Officer (SSO),State Directorate of Economics and Statistics (DES),1,88,77,81,94,99,99,97,84,1.0,46,88,79.0,Junior Statistical Officer (JSO),"{""statistical_analysis_score"": 70, ""data_visualization_score"": 65, ""python_score"": 60, ""sql_score"": 65, ""data_collection_score"": 85, ""data_quality_score"": 80, ""statistical_methods_score"": 75, ""communication_score"": 70}",Proficient,SYNTHETIC_PROTOTYPE
IND-OSS-1793,Survey Data Specialist,Economic Statistics Division (ESD),10,73,59,51,61,78,69,66,62,10.0,318,60,49.0,Field Operations Officer (NSSO),"{""statistical_analysis_score"": 65, ""data_visualization_score"": 55, ""python_score"": 45, ""sql_score"": 50, ""data_collection_score"": 92, ""data_quality_score"": 85, ""statistical_methods_score"": 70, ""communication_score"": 85}",Developing,SYNTHETIC_PROTOTYPE
IND-OSS-1794,Field Operations Officer (NSSO),Economic Statistics Division (ESD),2,49,33,35,32,73,78,68,69,3.0,59,56,38.0,Data Analyst,"{""statistical_analysis_score"": 75, ""data_visualization_score"": 85, ""python_score"": 85, ""sql_score"": 85, ""data_collection_score"": 60, ""data_quality_score"": 80, ""statistical_methods_score"": 70, ""communication_score"": 75}",Developing,SYNTHETIC_PROTOTYPE
IND-OSS-1795,Survey Data Specialist,Central Statistics Office (CSO),1,62,65,45,57,79,73,69,61,0.0,1,63,78.0,Survey Data Specialist,"{""statistical_analysis_score"": 80, ""data_visualization_score"": 70, ""python_score"": 65, ""sql_score"": 75, ""data_collection_score"": 88, ""data_quality_score"": 88, ""statistical_methods_score"": 80, ""communication_score"": 75}",Developing,SYNTHETIC_PROTOTYPE
IND-OSS-1796,Field Operations Officer (NSSO),Central Statistics Office (CSO),8,58,41,55,51,89,76,63,70,4.0,85,61,42.0,Survey Data Specialist,"{""statistical_analysis_score"": 80, ""data_visualization_score"": 70, ""python_score"": 65, ""sql_score"": 75, ""data_collection_score"": 88, ""data_quality_score"": 88, ""statistical_methods_score"": 80, ""communication_score"": 75}",Developing,SYNTHETIC_PROTOTYPE
IND-OSS-1797,Junior Statistical Officer (JSO),National Sample Survey Office (NSSO),3,30,29,24,24,46,48,44,27,3.0,66,35,87.0,Assistant Director (Statistics),"{""statistical_analysis_score"": 90, ""data_visualization_score"": 80, ""python_score"": 70, ""sql_score"": 75, ""data_collection_score"": 75, ""data_quality_score"": 85, ""statistical_methods_score"": 90, ""communication_score"": 85}",Beginner,SYNTHETIC_PROTOTYPE
IND-OSS-1798,Senior Statistical Officer (SSO),State Directorate of Economics and Statistics (DES),2,92,71,82,88,90,99,95,90,4.0,132,75,54.0,Junior Statistical Officer (JSO),"{""statistical_analysis_score"": 70, ""data_visualization_score"": 65, ""python_score"": 60, ""sql_score"": 65, ""data_collection_score"": 85, ""data_quality_score"": 80, ""statistical_methods_score"": 75, ""communication_score"": 70}",Proficient,SYNTHETIC_PROTOTYPE
IND-OSS-1799,Field Operations Officer (NSSO),National Sample Survey Office (NSSO),6,62,54,51,45,86,72,67,83,6.0,98,58,49.0,Assistant Director (Statistics),"{""statistical_analysis_score"": 90, ""data_visualization_score"": 80, ""python_score"": 70, ""sql_score"": 75, ""data_collection_score"": 75, ""data_quality_score"": 85, ""statistical_methods_score"": 90, ""communication_score"": 85}",Developing,SYNTHETIC_PROTOTYPE
IND-OSS-1800,Survey Data Specialist,Social Statistics Division (SSD),3,59,53,54,62,71,81,66,62,6.0,377,58,29.0,Survey Data Specialist,"{""statistical_analysis_score"": 80, ""data_visualization_score"": 70, ""python_score"": 65, ""sql_score"": 75, ""data_collection_score"": 88, ""data_quality_score"": 88, ""statistical_methods_score"": 80, ""communication_score"": 75}",Developing,SYNTHETIC_PROTOTYPE
IND-OSS-1801,Statistical Analyst,National Statistical Systems Training Academy (NSSTA),6,70,60,62,64,28,62,68,43,2.0,72,56,88.0,Statistical Analyst,"{""statistical_analysis_score"": 85, ""data_visualization_score"": 75, ""python_score"": 75, ""sql_score"": 80, ""data_collection_score"": 60, ""data_quality_score"": 80, ""statistical_methods_score"": 80, ""communication_score"": 70}",Developing,SYNTHETIC_PROTOTYPE
IND-OSS-1802,Survey Data Specialist,Central Statistics Office (CSO),1,75,64,62,70,75,86,79,60,2.0,136,71,66.0,Junior Statistical Officer (JSO),"{""statistical_analysis_score"": 70, ""data_visualization_score"": 65, ""python_score"": 60, ""sql_score"": 65, ""data_collection_score"": 85, ""data_quality_score"": 80, ""statistical_methods_score"": 75, ""communication_score"": 70}",Developing,SYNTHETIC_PROTOTYPE
IND-OSS-1803,Senior Statistical Officer (SSO),Social Statistics Division (SSD),3,67,53,52,78,68,73,69,64,2.0,76,58,79.0,Data Analyst,"{""statistical_analysis_score"": 75, ""data_visualization_score"": 85, ""python_score"": 85, ""sql_score"": 85, ""data_collection_score"": 60, ""data_quality_score"": 80, ""statistical_methods_score"": 70, ""communication_score"": 75}",Developing,SYNTHETIC_PROTOTYPE
IND-OSS-1804,Survey Data Specialist,Economic Statistics Division (ESD),5,80,64,57,77,79,62,74,52,3.0,104,66,57.0,Statistical Analyst,"{""statistical_analysis_score"": 85, ""data_visualization_score"": 75, ""python_score"": 75, ""sql_score"": 80, ""data_collection_score"": 60, ""data_quality_score"": 80, ""statistical_methods_score"": 80, ""communication_score"": 70}",Developing,SYNTHETIC_PROTOTYPE
IND-OSS-1805,Data Analyst,State Directorate of Economics and Statistics (DES),2,76,67,72,71,49,75,68,67,6.0,91,56,31.0,Senior Statistical Officer (SSO),"{""statistical_analysis_score"": 85, ""data_visualization_score"": 75, ""python_score"": 70, ""sql_score"": 75, ""data_collection_score"": 85, ""data_quality_score"": 90, ""statistical_methods_score"": 85, ""communication_score"": 80}",Developing,SYNTHETIC_PROTOTYPE
IND-OSS-1806,Junior Statistical Officer (JSO),National Sample Survey Office (NSSO),11,58,59,62,57,74,64,63,66,9.0,407,58,24.0,Senior Statistical Officer (SSO),"{""statistical_analysis_score"": 85, ""data_visualization_score"": 75, ""python_score"": 70, ""sql_score"": 75, ""data_collection_score"": 85, ""data_quality_score"": 90, ""statistical_methods_score"": 85, ""communication_score"": 80}",Developing,SYNTHETIC_PROTOTYPE
IND-OSS-1807,Statistical Analyst,Economic Statistics Division (ESD),3,76,62,47,76,56,72,65,54,2.0,54,59,22.0,Field Operations Officer (NSSO),"{""statistical_analysis_score"": 65, ""data_visualization_score"": 55, ""python_score"": 45, ""sql_score"": 50, ""data_collection_score"": 92, ""data_quality_score"": 85, ""statistical_methods_score"": 70, ""communication_score"": 85}",Developing,SYNTHETIC_PROTOTYPE
IND-OSS-1808,Junior Statistical Officer (JSO),Central Statistics Office (CSO),6,63,63,52,59,87,71,70,61,7.0,423,65,68.0,Senior Statistical Officer (SSO),"{""statistical_analysis_score"": 85, ""data_visualization_score"": 75, ""python_score"": 70, ""sql_score"": 75, ""data_collection_score"": 85, ""data_quality_score"": 90, ""statistical_methods_score"": 85, ""communication_score"": 80}",Developing,SYNTHETIC_PROTOTYPE
IND-OSS-1809,Statistical Analyst,National Statistical Systems Training Academy (NSSTA),1,72,51,61,60,40,71,53,50,3.0,67,61,43.0,Data Analyst,"{""statistical_analysis_score"": 75, ""data_visualization_score"": 85, ""python_score"": 85, ""sql_score"": 85, ""data_collection_score"": 60, ""data_quality_score"": 80, ""statistical_methods_score"": 70, ""communication_score"": 75}",Developing,SYNTHETIC_PROTOTYPE
IND-OSS-1810,Statistical Analyst,National Statistical Systems Training Academy (NSSTA),8,80,56,65,65,32,73,46,41,7.0,222,57,90.0,Statistical Analyst,"{""statistical_analysis_score"": 85, ""data_visualization_score"": 75, ""python_score"": 75, ""sql_score"": 80, ""data_collection_score"": 60, ""data_quality_score"": 80, ""statistical_methods_score"": 80, ""communication_score"": 70}",Developing,SYNTHETIC_PROTOTYPE
IND-OSS-1811,Survey Data Specialist,Data Quality Assurance Division (DQAD),7,85,92,75,83,96,98,99,91,7.0,436,84,23.0,Assistant Director (Statistics),"{""statistical_analysis_score"": 90, ""data_visualization_score"": 80, ""python_score"": 70, ""sql_score"": 75, ""data_collection_score"": 75, ""data_quality_score"": 85, ""statistical_methods_score"": 90, ""communication_score"": 85}",Proficient,SYNTHETIC_PROTOTYPE
IND-OSS-1812,Junior Statistical Officer (JSO),State Directorate of Economics and Statistics (DES),1,77,59,62,67,93,87,80,61,2.0,40,69,54.0,Data Analyst,"{""statistical_analysis_score"": 75, ""data_visualization_score"": 85, ""python_score"": 85, ""sql_score"": 85, ""data_collection_score"": 60, ""data_quality_score"": 80, ""statistical_methods_score"": 70, ""communication_score"": 75}",Developing,SYNTHETIC_PROTOTYPE
IND-OSS-1813,Data Analyst,National Sample Survey Office (NSSO),8,69,61,69,82,53,59,49,63,6.0,289,63,92.0,Junior Statistical Officer (JSO),"{""statistical_analysis_score"": 70, ""data_visualization_score"": 65, ""python_score"": 60, ""sql_score"": 65, ""data_collection_score"": 85, ""data_quality_score"": 80, ""statistical_methods_score"": 75, ""communication_score"": 70}",Developing,SYNTHETIC_PROTOTYPE
IND-OSS-1814,Survey Data Specialist,Economic Statistics Division (ESD),14,84,70,58,80,74,84,90,67,17.0,358,66,33.0,Assistant Director (Statistics),"{""statistical_analysis_score"": 90, ""data_visualization_score"": 80, ""python_score"": 70, ""sql_score"": 75, ""data_collection_score"": 75, ""data_quality_score"": 85, ""statistical_methods_score"": 90, ""communication_score"": 85}",Proficient,SYNTHETIC_PROTOTYPE
IND-OSS-1815,Survey Data Specialist,Central Statistics Office (CSO),5,84,71,67,70,81,86,76,65,7.0,430,69,84.0,Survey Data Specialist,"{""statistical_analysis_score"": 80, ""data_visualization_score"": 70, ""python_score"": 65, ""sql_score"": 75, ""data_collection_score"": 88, ""data_quality_score"": 88, ""statistical_methods_score"": 80, ""communication_score"": 75}",Developing,SYNTHETIC_PROTOTYPE
IND-OSS-1816,Assistant Director (Statistics),Economic Statistics Division (ESD),4,78,64,72,63,76,85,94,76,6.0,191,66,52.0,Senior Statistical Officer (SSO),"{""statistical_analysis_score"": 85, ""data_visualization_score"": 75, ""python_score"": 70, ""sql_score"": 75, ""data_collection_score"": 85, ""data_quality_score"": 90, ""statistical_methods_score"": 85, ""communication_score"": 80}",Developing,SYNTHETIC_PROTOTYPE
IND-OSS-1817,Field Operations Officer (NSSO),National Sample Survey Office (NSSO),7,52,34,44,37,86,54,64,74,7.0,226,43,81.0,Statistical Analyst,"{""statistical_analysis_score"": 85, ""data_visualization_score"": 75, ""python_score"": 75, ""sql_score"": 80, ""data_collection_score"": 60, ""data_quality_score"": 80, ""statistical_methods_score"": 80, ""communication_score"": 70}",Developing,SYNTHETIC_PROTOTYPE
IND-OSS-1818,Statistical Analyst,National Statistical Systems Training Academy (NSSTA),2,64,59,52,71,32,63,69,57,0.0,14,50,58.0,Data Analyst,"{""statistical_analysis_score"": 75, ""data_visualization_score"": 85, ""python_score"": 85, ""sql_score"": 85, ""data_collection_score"": 60, ""data_quality_score"": 80, ""statistical_methods_score"": 70, ""communication_score"": 75}",Developing,SYNTHETIC_PROTOTYPE
IND-OSS-1819,Survey Data Specialist,Central Statistics Office (CSO),4,79,74,52,85,89,88,88,72,7.0,334,78,85.0,Field Operations Officer (NSSO),"{""statistical_analysis_score"": 65, ""data_visualization_score"": 55, ""python_score"": 45, ""sql_score"": 50, ""data_collection_score"": 92, ""data_quality_score"": 85, ""statistical_methods_score"": 70, ""communication_score"": 85}",Proficient,SYNTHETIC_PROTOTYPE
IND-OSS-1820,Assistant Director (Statistics),Social Statistics Division (SSD),12,74,77,64,67,66,78,80,75,10.0,450,69,72.0,Field Operations Officer (NSSO),"{""statistical_analysis_score"": 65, ""data_visualization_score"": 55, ""python_score"": 45, ""sql_score"": 50, ""data_collection_score"": 92, ""data_quality_score"": 85, ""statistical_methods_score"": 70, ""communication_score"": 85}",Proficient,SYNTHETIC_PROTOTYPE
IND-OSS-1821,Senior Statistical Officer (SSO),National Sample Survey Office (NSSO),1,43,37,35,59,52,66,60,59,0.0,19,45,91.0,Survey Data Specialist,"{""statistical_analysis_score"": 80, ""data_visualization_score"": 70, ""python_score"": 65, ""sql_score"": 75, ""data_collection_score"": 88, ""data_quality_score"": 88, ""statistical_methods_score"": 80, ""communication_score"": 75}",Beginner,SYNTHETIC_PROTOTYPE
IND-OSS-1822,Junior Statistical Officer (JSO),Central Statistics Office (CSO),5,82,93,56,73,99,80,92,77,9.0,147,64,65.0,Junior Statistical Officer (JSO),"{""statistical_analysis_score"": 70, ""data_visualization_score"": 65, ""python_score"": 60, ""sql_score"": 65, ""data_collection_score"": 85, ""data_quality_score"": 80, ""statistical_methods_score"": 75, ""communication_score"": 70}",Proficient,SYNTHETIC_PROTOTYPE
IND-OSS-1823,Statistical Analyst,National Sample Survey Office (NSSO),13,72,62,60,74,55,69,60,62,11.0,511,54,45.0,Data Analyst,"{""statistical_analysis_score"": 75, ""data_visualization_score"": 85, ""python_score"": 85, ""sql_score"": 85, ""data_collection_score"": 60, ""data_quality_score"": 80, ""statistical_methods_score"": 70, ""communication_score"": 75}",Developing,SYNTHETIC_PROTOTYPE
IND-OSS-1824,Senior Statistical Officer (SSO),Data Quality Assurance Division (DQAD),9,86,80,58,76,87,89,81,83,4.0,70,74,36.0,Survey Data Specialist,"{""statistical_analysis_score"": 80, ""data_visualization_score"": 70, ""python_score"": 65, ""sql_score"": 75, ""data_collection_score"": 88, ""data_quality_score"": 88, ""statistical_methods_score"": 80, ""communication_score"": 75}",Proficient,SYNTHETIC_PROTOTYPE
IND-OSS-1825,Field Operations Officer (NSSO),Economic Statistics Division (ESD),5,58,48,38,44,85,65,55,60,7.0,330,58,72.0,Statistical Analyst,"{""statistical_analysis_score"": 85, ""data_visualization_score"": 75, ""python_score"": 75, ""sql_score"": 80, ""data_collection_score"": 60, ""data_quality_score"": 80, ""statistical_methods_score"": 80, ""communication_score"": 70}",Developing,SYNTHETIC_PROTOTYPE
IND-OSS-1826,Statistical Analyst,State Directorate of Economics and Statistics (DES),5,82,53,63,65,37,55,63,54,4.0,127,50,42.0,Senior Statistical Officer (SSO),"{""statistical_analysis_score"": 85, ""data_visualization_score"": 75, ""python_score"": 70, ""sql_score"": 75, ""data_collection_score"": 85, ""data_quality_score"": 90, ""statistical_methods_score"": 85, ""communication_score"": 80}",Developing,SYNTHETIC_PROTOTYPE
IND-OSS-1827,Field Operations Officer (NSSO),Social Statistics Division (SSD),1,38,40,29,30,70,71,58,58,1.0,56,38,19.0,Statistical Analyst,"{""statistical_analysis_score"": 85, ""data_visualization_score"": 75, ""python_score"": 75, ""sql_score"": 80, ""data_collection_score"": 60, ""data_quality_score"": 80, ""statistical_methods_score"": 80, ""communication_score"": 70}",Beginner,SYNTHETIC_PROTOTYPE
IND-OSS-1828,Assistant Director (Statistics),Social Statistics Division (SSD),5,69,68,72,71,59,72,84,77,5.0,312,70,50.0,Field Operations Officer (NSSO),"{""statistical_analysis_score"": 65, ""data_visualization_score"": 55, ""python_score"": 45, ""sql_score"": 50, ""data_collection_score"": 92, ""data_quality_score"": 85, ""statistical_methods_score"": 70, ""communication_score"": 85}",Developing,SYNTHETIC_PROTOTYPE
IND-OSS-1829,Data Analyst,Data Quality Assurance Division (DQAD),1,42,57,50,47,16,30,35,45,3.0,135,44,65.0,Data Analyst,"{""statistical_analysis_score"": 75, ""data_visualization_score"": 85, ""python_score"": 85, ""sql_score"": 85, ""data_collection_score"": 60, ""data_quality_score"": 80, ""statistical_methods_score"": 70, ""communication_score"": 75}",Beginner,SYNTHETIC_PROTOTYPE
IND-OSS-1830,Junior Statistical Officer (JSO),Economic Statistics Division (ESD),11,53,62,52,56,80,85,76,72,10.0,612,59,21.0,Statistical Analyst,"{""statistical_analysis_score"": 85, ""data_visualization_score"": 75, ""python_score"": 75, ""sql_score"": 80, ""data_collection_score"": 60, ""data_quality_score"": 80, ""statistical_methods_score"": 80, ""communication_score"": 70}",Developing,SYNTHETIC_PROTOTYPE
IND-OSS-1831,Field Operations Officer (NSSO),National Statistical Systems Training Academy (NSSTA),6,82,63,46,62,99,94,61,92,13.0,603,62,41.0,Data Analyst,"{""statistical_analysis_score"": 75, ""data_visualization_score"": 85, ""python_score"": 85, ""sql_score"": 85, ""data_collection_score"": 60, ""data_quality_score"": 80, ""statistical_methods_score"": 70, ""communication_score"": 75}",Developing,SYNTHETIC_PROTOTYPE
IND-OSS-1832,Field Operations Officer (NSSO),Economic Statistics Division (ESD),3,52,36,37,27,84,74,49,61,4.0,92,61,24.0,Data Analyst,"{""statistical_analysis_score"": 75, ""data_visualization_score"": 85, ""python_score"": 85, ""sql_score"": 85, ""data_collection_score"": 60, ""data_quality_score"": 80, ""statistical_methods_score"": 70, ""communication_score"": 75}",Developing,SYNTHETIC_PROTOTYPE
IND-OSS-1833,Assistant Director (Statistics),Data Quality Assurance Division (DQAD),9,80,55,45,43,55,72,65,55,7.0,325,45,50.0,Statistical Analyst,"{""statistical_analysis_score"": 85, ""data_visualization_score"": 75, ""python_score"": 75, ""sql_score"": 80, ""data_collection_score"": 60, ""data_quality_score"": 80, ""statistical_methods_score"": 80, ""communication_score"": 70}",Developing,SYNTHETIC_PROTOTYPE
IND-OSS-1834,Field Operations Officer (NSSO),National Statistical Systems Training Academy (NSSTA),6,75,63,53,54,99,86,78,92,6.0,192,75,33.0,Statistical Analyst,"{""statistical_analysis_score"": 85, ""data_visualization_score"": 75, ""python_score"": 75, ""sql_score"": 80, ""data_collection_score"": 60, ""data_quality_score"": 80, ""statistical_methods_score"": 80, ""communication_score"": 70}",Proficient,SYNTHETIC_PROTOTYPE
IND-OSS-1835,Field Operations Officer (NSSO),Social Statistics Division (SSD),3,57,37,35,45,84,77,57,71,4.0,259,55,24.0,Field Operations Officer (NSSO),"{""statistical_analysis_score"": 65, ""data_visualization_score"": 55, ""python_score"": 45, ""sql_score"": 50, ""data_collection_score"": 92, ""data_quality_score"": 85, ""statistical_methods_score"": 70, ""communication_score"": 85}",Developing,SYNTHETIC_PROTOTYPE
IND-OSS-1836,Survey Data Specialist,Social Statistics Division (SSD),5,93,67,65,76,92,89,76,75,3.0,142,87,18.0,Field Operations Officer (NSSO),"{""statistical_analysis_score"": 65, ""data_visualization_score"": 55, ""python_score"": 45, ""sql_score"": 50, ""data_collection_score"": 92, ""data_quality_score"": 85, ""statistical_methods_score"": 70, ""communication_score"": 85}",Proficient,SYNTHETIC_PROTOTYPE
IND-OSS-1837,Statistical Analyst,Economic Statistics Division (ESD),14,95,74,79,76,68,73,88,68,17.0,774,72,46.0,Survey Data Specialist,"{""statistical_analysis_score"": 80, ""data_visualization_score"": 70, ""python_score"": 65, ""sql_score"": 75, ""data_collection_score"": 88, ""data_quality_score"": 88, ""statistical_methods_score"": 80, ""communication_score"": 75}",Proficient,SYNTHETIC_PROTOTYPE
IND-OSS-1838,Senior Statistical Officer (SSO),National Sample Survey Office (NSSO),7,78,68,65,74,92,87,81,82,6.0,133,74,14.0,Assistant Director (Statistics),"{""statistical_analysis_score"": 90, ""data_visualization_score"": 80, ""python_score"": 70, ""sql_score"": 75, ""data_collection_score"": 75, ""data_quality_score"": 85, ""statistical_methods_score"": 90, ""communication_score"": 85}",Proficient,SYNTHETIC_PROTOTYPE
IND-OSS-1839,Senior Statistical Officer (SSO),National Statistical Systems Training Academy (NSSTA),14,68,51,57,61,72,85,85,77,15.0,459,58,69.0,Junior Statistical Officer (JSO),"{""statistical_analysis_score"": 70, ""data_visualization_score"": 65, ""python_score"": 60, ""sql_score"": 65, ""data_collection_score"": 85, ""data_quality_score"": 80, ""statistical_methods_score"": 75, ""communication_score"": 70}",Developing,SYNTHETIC_PROTOTYPE
IND-OSS-1840,Assistant Director (Statistics),National Sample Survey Office (NSSO),2,64,57,51,43,43,70,71,54,6.0,106,60,41.0,Junior Statistical Officer (JSO),"{""statistical_analysis_score"": 70, ""data_visualization_score"": 65, ""python_score"": 60, ""sql_score"": 65, ""data_collection_score"": 85, ""data_quality_score"": 80, ""statistical_methods_score"": 75, ""communication_score"": 70}",Developing,SYNTHETIC_PROTOTYPE
IND-OSS-1841,Survey Data Specialist,National Sample Survey Office (NSSO),2,73,38,50,67,60,75,69,59,1.0,19,71,36.0,Junior Statistical Officer (JSO),"{""statistical_analysis_score"": 70, ""data_visualization_score"": 65, ""python_score"": 60, ""sql_score"": 65, ""data_collection_score"": 85, ""data_quality_score"": 80, ""statistical_methods_score"": 75, ""communication_score"": 70}",Developing,SYNTHETIC_PROTOTYPE
IND-OSS-1842,Data Analyst,Data Quality Assurance Division (DQAD),11,50,54,67,57,45,45,44,65,9.0,187,46,78.0,Assistant Director (Statistics),"{""statistical_analysis_score"": 90, ""data_visualization_score"": 80, ""python_score"": 70, ""sql_score"": 75, ""data_collection_score"": 75, ""data_quality_score"": 85, ""statistical_methods_score"": 90, ""communication_score"": 85}",Developing,SYNTHETIC_PROTOTYPE
IND-OSS-1843,Assistant Director (Statistics),National Sample Survey Office (NSSO),1,87,76,61,65,69,73,84,69,1.0,67,68,53.0,Survey Data Specialist,"{""statistical_analysis_score"": 80, ""data_visualization_score"": 70, ""python_score"": 65, ""sql_score"": 75, ""data_collection_score"": 88, ""data_quality_score"": 88, ""statistical_methods_score"": 80, ""communication_score"": 75}",Developing,SYNTHETIC_PROTOTYPE
IND-OSS-1844,Field Operations Officer (NSSO),Data Quality Assurance Division (DQAD),2,67,47,24,38,65,56,58,76,6.0,198,60,59.0,Survey Data Specialist,"{""statistical_analysis_score"": 80, ""data_visualization_score"": 70, ""python_score"": 65, ""sql_score"": 75, ""data_collection_score"": 88, ""data_quality_score"": 88, ""statistical_methods_score"": 80, ""communication_score"": 75}",Developing,SYNTHETIC_PROTOTYPE
IND-OSS-1845,Junior Statistical Officer (JSO),Central Statistics Office (CSO),5,69,61,58,53,80,73,63,70,6.0,277,66,59.0,Statistical Analyst,"{""statistical_analysis_score"": 85, ""data_visualization_score"": 75, ""python_score"": 75, ""sql_score"": 80, ""data_collection_score"": 60, ""data_quality_score"": 80, ""statistical_methods_score"": 80, ""communication_score"": 70}",Developing,SYNTHETIC_PROTOTYPE
IND-OSS-1846,Junior Statistical Officer (JSO),Social Statistics Division (SSD),1,74,57,44,65,73,70,62,55,2.0,75,56,5.0,Junior Statistical Officer (JSO),"{""statistical_analysis_score"": 70, ""data_visualization_score"": 65, ""python_score"": 60, ""sql_score"": 65, ""data_collection_score"": 85, ""data_quality_score"": 80, ""statistical_methods_score"": 75, ""communication_score"": 70}",Developing,SYNTHETIC_PROTOTYPE
IND-OSS-1847,Survey Data Specialist,Data Quality Assurance Division (DQAD),6,51,40,34,45,70,48,61,63,5.0,160,40,45.0,Data Analyst,"{""statistical_analysis_score"": 75, ""data_visualization_score"": 85, ""python_score"": 85, ""sql_score"": 85, ""data_collection_score"": 60, ""data_quality_score"": 80, ""statistical_methods_score"": 70, ""communication_score"": 75}",Beginner,SYNTHETIC_PROTOTYPE
IND-OSS-1848,Survey Data Specialist,State Directorate of Economics and Statistics (DES),3,78,64,52,63,97,87,71,63,9.0,282,57,39.0,Assistant Director (Statistics),"{""statistical_analysis_score"": 90, ""data_visualization_score"": 80, ""python_score"": 70, ""sql_score"": 75, ""data_collection_score"": 75, ""data_quality_score"": 85, ""statistical_methods_score"": 90, ""communication_score"": 85}",Developing,SYNTHETIC_PROTOTYPE
IND-OSS-1849,Senior Statistical Officer (SSO),Data Quality Assurance Division (DQAD),1,95,78,81,77,89,99,99,82,2.0,95,90,19.0,Senior Statistical Officer (SSO),"{""statistical_analysis_score"": 85, ""data_visualization_score"": 75, ""python_score"": 70, ""sql_score"": 75, ""data_collection_score"": 85, ""data_quality_score"": 90, ""statistical_methods_score"": 85, ""communication_score"": 80}",Proficient,SYNTHETIC_PROTOTYPE
IND-OSS-1850,Assistant Director (Statistics),Central Statistics Office (CSO),2,89,71,61,78,81,74,85,82,5.0,165,70,25.0,Survey Data Specialist,"{""statistical_analysis_score"": 80, ""data_visualization_score"": 70, ""python_score"": 65, ""sql_score"": 75, ""data_collection_score"": 88, ""data_quality_score"": 88, ""statistical_methods_score"": 80, ""communication_score"": 75}",Developing,SYNTHETIC_PROTOTYPE
IND-OSS-1851,Data Analyst,National Sample Survey Office (NSSO),1,30,47,54,48,26,37,43,42,0.0,16,46,42.0,Assistant Director (Statistics),"{""statistical_analysis_score"": 90, ""data_visualization_score"": 80, ""python_score"": 70, ""sql_score"": 75, ""data_collection_score"": 75, ""data_quality_score"": 85, ""statistical_methods_score"": 90, ""communication_score"": 85}",Beginner,SYNTHETIC_PROTOTYPE
IND-OSS-1852,Survey Data Specialist,Economic Statistics Division (ESD),8,65,57,41,60,78,76,60,56,6.0,372,50,30.0,Statistical Analyst,"{""statistical_analysis_score"": 85, ""data_visualization_score"": 75, ""python_score"": 75, ""sql_score"": 80, ""data_collection_score"": 60, ""data_quality_score"": 80, ""statistical_methods_score"": 80, ""communication_score"": 70}",Developing,SYNTHETIC_PROTOTYPE
IND-OSS-1853,Junior Statistical Officer (JSO),Central Statistics Office (CSO),3,36,50,41,54,63,63,42,50,2.0,123,62,55.0,Statistical Analyst,"{""statistical_analysis_score"": 85, ""data_visualization_score"": 75, ""python_score"": 75, ""sql_score"": 80, ""data_collection_score"": 60, ""data_quality_score"": 80, ""statistical_methods_score"": 80, ""communication_score"": 70}",Developing,SYNTHETIC_PROTOTYPE
IND-OSS-1854,Survey Data Specialist,Central Statistics Office (CSO),3,55,38,40,53,68,66,53,53,1.0,24,51,71.0,Statistical Analyst,"{""statistical_analysis_score"": 85, ""data_visualization_score"": 75, ""python_score"": 75, ""sql_score"": 80, ""data_collection_score"": 60, ""data_quality_score"": 80, ""statistical_methods_score"": 80, ""communication_score"": 70}",Beginner,SYNTHETIC_PROTOTYPE
IND-OSS-1855,Junior Statistical Officer (JSO),National Statistical Systems Training Academy (NSSTA),8,55,51,43,44,77,60,71,49,10.0,609,50,51.0,Field Operations Officer (NSSO),"{""statistical_analysis_score"": 65, ""data_visualization_score"": 55, ""python_score"": 45, ""sql_score"": 50, ""data_collection_score"": 92, ""data_quality_score"": 85, ""statistical_methods_score"": 70, ""communication_score"": 85}",Developing,SYNTHETIC_PROTOTYPE
IND-OSS-1856,Senior Statistical Officer (SSO),State Directorate of Economics and Statistics (DES),7,74,50,51,50,77,68,82,70,7.0,219,66,32.0,Field Operations Officer (NSSO),"{""statistical_analysis_score"": 65, ""data_visualization_score"": 55, ""python_score"": 45, ""sql_score"": 50, ""data_collection_score"": 92, ""data_quality_score"": 85, ""statistical_methods_score"": 70, ""communication_score"": 85}",Developing,SYNTHETIC_PROTOTYPE
IND-OSS-1857,Senior Statistical Officer (SSO),National Statistical Systems Training Academy (NSSTA),3,89,69,65,79,80,91,73,83,5.0,229,65,22.0,Statistical Analyst,"{""statistical_analysis_score"": 85, ""data_visualization_score"": 75, ""python_score"": 75, ""sql_score"": 80, ""data_collection_score"": 60, ""data_quality_score"": 80, ""statistical_methods_score"": 80, ""communication_score"": 70}",Developing,SYNTHETIC_PROTOTYPE
IND-OSS-1858,Survey Data Specialist,Data Quality Assurance Division (DQAD),2,78,58,55,70,84,81,72,61,5.0,312,75,17.0,Data Analyst,"{""statistical_analysis_score"": 75, ""data_visualization_score"": 85, ""python_score"": 85, ""sql_score"": 85, ""data_collection_score"": 60, ""data_quality_score"": 80, ""statistical_methods_score"": 70, ""communication_score"": 75}",Developing,SYNTHETIC_PROTOTYPE
IND-OSS-1859,Junior Statistical Officer (JSO),National Statistical Systems Training Academy (NSSTA),7,66,52,55,48,73,64,61,53,9.0,411,60,63.0,Survey Data Specialist,"{""statistical_analysis_score"": 80, ""data_visualization_score"": 70, ""python_score"": 65, ""sql_score"": 75, ""data_collection_score"": 88, ""data_quality_score"": 88, ""statistical_methods_score"": 80, ""communication_score"": 75}",Developing,SYNTHETIC_PROTOTYPE
IND-OSS-1860,Survey Data Specialist,National Sample Survey Office (NSSO),1,68,61,42,56,78,80,65,52,0.0,2,60,7.0,Survey Data Specialist,"{""statistical_analysis_score"": 80, ""data_visualization_score"": 70, ""python_score"": 65, ""sql_score"": 75, ""data_collection_score"": 88, ""data_quality_score"": 88, ""statistical_methods_score"": 80, ""communication_score"": 75}",Developing,SYNTHETIC_PROTOTYPE
IND-OSS-1861,Assistant Director (Statistics),National Statistical Systems Training Academy (NSSTA),5,58,66,55,47,63,60,83,61,7.0,141,58,70.0,Junior Statistical Officer (JSO),"{""statistical_analysis_score"": 70, ""data_visualization_score"": 65, ""python_score"": 60, ""sql_score"": 65, ""data_collection_score"": 85, ""data_quality_score"": 80, ""statistical_methods_score"": 75, ""communication_score"": 70}",Developing,SYNTHETIC_PROTOTYPE
IND-OSS-1862,Statistical Analyst,State Directorate of Economics and Statistics (DES),4,69,60,75,81,44,73,62,55,5.0,305,54,72.0,Junior Statistical Officer (JSO),"{""statistical_analysis_score"": 70, ""data_visualization_score"": 65, ""python_score"": 60, ""sql_score"": 65, ""data_collection_score"": 85, ""data_quality_score"": 80, ""statistical_methods_score"": 75, ""communication_score"": 70}",Developing,SYNTHETIC_PROTOTYPE
IND-OSS-1863,Senior Statistical Officer (SSO),Economic Statistics Division (ESD),3,82,76,80,67,83,90,78,84,4.0,193,64,56.0,Assistant Director (Statistics),"{""statistical_analysis_score"": 90, ""data_visualization_score"": 80, ""python_score"": 70, ""sql_score"": 75, ""data_collection_score"": 75, ""data_quality_score"": 85, ""statistical_methods_score"": 90, ""communication_score"": 85}",Developing,SYNTHETIC_PROTOTYPE
IND-OSS-1864,Senior Statistical Officer (SSO),Economic Statistics Division (ESD),6,53,41,33,15,54,43,41,39,11.0,674,41,57.0,Junior Statistical Officer (JSO),"{""statistical_analysis_score"": 70, ""data_visualization_score"": 65, ""python_score"": 60, ""sql_score"": 65, ""data_collection_score"": 85, ""data_quality_score"": 80, ""statistical_methods_score"": 75, ""communication_score"": 70}",Beginner,SYNTHETIC_PROTOTYPE
IND-OSS-1865,Data Analyst,Economic Statistics Division (ESD),1,58,65,75,65,38,75,35,53,0.0,7,42,60.0,Assistant Director (Statistics),"{""statistical_analysis_score"": 90, ""data_visualization_score"": 80, ""python_score"": 70, ""sql_score"": 75, ""data_collection_score"": 75, ""data_quality_score"": 85, ""statistical_methods_score"": 90, ""communication_score"": 85}",Beginner,SYNTHETIC_PROTOTYPE
IND-OSS-1866,Senior Statistical Officer (SSO),National Statistical Systems Training Academy (NSSTA),3,67,62,64,67,73,78,72,68,4.0,198,61,81.0,Survey Data Specialist,"{""statistical_analysis_score"": 80, ""data_visualization_score"": 70, ""python_score"": 65, ""sql_score"": 75, ""data_collection_score"": 88, ""data_quality_score"": 88, ""statistical_methods_score"": 80, ""communication_score"": 75}",Developing,SYNTHETIC_PROTOTYPE
IND-OSS-1867,Field Operations Officer (NSSO),National Statistical Systems Training Academy (NSSTA),15,63,58,30,48,84,83,56,75,18.0,544,61,15.0,Survey Data Specialist,"{""statistical_analysis_score"": 80, ""data_visualization_score"": 70, ""python_score"": 65, ""sql_score"": 75, ""data_collection_score"": 88, ""data_quality_score"": 88, ""statistical_methods_score"": 80, ""communication_score"": 75}",Developing,SYNTHETIC_PROTOTYPE
IND-OSS-1868,Statistical Analyst,Data Quality Assurance Division (DQAD),4,70,53,61,48,34,64,71,67,8.0,129,57,14.0,Senior Statistical Officer (SSO),"{""statistical_analysis_score"": 85, ""data_visualization_score"": 75, ""python_score"": 70, ""sql_score"": 75, ""data_collection_score"": 85, ""data_quality_score"": 90, ""statistical_methods_score"": 85, ""communication_score"": 80}",Developing,SYNTHETIC_PROTOTYPE
IND-OSS-1869,Statistical Analyst,Economic Statistics Division (ESD),6,71,55,61,71,44,71,75,59,3.0,73,51,64.0,Field Operations Officer (NSSO),"{""statistical_analysis_score"": 65, ""data_visualization_score"": 55, ""python_score"": 45, ""sql_score"": 50, ""data_collection_score"": 92, ""data_quality_score"": 85, ""statistical_methods_score"": 70, ""communication_score"": 85}",Developing,SYNTHETIC_PROTOTYPE
IND-OSS-1870,Survey Data Specialist,Central Statistics Office (CSO),12,84,67,50,67,92,89,90,75,4.0,63,65,91.0,Field Operations Officer (NSSO),"{""statistical_analysis_score"": 65, ""data_visualization_score"": 55, ""python_score"": 45, ""sql_score"": 50, ""data_collection_score"": 92, ""data_quality_score"": 85, ""statistical_methods_score"": 70, ""communication_score"": 85}",Proficient,SYNTHETIC_PROTOTYPE
IND-OSS-1871,Junior Statistical Officer (JSO),National Statistical Systems Training Academy (NSSTA),7,62,49,46,51,60,61,40,55,8.0,365,44,94.0,Statistical Analyst,"{""statistical_analysis_score"": 85, ""data_visualization_score"": 75, ""python_score"": 75, ""sql_score"": 80, ""data_collection_score"": 60, ""data_quality_score"": 80, ""statistical_methods_score"": 80, ""communication_score"": 70}",Developing,SYNTHETIC_PROTOTYPE
IND-OSS-1872,Statistical Analyst,National Statistical Systems Training Academy (NSSTA),4,96,69,75,79,65,71,70,61,2.0,60,54,66.0,Assistant Director (Statistics),"{""statistical_analysis_score"": 90, ""data_visualization_score"": 80, ""python_score"": 70, ""sql_score"": 75, ""data_collection_score"": 75, ""data_quality_score"": 85, ""statistical_methods_score"": 90, ""communication_score"": 85}",Developing,SYNTHETIC_PROTOTYPE
IND-OSS-1873,Junior Statistical Officer (JSO),National Statistical Systems Training Academy (NSSTA),11,53,56,45,66,73,74,68,67,9.0,423,55,74.0,Senior Statistical Officer (SSO),"{""statistical_analysis_score"": 85, ""data_visualization_score"": 75, ""python_score"": 70, ""sql_score"": 75, ""data_collection_score"": 85, ""data_quality_score"": 90, ""statistical_methods_score"": 85, ""communication_score"": 80}",Developing,SYNTHETIC_PROTOTYPE
IND-OSS-1874,Field Operations Officer (NSSO),Data Quality Assurance Division (DQAD),2,77,82,49,52,98,99,75,93,0.0,4,72,52.0,Senior Statistical Officer (SSO),"{""statistical_analysis_score"": 85, ""data_visualization_score"": 75, ""python_score"": 70, ""sql_score"": 75, ""data_collection_score"": 85, ""data_quality_score"": 90, ""statistical_methods_score"": 85, ""communication_score"": 80}",Developing,SYNTHETIC_PROTOTYPE
IND-OSS-1875,Data Analyst,Data Quality Assurance Division (DQAD),4,84,88,98,84,57,90,65,74,4.0,67,70,7.0,Senior Statistical Officer (SSO),"{""statistical_analysis_score"": 85, ""data_visualization_score"": 75, ""python_score"": 70, ""sql_score"": 75, ""data_collection_score"": 85, ""data_quality_score"": 90, ""statistical_methods_score"": 85, ""communication_score"": 80}",Proficient,SYNTHETIC_PROTOTYPE
IND-OSS-1876,Junior Statistical Officer (JSO),Economic Statistics Division (ESD),1,49,47,37,42,54,54,53,33,4.0,71,31,66.0,Statistical Analyst,"{""statistical_analysis_score"": 85, ""data_visualization_score"": 75, ""python_score"": 75, ""sql_score"": 80, ""data_collection_score"": 60, ""data_quality_score"": 80, ""statistical_methods_score"": 80, ""communication_score"": 70}",Beginner,SYNTHETIC_PROTOTYPE
IND-OSS-1877,Assistant Director (Statistics),State Directorate of Economics and Statistics (DES),6,90,70,63,83,72,76,85,77,5.0,232,77,66.0,Junior Statistical Officer (JSO),"{""statistical_analysis_score"": 70, ""data_visualization_score"": 65, ""python_score"": 60, ""sql_score"": 65, ""data_collection_score"": 85, ""data_quality_score"": 80, ""statistical_methods_score"": 75, ""communication_score"": 70}",Proficient,SYNTHETIC_PROTOTYPE
IND-OSS-1878,Field Operations Officer (NSSO),Economic Statistics Division (ESD),13,62,48,38,30,77,87,52,83,13.0,268,71,54.0,Junior Statistical Officer (JSO),"{""statistical_analysis_score"": 70, ""data_visualization_score"": 65, ""python_score"": 60, ""sql_score"": 65, ""data_collection_score"": 85, ""data_quality_score"": 80, ""statistical_methods_score"": 75, ""communication_score"": 70}",Developing,SYNTHETIC_PROTOTYPE
IND-OSS-1879,Assistant Director (Statistics),State Directorate of Economics and Statistics (DES),10,76,58,51,51,61,50,80,57,6.0,285,52,44.0,Statistical Analyst,"{""statistical_analysis_score"": 85, ""data_visualization_score"": 75, ""python_score"": 75, ""sql_score"": 80, ""data_collection_score"": 60, ""data_quality_score"": 80, ""statistical_methods_score"": 80, ""communication_score"": 70}",Developing,SYNTHETIC_PROTOTYPE
IND-OSS-1880,Statistical Analyst,Data Quality Assurance Division (DQAD),4,84,72,79,69,43,80,62,64,6.0,132,65,21.0,Assistant Director (Statistics),"{""statistical_analysis_score"": 90, ""data_visualization_score"": 80, ""python_score"": 70, ""sql_score"": 75, ""data_collection_score"": 75, ""data_quality_score"": 85, ""statistical_methods_score"": 90, ""communication_score"": 85}",Developing,SYNTHETIC_PROTOTYPE
IND-OSS-1881,Senior Statistical Officer (SSO),National Statistical Systems Training Academy (NSSTA),8,79,52,54,75,76,76,76,71,8.0,498,64,67.0,Field Operations Officer (NSSO),"{""statistical_analysis_score"": 65, ""data_visualization_score"": 55, ""python_score"": 45, ""sql_score"": 50, ""data_collection_score"": 92, ""data_quality_score"": 85, ""statistical_methods_score"": 70, ""communication_score"": 85}",Developing,SYNTHETIC_PROTOTYPE
IND-OSS-1882,Survey Data Specialist,Data Quality Assurance Division (DQAD),10,73,60,63,65,84,80,62,78,7.0,319,72,47.0,Assistant Director (Statistics),"{""statistical_analysis_score"": 90, ""data_visualization_score"": 80, ""python_score"": 70, ""sql_score"": 75, ""data_collection_score"": 75, ""data_quality_score"": 85, ""statistical_methods_score"": 90, ""communication_score"": 85}",Proficient,SYNTHETIC_PROTOTYPE
IND-OSS-1883,Data Analyst,National Sample Survey Office (NSSO),5,67,75,69,62,48,62,53,50,7.0,224,63,58.0,Data Analyst,"{""statistical_analysis_score"": 75, ""data_visualization_score"": 85, ""python_score"": 85, ""sql_score"": 85, ""data_collection_score"": 60, ""data_quality_score"": 80, ""statistical_methods_score"": 70, ""communication_score"": 75}",Developing,SYNTHETIC_PROTOTYPE
IND-OSS-1884,Survey Data Specialist,Social Statistics Division (SSD),17,81,57,60,81,86,79,74,69,17.0,768,67,57.0,Assistant Director (Statistics),"{""statistical_analysis_score"": 90, ""data_visualization_score"": 80, ""python_score"": 70, ""sql_score"": 75, ""data_collection_score"": 75, ""data_quality_score"": 85, ""statistical_methods_score"": 90, ""communication_score"": 85}",Proficient,SYNTHETIC_PROTOTYPE
IND-OSS-1885,Survey Data Specialist,Economic Statistics Division (ESD),8,85,69,69,76,92,88,80,66,9.0,423,74,87.0,Statistical Analyst,"{""statistical_analysis_score"": 85, ""data_visualization_score"": 75, ""python_score"": 75, ""sql_score"": 80, ""data_collection_score"": 60, ""data_quality_score"": 80, ""statistical_methods_score"": 80, ""communication_score"": 70}",Proficient,SYNTHETIC_PROTOTYPE
IND-OSS-1886,Data Analyst,National Sample Survey Office (NSSO),11,78,82,79,94,70,82,84,80,5.0,316,82,64.0,Data Analyst,"{""statistical_analysis_score"": 75, ""data_visualization_score"": 85, ""python_score"": 85, ""sql_score"": 85, ""data_collection_score"": 60, ""data_quality_score"": 80, ""statistical_methods_score"": 70, ""communication_score"": 75}",Proficient,SYNTHETIC_PROTOTYPE
IND-OSS-1887,Survey Data Specialist,Data Quality Assurance Division (DQAD),3,66,57,50,61,70,69,73,55,4.0,247,67,,Junior Statistical Officer (JSO),"{""statistical_analysis_score"": 70, ""data_visualization_score"": 65, ""python_score"": 60, ""sql_score"": 65, ""data_collection_score"": 85, ""data_quality_score"": 80, ""statistical_methods_score"": 75, ""communication_score"": 70}",Developing,SYNTHETIC_PROTOTYPE
IND-OSS-1888,Junior Statistical Officer (JSO),Economic Statistics Division (ESD),11,56,49,46,42,80,62,47,49,12.0,188,44,66.0,Field Operations Officer (NSSO),"{""statistical_analysis_score"": 65, ""data_visualization_score"": 55, ""python_score"": 45, ""sql_score"": 50, ""data_collection_score"": 92, ""data_quality_score"": 85, ""statistical_methods_score"": 70, ""communication_score"": 85}",Developing,SYNTHETIC_PROTOTYPE
IND-OSS-1889,Statistical Analyst,Social Statistics Division (SSD),13,99,82,72,90,59,92,81,71,14.0,290,81,76.0,Data Analyst,"{""statistical_analysis_score"": 75, ""data_visualization_score"": 85, ""python_score"": 85, ""sql_score"": 85, ""data_collection_score"": 60, ""data_quality_score"": 80, ""statistical_methods_score"": 70, ""communication_score"": 75}",Proficient,SYNTHETIC_PROTOTYPE
IND-OSS-1890,Assistant Director (Statistics),Economic Statistics Division (ESD),5,76,85,59,70,81,85,90,74,5.0,116,65,51.0,Junior Statistical Officer (JSO),"{""statistical_analysis_score"": 70, ""data_visualization_score"": 65, ""python_score"": 60, ""sql_score"": 65, ""data_collection_score"": 85, ""data_quality_score"": 80, ""statistical_methods_score"": 75, ""communication_score"": 70}",Developing,SYNTHETIC_PROTOTYPE
IND-OSS-1891,Junior Statistical Officer (JSO),Economic Statistics Division (ESD),2,57,55,47,56,72,63,70,66,3.0,60,66,72.0,Survey Data Specialist,"{""statistical_analysis_score"": 80, ""data_visualization_score"": 70, ""python_score"": 65, ""sql_score"": 75, ""data_collection_score"": 88, ""data_quality_score"": 88, ""statistical_methods_score"": 80, ""communication_score"": 75}",Developing,SYNTHETIC_PROTOTYPE
IND-OSS-1892,Statistical Analyst,Social Statistics Division (SSD),8,87,93,75,78,61,96,74,82,6.0,196,85,39.0,Data Analyst,"{""statistical_analysis_score"": 75, ""data_visualization_score"": 85, ""python_score"": 85, ""sql_score"": 85, ""data_collection_score"": 60, ""data_quality_score"": 80, ""statistical_methods_score"": 70, ""communication_score"": 75}",Proficient,SYNTHETIC_PROTOTYPE
IND-OSS-1893,Field Operations Officer (NSSO),National Statistical Systems Training Academy (NSSTA),1,61,43,19,41,75,69,58,71,0.0,4,50,84.0,Senior Statistical Officer (SSO),"{""statistical_analysis_score"": 85, ""data_visualization_score"": 75, ""python_score"": 70, ""sql_score"": 75, ""data_collection_score"": 85, ""data_quality_score"": 90, ""statistical_methods_score"": 85, ""communication_score"": 80}",Beginner,SYNTHETIC_PROTOTYPE
IND-OSS-1894,Junior Statistical Officer (JSO),Data Quality Assurance Division (DQAD),4,66,69,63,51,79,61,62,50,8.0,483,49,57.0,Junior Statistical Officer (JSO),"{""statistical_analysis_score"": 70, ""data_visualization_score"": 65, ""python_score"": 60, ""sql_score"": 65, ""data_collection_score"": 85, ""data_quality_score"": 80, ""statistical_methods_score"": 75, ""communication_score"": 70}",Developing,SYNTHETIC_PROTOTYPE
IND-OSS-1895,Data Analyst,National Sample Survey Office (NSSO),1,70,70,82,77,48,65,65,73,1.0,64,54,75.0,Statistical Analyst,"{""statistical_analysis_score"": 85, ""data_visualization_score"": 75, ""python_score"": 75, ""sql_score"": 80, ""data_collection_score"": 60, ""data_quality_score"": 80, ""statistical_methods_score"": 80, ""communication_score"": 70}",Developing,SYNTHETIC_PROTOTYPE
IND-OSS-1896,Assistant Director (Statistics),Central Statistics Office (CSO),1,45,47,24,35,51,47,55,41,1.0,45,55,63.0,Senior Statistical Officer (SSO),"{""statistical_analysis_score"": 85, ""data_visualization_score"": 75, ""python_score"": 70, ""sql_score"": 75, ""data_collection_score"": 85, ""data_quality_score"": 90, ""statistical_methods_score"": 85, ""communication_score"": 80}",Beginner,SYNTHETIC_PROTOTYPE
IND-OSS-1897,Field Operations Officer (NSSO),Economic Statistics Division (ESD),3,53,41,44,54,95,66,66,75,1.0,28,57,57.0,Field Operations Officer (NSSO),"{""statistical_analysis_score"": 65, ""data_visualization_score"": 55, ""python_score"": 45, ""sql_score"": 50, ""data_collection_score"": 92, ""data_quality_score"": 85, ""statistical_methods_score"": 70, ""communication_score"": 85}",Developing,SYNTHETIC_PROTOTYPE
IND-OSS-1898,Statistical Analyst,National Statistical Systems Training Academy (NSSTA),1,33,46,37,44,28,34,48,42,0.0,7,43,72.0,Survey Data Specialist,"{""statistical_analysis_score"": 80, ""data_visualization_score"": 70, ""python_score"": 65, ""sql_score"": 75, ""data_collection_score"": 88, ""data_quality_score"": 88, ""statistical_methods_score"": 80, ""communication_score"": 75}",Beginner,SYNTHETIC_PROTOTYPE
IND-OSS-1899,Junior Statistical Officer (JSO),Data Quality Assurance Division (DQAD),6,64,64,55,60,74,77,66,71,3.0,57,56,63.0,Senior Statistical Officer (SSO),"{""statistical_analysis_score"": 85, ""data_visualization_score"": 75, ""python_score"": 70, ""sql_score"": 75, ""data_collection_score"": 85, ""data_quality_score"": 90, ""statistical_methods_score"": 85, ""communication_score"": 80}",Developing,SYNTHETIC_PROTOTYPE
IND-OSS-1900,Data Analyst,Social Statistics Division (SSD),4,57,54,57,68,30,53,46,37,3.0,65,43,35.0,Junior Statistical Officer (JSO),"{""statistical_analysis_score"": 70, ""data_visualization_score"": 65, ""python_score"": 60, ""sql_score"": 65, ""data_collection_score"": 85, ""data_quality_score"": 80, ""statistical_methods_score"": 75, ""communication_score"": 70}",Beginner,SYNTHETIC_PROTOTYPE
IND-OSS-1901,Assistant Director (Statistics),Economic Statistics Division (ESD),4,61,62,46,61,50,64,78,50,3.0,69,55,88.0,Data Analyst,"{""statistical_analysis_score"": 75, ""data_visualization_score"": 85, ""python_score"": 85, ""sql_score"": 85, ""data_collection_score"": 60, ""data_quality_score"": 80, ""statistical_methods_score"": 70, ""communication_score"": 75}",Developing,SYNTHETIC_PROTOTYPE
IND-OSS-1902,Statistical Analyst,Central Statistics Office (CSO),3,84,65,63,76,59,71,81,65,2.0,57,62,78.0,Survey Data Specialist,"{""statistical_analysis_score"": 80, ""data_visualization_score"": 70, ""python_score"": 65, ""sql_score"": 75, ""data_collection_score"": 88, ""data_quality_score"": 88, ""statistical_methods_score"": 80, ""communication_score"": 75}",Developing,SYNTHETIC_PROTOTYPE
IND-OSS-1903,Statistical Analyst,Economic Statistics Division (ESD),8,77,72,62,81,51,67,68,62,7.0,213,60,41.0,Data Analyst,"{""statistical_analysis_score"": 75, ""data_visualization_score"": 85, ""python_score"": 85, ""sql_score"": 85, ""data_collection_score"": 60, ""data_quality_score"": 80, ""statistical_methods_score"": 70, ""communication_score"": 75}",Developing,SYNTHETIC_PROTOTYPE
IND-OSS-1904,Assistant Director (Statistics),Economic Statistics Division (ESD),2,88,59,50,60,58,82,69,72,1.0,39,57,35.0,Statistical Analyst,"{""statistical_analysis_score"": 85, ""data_visualization_score"": 75, ""python_score"": 75, ""sql_score"": 80, ""data_collection_score"": 60, ""data_quality_score"": 80, ""statistical_methods_score"": 80, ""communication_score"": 70}",Developing,SYNTHETIC_PROTOTYPE
IND-OSS-1905,Survey Data Specialist,Data Quality Assurance Division (DQAD),11,74,62,65,70,73,72,79,59,12.0,551,62,19.0,Survey Data Specialist,"{""statistical_analysis_score"": 80, ""data_visualization_score"": 70, ""python_score"": 65, ""sql_score"": 75, ""data_collection_score"": 88, ""data_quality_score"": 88, ""statistical_methods_score"": 80, ""communication_score"": 75}",Developing,SYNTHETIC_PROTOTYPE
IND-OSS-1906,Junior Statistical Officer (JSO),Data Quality Assurance Division (DQAD),5,67,67,50,61,66,79,83,55,6.0,139,54,54.0,Junior Statistical Officer (JSO),"{""statistical_analysis_score"": 70, ""data_visualization_score"": 65, ""python_score"": 60, ""sql_score"": 65, ""data_collection_score"": 85, ""data_quality_score"": 80, ""statistical_methods_score"": 75, ""communication_score"": 70}",Developing,SYNTHETIC_PROTOTYPE
IND-OSS-1907,Assistant Director (Statistics),National Sample Survey Office (NSSO),13,77,81,68,62,58,61,72,59,10.0,217,67,20.0,Field Operations Officer (NSSO),"{""statistical_analysis_score"": 65, ""data_visualization_score"": 55, ""python_score"": 45, ""sql_score"": 50, ""data_collection_score"": 92, ""data_quality_score"": 85, ""statistical_methods_score"": 70, ""communication_score"": 85}",Proficient,SYNTHETIC_PROTOTYPE
IND-OSS-1908,Field Operations Officer (NSSO),National Statistical Systems Training Academy (NSSTA),2,90,76,64,69,99,99,99,99,3.0,79,83,18.0,Junior Statistical Officer (JSO),"{""statistical_analysis_score"": 70, ""data_visualization_score"": 65, ""python_score"": 60, ""sql_score"": 65, ""data_collection_score"": 85, ""data_quality_score"": 80, ""statistical_methods_score"": 75, ""communication_score"": 70}",Proficient,SYNTHETIC_PROTOTYPE
IND-OSS-1909,Survey Data Specialist,Central Statistics Office (CSO),6,67,70,66,76,86,92,85,62,6.0,92,77,51.0,Assistant Director (Statistics),"{""statistical_analysis_score"": 90, ""data_visualization_score"": 80, ""python_score"": 70, ""sql_score"": 75, ""data_collection_score"": 75, ""data_quality_score"": 85, ""statistical_methods_score"": 90, ""communication_score"": 85}",Proficient,SYNTHETIC_PROTOTYPE
IND-OSS-1910,Assistant Director (Statistics),Data Quality Assurance Division (DQAD),8,90,76,62,70,67,91,87,88,10.0,158,75,36.0,Assistant Director (Statistics),"{""statistical_analysis_score"": 90, ""data_visualization_score"": 80, ""python_score"": 70, ""sql_score"": 75, ""data_collection_score"": 75, ""data_quality_score"": 85, ""statistical_methods_score"": 90, ""communication_score"": 85}",Proficient,SYNTHETIC_PROTOTYPE
IND-OSS-1911,Data Analyst,State Directorate of Economics and Statistics (DES),11,54,65,64,69,44,60,53,61,15.0,242,50,22.0,Junior Statistical Officer (JSO),"{""statistical_analysis_score"": 70, ""data_visualization_score"": 65, ""python_score"": 60, ""sql_score"": 65, ""data_collection_score"": 85, ""data_quality_score"": 80, ""statistical_methods_score"": 75, ""communication_score"": 70}",Developing,SYNTHETIC_PROTOTYPE
IND-OSS-1912,Field Operations Officer (NSSO),Central Statistics Office (CSO),5,39,23,15,25,56,55,42,57,3.0,62,35,49.0,Statistical Analyst,"{""statistical_analysis_score"": 85, ""data_visualization_score"": 75, ""python_score"": 75, ""sql_score"": 80, ""data_collection_score"": 60, ""data_quality_score"": 80, ""statistical_methods_score"": 80, ""communication_score"": 70}",Beginner,SYNTHETIC_PROTOTYPE
IND-OSS-1913,Data Analyst,State Directorate of Economics and Statistics (DES),1,82,75,94,69,64,85,82,77,4.0,249,68,29.0,Data Analyst,"{""statistical_analysis_score"": 75, ""data_visualization_score"": 85, ""python_score"": 85, ""sql_score"": 85, ""data_collection_score"": 60, ""data_quality_score"": 80, ""statistical_methods_score"": 70, ""communication_score"": 75}",Developing,SYNTHETIC_PROTOTYPE
IND-OSS-1914,Data Analyst,State Directorate of Economics and Statistics (DES),6,81,85,84,87,61,70,69,68,5.0,110,71,88.0,Senior Statistical Officer (SSO),"{""statistical_analysis_score"": 85, ""data_visualization_score"": 75, ""python_score"": 70, ""sql_score"": 75, ""data_collection_score"": 85, ""data_quality_score"": 90, ""statistical_methods_score"": 85, ""communication_score"": 80}",Proficient,SYNTHETIC_PROTOTYPE
IND-OSS-1915,Statistical Analyst,National Statistical Systems Training Academy (NSSTA),10,66,75,63,65,57,72,76,61,7.0,428,69,68.0,Field Operations Officer (NSSO),"{""statistical_analysis_score"": 65, ""data_visualization_score"": 55, ""python_score"": 45, ""sql_score"": 50, ""data_collection_score"": 92, ""data_quality_score"": 85, ""statistical_methods_score"": 70, ""communication_score"": 85}",Developing,SYNTHETIC_PROTOTYPE
IND-OSS-1916,Field Operations Officer (NSSO),National Statistical Systems Training Academy (NSSTA),14,54,48,29,21,85,67,72,65,17.0,344,42,15.0,Senior Statistical Officer (SSO),"{""statistical_analysis_score"": 85, ""data_visualization_score"": 75, ""python_score"": 70, ""sql_score"": 75, ""data_collection_score"": 85, ""data_quality_score"": 90, ""statistical_methods_score"": 85, ""communication_score"": 80}",Developing,SYNTHETIC_PROTOTYPE
IND-OSS-1917,Survey Data Specialist,Social Statistics Division (SSD),3,83,68,68,66,74,81,70,66,3.0,97,53,23.0,Data Analyst,"{""statistical_analysis_score"": 75, ""data_visualization_score"": 85, ""python_score"": 85, ""sql_score"": 85, ""data_collection_score"": 60, ""data_quality_score"": 80, ""statistical_methods_score"": 70, ""communication_score"": 75}",Developing,SYNTHETIC_PROTOTYPE
IND-OSS-1918,Field Operations Officer (NSSO),National Sample Survey Office (NSSO),2,45,32,18,34,79,66,53,66,2.0,77,42,18.0,Statistical Analyst,"{""statistical_analysis_score"": 85, ""data_visualization_score"": 75, ""python_score"": 75, ""sql_score"": 80, ""data_collection_score"": 60, ""data_quality_score"": 80, ""statistical_methods_score"": 80, ""communication_score"": 70}",Beginner,SYNTHETIC_PROTOTYPE
IND-OSS-1919,Junior Statistical Officer (JSO),Economic Statistics Division (ESD),10,58,57,52,56,82,71,64,53,9.0,280,57,59.0,Assistant Director (Statistics),"{""statistical_analysis_score"": 90, ""data_visualization_score"": 80, ""python_score"": 70, ""sql_score"": 75, ""data_collection_score"": 75, ""data_quality_score"": 85, ""statistical_methods_score"": 90, ""communication_score"": 85}",Developing,SYNTHETIC_PROTOTYPE
IND-OSS-1920,Assistant Director (Statistics),Economic Statistics Division (ESD),8,76,69,67,59,55,73,67,70,,213,53,54.0,Field Operations Officer (NSSO),"{""statistical_analysis_score"": 65, ""data_visualization_score"": 55, ""python_score"": 45, ""sql_score"": 50, ""data_collection_score"": 92, ""data_quality_score"": 85, ""statistical_methods_score"": 70, ""communication_score"": 85}",Developing,SYNTHETIC_PROTOTYPE
IND-OSS-1921,Senior Statistical Officer (SSO),State Directorate of Economics and Statistics (DES),5,78,95,86,88,95,91,99,97,12.0,195,84,47.0,Senior Statistical Officer (SSO),"{""statistical_analysis_score"": 85, ""data_visualization_score"": 75, ""python_score"": 70, ""sql_score"": 75, ""data_collection_score"": 85, ""data_quality_score"": 90, ""statistical_methods_score"": 85, ""communication_score"": 80}",Proficient,SYNTHETIC_PROTOTYPE
IND-OSS-1922,Survey Data Specialist,Social Statistics Division (SSD),4,67,45,58,62,77,75,69,54,2.0,47,59,28.0,Statistical Analyst,"{""statistical_analysis_score"": 85, ""data_visualization_score"": 75, ""python_score"": 75, ""sql_score"": 80, ""data_collection_score"": 60, ""data_quality_score"": 80, ""statistical_methods_score"": 80, ""communication_score"": 70}",Developing,SYNTHETIC_PROTOTYPE
IND-OSS-1923,Data Analyst,National Statistical Systems Training Academy (NSSTA),6,65,85,90,81,55,62,69,61,,120,63,63.0,Assistant Director (Statistics),"{""statistical_analysis_score"": 90, ""data_visualization_score"": 80, ""python_score"": 70, ""sql_score"": 75, ""data_collection_score"": 75, ""data_quality_score"": 85, ""statistical_methods_score"": 90, ""communication_score"": 85}",Developing,SYNTHETIC_PROTOTYPE
IND-OSS-1924,Statistical Analyst,Economic Statistics Division (ESD),8,74,81,71,74,64,83,90,63,9.0,415,64,15.0,Senior Statistical Officer (SSO),"{""statistical_analysis_score"": 85, ""data_visualization_score"": 75, ""python_score"": 70, ""sql_score"": 75, ""data_collection_score"": 85, ""data_quality_score"": 90, ""statistical_methods_score"": 85, ""communication_score"": 80}",Proficient,SYNTHETIC_PROTOTYPE
IND-OSS-1925,Assistant Director (Statistics),Social Statistics Division (SSD),4,86,70,69,58,54,61,87,80,5.0,81,63,9.0,Junior Statistical Officer (JSO),"{""statistical_analysis_score"": 70, ""data_visualization_score"": 65, ""python_score"": 60, ""sql_score"": 65, ""data_collection_score"": 85, ""data_quality_score"": 80, ""statistical_methods_score"": 75, ""communication_score"": 70}",Developing,SYNTHETIC_PROTOTYPE
IND-OSS-1926,Data Analyst,State Directorate of Economics and Statistics (DES),3,58,71,79,72,51,73,59,55,4.0,79,66,13.0,Survey Data Specialist,"{""statistical_analysis_score"": 80, ""data_visualization_score"": 70, ""python_score"": 65, ""sql_score"": 75, ""data_collection_score"": 88, ""data_quality_score"": 88, ""statistical_methods_score"": 80, ""communication_score"": 75}",Developing,SYNTHETIC_PROTOTYPE
IND-OSS-1927,Field Operations Officer (NSSO),Data Quality Assurance Division (DQAD),9,83,75,58,80,99,99,83,99,6.0,182,77,17.0,Field Operations Officer (NSSO),"{""statistical_analysis_score"": 65, ""data_visualization_score"": 55, ""python_score"": 45, ""sql_score"": 50, ""data_collection_score"": 92, ""data_quality_score"": 85, ""statistical_methods_score"": 70, ""communication_score"": 85}",Proficient,SYNTHETIC_PROTOTYPE
IND-OSS-1928,Data Analyst,State Directorate of Economics and Statistics (DES),2,61,63,81,60,43,57,48,55,3.0,54,60,75.0,Data Analyst,"{""statistical_analysis_score"": 75, ""data_visualization_score"": 85, ""python_score"": 85, ""sql_score"": 85, ""data_collection_score"": 60, ""data_quality_score"": 80, ""statistical_methods_score"": 70, ""communication_score"": 75}",Developing,SYNTHETIC_PROTOTYPE
IND-OSS-1929,Senior Statistical Officer (SSO),Social Statistics Division (SSD),1,91,79,65,73,78,88,87,70,3.0,150,71,59.0,Survey Data Specialist,"{""statistical_analysis_score"": 80, ""data_visualization_score"": 70, ""python_score"": 65, ""sql_score"": 75, ""data_collection_score"": 88, ""data_quality_score"": 88, ""statistical_methods_score"": 80, ""communication_score"": 75}",Developing,SYNTHETIC_PROTOTYPE
IND-OSS-1930,Statistical Analyst,State Directorate of Economics and Statistics (DES),1,69,71,55,65,54,76,69,61,0.0,3,61,19.0,Statistical Analyst,"{""statistical_analysis_score"": 85, ""data_visualization_score"": 75, ""python_score"": 75, ""sql_score"": 80, ""data_collection_score"": 60, ""data_quality_score"": 80, ""statistical_methods_score"": 80, ""communication_score"": 70}",Developing,SYNTHETIC_PROTOTYPE
IND-OSS-1931,Field Operations Officer (NSSO),Central Statistics Office (CSO),4,39,19,24,41,78,67,45,73,4.0,88,45,67.0,Junior Statistical Officer (JSO),"{""statistical_analysis_score"": 70, ""data_visualization_score"": 65, ""python_score"": 60, ""sql_score"": 65, ""data_collection_score"": 85, ""data_quality_score"": 80, ""statistical_methods_score"": 75, ""communication_score"": 70}",Beginner,SYNTHETIC_PROTOTYPE
IND-OSS-1932,Data Analyst,Central Statistics Office (CSO),1,53,78,82,83,60,71,63,74,2.0,94,57,42.0,Junior Statistical Officer (JSO),"{""statistical_analysis_score"": 70, ""data_visualization_score"": 65, ""python_score"": 60, ""sql_score"": 65, ""data_collection_score"": 85, ""data_quality_score"": 80, ""statistical_methods_score"": 75, ""communication_score"": 70}",Developing,SYNTHETIC_PROTOTYPE
IND-OSS-1933,Assistant Director (Statistics),Central Statistics Office (CSO),5,69,42,44,41,39,60,50,45,6.0,180,47,76.0,Junior Statistical Officer (JSO),"{""statistical_analysis_score"": 70, ""data_visualization_score"": 65, ""python_score"": 60, ""sql_score"": 65, ""data_collection_score"": 85, ""data_quality_score"": 80, ""statistical_methods_score"": 75, ""communication_score"": 70}",Beginner,SYNTHETIC_PROTOTYPE
IND-OSS-1934,Field Operations Officer (NSSO),National Statistical Systems Training Academy (NSSTA),4,53,47,17,34,87,63,56,83,1.0,60,45,40.0,Survey Data Specialist,"{""statistical_analysis_score"": 80, ""data_visualization_score"": 70, ""python_score"": 65, ""sql_score"": 75, ""data_collection_score"": 88, ""data_quality_score"": 88, ""statistical_methods_score"": 80, ""communication_score"": 75}",Beginner,SYNTHETIC_PROTOTYPE
IND-OSS-1935,Statistical Analyst,National Statistical Systems Training Academy (NSSTA),3,73,45,69,75,46,74,63,53,1.0,27,59,73.0,Data Analyst,"{""statistical_analysis_score"": 75, ""data_visualization_score"": 85, ""python_score"": 85, ""sql_score"": 85, ""data_collection_score"": 60, ""data_quality_score"": 80, ""statistical_methods_score"": 70, ""communication_score"": 75}",Developing,SYNTHETIC_PROTOTYPE
IND-OSS-1936,Assistant Director (Statistics),Social Statistics Division (SSD),1,70,64,65,65,65,64,79,75,2.0,45,61,38.0,Junior Statistical Officer (JSO),"{""statistical_analysis_score"": 70, ""data_visualization_score"": 65, ""python_score"": 60, ""sql_score"": 65, ""data_collection_score"": 85, ""data_quality_score"": 80, ""statistical_methods_score"": 75, ""communication_score"": 70}",Developing,SYNTHETIC_PROTOTYPE
IND-OSS-1937,Data Analyst,Data Quality Assurance Division (DQAD),6,37,46,50,49,15,34,28,40,7.0,115,43,15.0,Junior Statistical Officer (JSO),"{""statistical_analysis_score"": 70, ""data_visualization_score"": 65, ""python_score"": 60, ""sql_score"": 65, ""data_collection_score"": 85, ""data_quality_score"": 80, ""statistical_methods_score"": 75, ""communication_score"": 70}",Beginner,SYNTHETIC_PROTOTYPE
IND-OSS-1938,Field Operations Officer (NSSO),Social Statistics Division (SSD),4,56,57,46,35,93,98,82,79,2.0,37,56,72.0,Statistical Analyst,"{""statistical_analysis_score"": 85, ""data_visualization_score"": 75, ""python_score"": 75, ""sql_score"": 80, ""data_collection_score"": 60, ""data_quality_score"": 80, ""statistical_methods_score"": 80, ""communication_score"": 70}",Developing,SYNTHETIC_PROTOTYPE
IND-OSS-1939,Field Operations Officer (NSSO),Data Quality Assurance Division (DQAD),4,71,52,47,45,87,79,61,90,7.0,121,59,72.0,Data Analyst,"{""statistical_analysis_score"": 75, ""data_visualization_score"": 85, ""python_score"": 85, ""sql_score"": 85, ""data_collection_score"": 60, ""data_quality_score"": 80, ""statistical_methods_score"": 70, ""communication_score"": 75}",Developing,SYNTHETIC_PROTOTYPE
IND-OSS-1940,Field Operations Officer (NSSO),Social Statistics Division (SSD),5,51,41,44,42,89,82,58,69,5.0,238,58,64.0,Data Analyst,"{""statistical_analysis_score"": 75, ""data_visualization_score"": 85, ""python_score"": 85, ""sql_score"": 85, ""data_collection_score"": 60, ""data_quality_score"": 80, ""statistical_methods_score"": 70, ""communication_score"": 75}",Developing,SYNTHETIC_PROTOTYPE
IND-OSS-1941,Data Analyst,Data Quality Assurance Division (DQAD),2,58,54,50,65,29,48,38,49,5.0,317,36,48.0,Field Operations Officer (NSSO),"{""statistical_analysis_score"": 65, ""data_visualization_score"": 55, ""python_score"": 45, ""sql_score"": 50, ""data_collection_score"": 92, ""data_quality_score"": 85, ""statistical_methods_score"": 70, ""communication_score"": 85}",Beginner,SYNTHETIC_PROTOTYPE
IND-OSS-1942,Assistant Director (Statistics),Social Statistics Division (SSD),9,74,76,61,70,54,71,72,63,5.0,300,64,56.0,Junior Statistical Officer (JSO),"{""statistical_analysis_score"": 70, ""data_visualization_score"": 65, ""python_score"": 60, ""sql_score"": 65, ""data_collection_score"": 85, ""data_quality_score"": 80, ""statistical_methods_score"": 75, ""communication_score"": 70}",Developing,SYNTHETIC_PROTOTYPE
IND-OSS-1943,Survey Data Specialist,Social Statistics Division (SSD),1,76,72,65,74,79,93,75,72,2.0,75,67,50.0,Statistical Analyst,"{""statistical_analysis_score"": 85, ""data_visualization_score"": 75, ""python_score"": 75, ""sql_score"": 80, ""data_collection_score"": 60, ""data_quality_score"": 80, ""statistical_methods_score"": 80, ""communication_score"": 70}",Developing,SYNTHETIC_PROTOTYPE
IND-OSS-1944,Survey Data Specialist,State Directorate of Economics and Statistics (DES),8,66,62,56,63,78,72,80,62,8.0,171,67,72.0,Statistical Analyst,"{""statistical_analysis_score"": 85, ""data_visualization_score"": 75, ""python_score"": 75, ""sql_score"": 80, ""data_collection_score"": 60, ""data_quality_score"": 80, ""statistical_methods_score"": 80, ""communication_score"": 70}",Developing,SYNTHETIC_PROTOTYPE
IND-OSS-1945,Statistical Analyst,National Sample Survey Office (NSSO),7,83,87,68,84,49,95,84,62,6.0,101,73,33.0,Assistant Director (Statistics),"{""statistical_analysis_score"": 90, ""data_visualization_score"": 80, ""python_score"": 70, ""sql_score"": 75, ""data_collection_score"": 75, ""data_quality_score"": 85, ""statistical_methods_score"": 90, ""communication_score"": 85}",Proficient,SYNTHETIC_PROTOTYPE
IND-OSS-1946,Survey Data Specialist,Social Statistics Division (SSD),2,51,59,48,59,73,57,60,61,3.0,63,56,62.0,Junior Statistical Officer (JSO),"{""statistical_analysis_score"": 70, ""data_visualization_score"": 65, ""python_score"": 60, ""sql_score"": 65, ""data_collection_score"": 85, ""data_quality_score"": 80, ""statistical_methods_score"": 75, ""communication_score"": 70}",Developing,SYNTHETIC_PROTOTYPE
IND-OSS-1947,Assistant Director (Statistics),Central Statistics Office (CSO),5,67,53,48,67,53,74,86,72,9.0,188,55,39.0,Survey Data Specialist,"{""statistical_analysis_score"": 80, ""data_visualization_score"": 70, ""python_score"": 65, ""sql_score"": 75, ""data_collection_score"": 88, ""data_quality_score"": 88, ""statistical_methods_score"": 80, ""communication_score"": 75}",Developing,SYNTHETIC_PROTOTYPE
IND-OSS-1948,Field Operations Officer (NSSO),Economic Statistics Division (ESD),4,44,23,17,33,61,69,56,71,6.0,94,49,62.0,Field Operations Officer (NSSO),"{""statistical_analysis_score"": 65, ""data_visualization_score"": 55, ""python_score"": 45, ""sql_score"": 50, ""data_collection_score"": 92, ""data_quality_score"": 85, ""statistical_methods_score"": 70, ""communication_score"": 85}",Beginner,SYNTHETIC_PROTOTYPE
IND-OSS-1949,Assistant Director (Statistics),National Sample Survey Office (NSSO),8,69,57,42,57,59,71,40,68,3.0,68,55,48.0,Senior Statistical Officer (SSO),"{""statistical_analysis_score"": 85, ""data_visualization_score"": 75, ""python_score"": 70, ""sql_score"": 75, ""data_collection_score"": 85, ""data_quality_score"": 90, ""statistical_methods_score"": 85, ""communication_score"": 80}",Developing,SYNTHETIC_PROTOTYPE
IND-OSS-1950,Assistant Director (Statistics),Social Statistics Division (SSD),13,81,64,65,70,66,67,77,81,11.0,184,63,68.0,Junior Statistical Officer (JSO),"{""statistical_analysis_score"": 70, ""data_visualization_score"": 65, ""python_score"": 60, ""sql_score"": 65, ""data_collection_score"": 85, ""data_quality_score"": 80, ""statistical_methods_score"": 75, ""communication_score"": 70}",Proficient,SYNTHETIC_PROTOTYPE
IND-OSS-1951,Assistant Director (Statistics),National Statistical Systems Training Academy (NSSTA),4,52,46,19,21,28,37,50,39,7.0,109,31,82.0,Senior Statistical Officer (SSO),"{""statistical_analysis_score"": 85, ""data_visualization_score"": 75, ""python_score"": 70, ""sql_score"": 75, ""data_collection_score"": 85, ""data_quality_score"": 90, ""statistical_methods_score"": 85, ""communication_score"": 80}",Beginner,SYNTHETIC_PROTOTYPE
IND-OSS-1952,Data Analyst,State Directorate of Economics and Statistics (DES),4,90,95,85,85,65,88,83,76,3.0,45,74,44.0,Survey Data Specialist,"{""statistical_analysis_score"": 80, ""data_visualization_score"": 70, ""python_score"": 65, ""sql_score"": 75, ""data_collection_score"": 88, ""data_quality_score"": 88, ""statistical_methods_score"": 80, ""communication_score"": 75}",Proficient,SYNTHETIC_PROTOTYPE
IND-OSS-1953,Assistant Director (Statistics),Economic Statistics Division (ESD),9,80,76,67,61,83,74,83,71,8.0,246,67,41.0,Junior Statistical Officer (JSO),"{""statistical_analysis_score"": 70, ""data_visualization_score"": 65, ""python_score"": 60, ""sql_score"": 65, ""data_collection_score"": 85, ""data_quality_score"": 80, ""statistical_methods_score"": 75, ""communication_score"": 70}",Proficient,SYNTHETIC_PROTOTYPE
IND-OSS-1954,Senior Statistical Officer (SSO),National Sample Survey Office (NSSO),6,72,77,47,71,60,88,74,77,2.0,75,63,26.0,Assistant Director (Statistics),"{""statistical_analysis_score"": 90, ""data_visualization_score"": 80, ""python_score"": 70, ""sql_score"": 75, ""data_collection_score"": 75, ""data_quality_score"": 85, ""statistical_methods_score"": 90, ""communication_score"": 85}",Developing,SYNTHETIC_PROTOTYPE
IND-OSS-1955,Statistical Analyst,Central Statistics Office (CSO),5,70,57,55,63,47,53,68,49,5.0,75,58,18.0,Senior Statistical Officer (SSO),"{""statistical_analysis_score"": 85, ""data_visualization_score"": 75, ""python_score"": 70, ""sql_score"": 75, ""data_collection_score"": 85, ""data_quality_score"": 90, ""statistical_methods_score"": 85, ""communication_score"": 80}",Developing,SYNTHETIC_PROTOTYPE
IND-OSS-1956,Senior Statistical Officer (SSO),Economic Statistics Division (ESD),6,59,61,59,48,78,76,61,64,2.0,139,58,71.0,Senior Statistical Officer (SSO),"{""statistical_analysis_score"": 85, ""data_visualization_score"": 75, ""python_score"": 70, ""sql_score"": 75, ""data_collection_score"": 85, ""data_quality_score"": 90, ""statistical_methods_score"": 85, ""communication_score"": 80}",Developing,SYNTHETIC_PROTOTYPE
IND-OSS-1957,Data Analyst,National Statistical Systems Training Academy (NSSTA),5,53,60,57,57,42,40,35,75,4.0,184,46,28.0,Field Operations Officer (NSSO),"{""statistical_analysis_score"": 65, ""data_visualization_score"": 55, ""python_score"": 45, ""sql_score"": 50, ""data_collection_score"": 92, ""data_quality_score"": 85, ""statistical_methods_score"": 70, ""communication_score"": 85}",Beginner,SYNTHETIC_PROTOTYPE
IND-OSS-1958,Data Analyst,National Statistical Systems Training Academy (NSSTA),14,61,75,78,72,53,57,63,68,20.0,1210,65,84.0,Survey Data Specialist,"{""statistical_analysis_score"": 80, ""data_visualization_score"": 70, ""python_score"": 65, ""sql_score"": 75, ""data_collection_score"": 88, ""data_quality_score"": 88, ""statistical_methods_score"": 80, ""communication_score"": 75}",Developing,SYNTHETIC_PROTOTYPE
IND-OSS-1959,Assistant Director (Statistics),National Statistical Systems Training Academy (NSSTA),15,77,71,62,68,69,78,75,70,9.0,191,66,10.0,Assistant Director (Statistics),"{""statistical_analysis_score"": 90, ""data_visualization_score"": 80, ""python_score"": 70, ""sql_score"": 75, ""data_collection_score"": 75, ""data_quality_score"": 85, ""statistical_methods_score"": 90, ""communication_score"": 85}",Proficient,SYNTHETIC_PROTOTYPE
IND-OSS-1960,Survey Data Specialist,National Statistical Systems Training Academy (NSSTA),10,64,50,41,48,73,80,58,59,10.0,612,51,80.0,Senior Statistical Officer (SSO),"{""statistical_analysis_score"": 85, ""data_visualization_score"": 75, ""python_score"": 70, ""sql_score"": 75, ""data_collection_score"": 85, ""data_quality_score"": 90, ""statistical_methods_score"": 85, ""communication_score"": 80}",Developing,SYNTHETIC_PROTOTYPE
IND-OSS-1961,Data Analyst,State Directorate of Economics and Statistics (DES),2,60,76,87,70,64,66,70,66,3.0,94,58,12.0,Junior Statistical Officer (JSO),"{""statistical_analysis_score"": 70, ""data_visualization_score"": 65, ""python_score"": 60, ""sql_score"": 65, ""data_collection_score"": 85, ""data_quality_score"": 80, ""statistical_methods_score"": 75, ""communication_score"": 70}",Developing,SYNTHETIC_PROTOTYPE
IND-OSS-1962,Field Operations Officer (NSSO),Social Statistics Division (SSD),2,44,44,37,31,52,66,56,66,3.0,61,56,29.0,Statistical Analyst,"{""statistical_analysis_score"": 85, ""data_visualization_score"": 75, ""python_score"": 75, ""sql_score"": 80, ""data_collection_score"": 60, ""data_quality_score"": 80, ""statistical_methods_score"": 80, ""communication_score"": 70}",Beginner,SYNTHETIC_PROTOTYPE
IND-OSS-1963,Junior Statistical Officer (JSO),Central Statistics Office (CSO),13,88,73,58,61,81,97,76,69,14.0,298,68,73.0,Senior Statistical Officer (SSO),"{""statistical_analysis_score"": 85, ""data_visualization_score"": 75, ""python_score"": 70, ""sql_score"": 75, ""data_collection_score"": 85, ""data_quality_score"": 90, ""statistical_methods_score"": 85, ""communication_score"": 80}",Proficient,SYNTHETIC_PROTOTYPE
IND-OSS-1964,Statistical Analyst,National Statistical Systems Training Academy (NSSTA),5,62,55,53,47,50,61,51,35,5.0,317,47,31.0,Senior Statistical Officer (SSO),"{""statistical_analysis_score"": 85, ""data_visualization_score"": 75, ""python_score"": 70, ""sql_score"": 75, ""data_collection_score"": 85, ""data_quality_score"": 90, ""statistical_methods_score"": 85, ""communication_score"": 80}",Beginner,SYNTHETIC_PROTOTYPE
IND-OSS-1965,Data Analyst,Central Statistics Office (CSO),3,50,66,76,67,55,83,61,72,2.0,66,66,45.0,Statistical Analyst,"{""statistical_analysis_score"": 85, ""data_visualization_score"": 75, ""python_score"": 75, ""sql_score"": 80, ""data_collection_score"": 60, ""data_quality_score"": 80, ""statistical_methods_score"": 80, ""communication_score"": 70}",Developing,SYNTHETIC_PROTOTYPE
IND-OSS-1966,Statistical Analyst,National Statistical Systems Training Academy (NSSTA),1,56,53,41,63,26,54,63,44,1.0,71,56,31.0,Senior Statistical Officer (SSO),"{""statistical_analysis_score"": 85, ""data_visualization_score"": 75, ""python_score"": 70, ""sql_score"": 75, ""data_collection_score"": 85, ""data_quality_score"": 90, ""statistical_methods_score"": 85, ""communication_score"": 80}",Beginner,SYNTHETIC_PROTOTYPE
IND-OSS-1967,Survey Data Specialist,Social Statistics Division (SSD),4,63,58,54,60,83,69,65,61,2.0,102,66,30.0,Senior Statistical Officer (SSO),"{""statistical_analysis_score"": 85, ""data_visualization_score"": 75, ""python_score"": 70, ""sql_score"": 75, ""data_collection_score"": 85, ""data_quality_score"": 90, ""statistical_methods_score"": 85, ""communication_score"": 80}",Developing,SYNTHETIC_PROTOTYPE
IND-OSS-1968,Data Analyst,State Directorate of Economics and Statistics (DES),6,68,77,77,76,49,65,63,75,4.0,70,60,75.0,Data Analyst,"{""statistical_analysis_score"": 75, ""data_visualization_score"": 85, ""python_score"": 85, ""sql_score"": 85, ""data_collection_score"": 60, ""data_quality_score"": 80, ""statistical_methods_score"": 70, ""communication_score"": 75}",Developing,SYNTHETIC_PROTOTYPE
IND-OSS-1969,Survey Data Specialist,National Statistical Systems Training Academy (NSSTA),12,73,52,69,72,90,80,76,72,10.0,307,73,61.0,Field Operations Officer (NSSO),"{""statistical_analysis_score"": 65, ""data_visualization_score"": 55, ""python_score"": 45, ""sql_score"": 50, ""data_collection_score"": 92, ""data_quality_score"": 85, ""statistical_methods_score"": 70, ""communication_score"": 85}",Proficient,SYNTHETIC_PROTOTYPE
IND-OSS-1970,Assistant Director (Statistics),National Statistical Systems Training Academy (NSSTA),5,71,49,50,45,48,49,54,62,6.0,120,45,28.0,Data Analyst,"{""statistical_analysis_score"": 75, ""data_visualization_score"": 85, ""python_score"": 85, ""sql_score"": 85, ""data_collection_score"": 60, ""data_quality_score"": 80, ""statistical_methods_score"": 70, ""communication_score"": 75}",Beginner,SYNTHETIC_PROTOTYPE
IND-OSS-1971,Survey Data Specialist,Central Statistics Office (CSO),7,82,79,79,76,91,93,73,83,8.0,169,67,40.0,Senior Statistical Officer (SSO),"{""statistical_analysis_score"": 85, ""data_visualization_score"": 75, ""python_score"": 70, ""sql_score"": 75, ""data_collection_score"": 85, ""data_quality_score"": 90, ""statistical_methods_score"": 85, ""communication_score"": 80}",Proficient,SYNTHETIC_PROTOTYPE
IND-OSS-1972,Field Operations Officer (NSSO),Economic Statistics Division (ESD),3,47,40,36,32,77,86,62,74,4.0,66,54,57.0,Senior Statistical Officer (SSO),"{""statistical_analysis_score"": 85, ""data_visualization_score"": 75, ""python_score"": 70, ""sql_score"": 75, ""data_collection_score"": 85, ""data_quality_score"": 90, ""statistical_methods_score"": 85, ""communication_score"": 80}",Developing,SYNTHETIC_PROTOTYPE
IND-OSS-1973,Junior Statistical Officer (JSO),Economic Statistics Division (ESD),5,71,61,46,58,87,73,56,66,2.0,125,69,66.0,Statistical Analyst,"{""statistical_analysis_score"": 85, ""data_visualization_score"": 75, ""python_score"": 75, ""sql_score"": 80, ""data_collection_score"": 60, ""data_quality_score"": 80, ""statistical_methods_score"": 80, ""communication_score"": 70}",Developing,SYNTHETIC_PROTOTYPE
IND-OSS-1974,Statistical Analyst,Economic Statistics Division (ESD),8,57,56,40,60,20,46,52,45,8.0,493,42,24.0,Field Operations Officer (NSSO),"{""statistical_analysis_score"": 65, ""data_visualization_score"": 55, ""python_score"": 45, ""sql_score"": 50, ""data_collection_score"": 92, ""data_quality_score"": 85, ""statistical_methods_score"": 70, ""communication_score"": 85}",Beginner,SYNTHETIC_PROTOTYPE
IND-OSS-1975,Senior Statistical Officer (SSO),Central Statistics Office (CSO),3,67,54,57,59,60,71,67,61,2.0,126,74,76.0,Data Analyst,"{""statistical_analysis_score"": 75, ""data_visualization_score"": 85, ""python_score"": 85, ""sql_score"": 85, ""data_collection_score"": 60, ""data_quality_score"": 80, ""statistical_methods_score"": 70, ""communication_score"": 75}",Developing,SYNTHETIC_PROTOTYPE
IND-OSS-1976,Field Operations Officer (NSSO),National Statistical Systems Training Academy (NSSTA),16,63,37,35,50,81,90,62,74,14.0,439,61,63.0,Statistical Analyst,"{""statistical_analysis_score"": 85, ""data_visualization_score"": 75, ""python_score"": 75, ""sql_score"": 80, ""data_collection_score"": 60, ""data_quality_score"": 80, ""statistical_methods_score"": 80, ""communication_score"": 70}",Developing,SYNTHETIC_PROTOTYPE
IND-OSS-1977,Statistical Analyst,National Statistical Systems Training Academy (NSSTA),7,55,55,54,55,33,54,51,40,9.0,152,48,77.0,Senior Statistical Officer (SSO),"{""statistical_analysis_score"": 85, ""data_visualization_score"": 75, ""python_score"": 70, ""sql_score"": 75, ""data_collection_score"": 85, ""data_quality_score"": 90, ""statistical_methods_score"": 85, ""communication_score"": 80}",Beginner,SYNTHETIC_PROTOTYPE
IND-OSS-1978,Field Operations Officer (NSSO),State Directorate of Economics and Statistics (DES),1,53,49,44,37,87,89,67,71,1.0,26,60,34.0,Assistant Director (Statistics),"{""statistical_analysis_score"": 90, ""data_visualization_score"": 80, ""python_score"": 70, ""sql_score"": 75, ""data_collection_score"": 75, ""data_quality_score"": 85, ""statistical_methods_score"": 90, ""communication_score"": 85}",Developing,SYNTHETIC_PROTOTYPE
IND-OSS-1979,Assistant Director (Statistics),Economic Statistics Division (ESD),8,61,55,52,46,45,58,55,63,10.0,314,44,69.0,Junior Statistical Officer (JSO),"{""statistical_analysis_score"": 70, ""data_visualization_score"": 65, ""python_score"": 60, ""sql_score"": 65, ""data_collection_score"": 85, ""data_quality_score"": 80, ""statistical_methods_score"": 75, ""communication_score"": 70}",Developing,SYNTHETIC_PROTOTYPE
IND-OSS-1980,Field Operations Officer (NSSO),National Sample Survey Office (NSSO),4,49,34,29,15,66,69,48,71,6.0,98,35,66.0,Survey Data Specialist,"{""statistical_analysis_score"": 80, ""data_visualization_score"": 70, ""python_score"": 65, ""sql_score"": 75, ""data_collection_score"": 88, ""data_quality_score"": 88, ""statistical_methods_score"": 80, ""communication_score"": 75}",Beginner,SYNTHETIC_PROTOTYPE
IND-OSS-1981,Statistical Analyst,Economic Statistics Division (ESD),3,74,50,60,57,31,69,70,56,2.0,123,53,88.0,Data Analyst,"{""statistical_analysis_score"": 75, ""data_visualization_score"": 85, ""python_score"": 85, ""sql_score"": 85, ""data_collection_score"": 60, ""data_quality_score"": 80, ""statistical_methods_score"": 70, ""communication_score"": 75}",Developing,SYNTHETIC_PROTOTYPE
IND-OSS-1982,Junior Statistical Officer (JSO),Data Quality Assurance Division (DQAD),7,36,36,26,38,58,55,36,39,7.0,321,46,75.0,Junior Statistical Officer (JSO),"{""statistical_analysis_score"": 70, ""data_visualization_score"": 65, ""python_score"": 60, ""sql_score"": 65, ""data_collection_score"": 85, ""data_quality_score"": 80, ""statistical_methods_score"": 75, ""communication_score"": 70}",Beginner,SYNTHETIC_PROTOTYPE
IND-OSS-1983,Survey Data Specialist,Economic Statistics Division (ESD),14,85,74,59,85,97,75,86,73,7.0,318,70,30.0,Junior Statistical Officer (JSO),"{""statistical_analysis_score"": 70, ""data_visualization_score"": 65, ""python_score"": 60, ""sql_score"": 65, ""data_collection_score"": 85, ""data_quality_score"": 80, ""statistical_methods_score"": 75, ""communication_score"": 70}",Proficient,SYNTHETIC_PROTOTYPE
IND-OSS-1984,Statistical Analyst,Economic Statistics Division (ESD),7,79,60,77,74,53,70,77,80,8.0,174,63,59.0,Statistical Analyst,"{""statistical_analysis_score"": 85, ""data_visualization_score"": 75, ""python_score"": 75, ""sql_score"": 80, ""data_collection_score"": 60, ""data_quality_score"": 80, ""statistical_methods_score"": 80, ""communication_score"": 70}",Developing,SYNTHETIC_PROTOTYPE
IND-OSS-1985,Field Operations Officer (NSSO),Social Statistics Division (SSD),3,81,63,33,59,83,99,70,83,2.0,72,74,54.0,Data Analyst,"{""statistical_analysis_score"": 75, ""data_visualization_score"": 85, ""python_score"": 85, ""sql_score"": 85, ""data_collection_score"": 60, ""data_quality_score"": 80, ""statistical_methods_score"": 70, ""communication_score"": 75}",Developing,SYNTHETIC_PROTOTYPE
IND-OSS-1986,Junior Statistical Officer (JSO),Social Statistics Division (SSD),8,50,49,46,43,66,47,49,41,7.0,420,49,84.0,Junior Statistical Officer (JSO),"{""statistical_analysis_score"": 70, ""data_visualization_score"": 65, ""python_score"": 60, ""sql_score"": 65, ""data_collection_score"": 85, ""data_quality_score"": 80, ""statistical_methods_score"": 75, ""communication_score"": 70}",Developing,SYNTHETIC_PROTOTYPE
IND-OSS-1987,Statistical Analyst,Economic Statistics Division (ESD),5,66,52,55,53,28,50,51,38,3.0,142,57,63.0,Field Operations Officer (NSSO),"{""statistical_analysis_score"": 65, ""data_visualization_score"": 55, ""python_score"": 45, ""sql_score"": 50, ""data_collection_score"": 92, ""data_quality_score"": 85, ""statistical_methods_score"": 70, ""communication_score"": 85}",Developing,SYNTHETIC_PROTOTYPE
IND-OSS-1988,Senior Statistical Officer (SSO),State Directorate of Economics and Statistics (DES),6,46,54,61,48,61,75,64,51,8.0,376,63,62.0,Field Operations Officer (NSSO),"{""statistical_analysis_score"": 65, ""data_visualization_score"": 55, ""python_score"": 45, ""sql_score"": 50, ""data_collection_score"": 92, ""data_quality_score"": 85, ""statistical_methods_score"": 70, ""communication_score"": 85}",Developing,SYNTHETIC_PROTOTYPE
IND-OSS-1989,Junior Statistical Officer (JSO),State Directorate of Economics and Statistics (DES),1,67,54,56,60,77,77,69,63,1.0,20,68,37.0,Field Operations Officer (NSSO),"{""statistical_analysis_score"": 65, ""data_visualization_score"": 55, ""python_score"": 45, ""sql_score"": 50, ""data_collection_score"": 92, ""data_quality_score"": 85, ""statistical_methods_score"": 70, ""communication_score"": 85}",Developing,SYNTHETIC_PROTOTYPE
IND-OSS-1990,Assistant Director (Statistics),Social Statistics Division (SSD),9,87,78,62,60,59,85,87,84,8.0,259,73,86.0,Statistical Analyst,"{""statistical_analysis_score"": 85, ""data_visualization_score"": 75, ""python_score"": 75, ""sql_score"": 80, ""data_collection_score"": 60, ""data_quality_score"": 80, ""statistical_methods_score"": 80, ""communication_score"": 70}",Proficient,SYNTHETIC_PROTOTYPE
IND-OSS-1991,Data Analyst,National Sample Survey Office (NSSO),6,71,73,81,91,57,86,59,67,2.0,74,66,34.0,Senior Statistical Officer (SSO),"{""statistical_analysis_score"": 85, ""data_visualization_score"": 75, ""python_score"": 70, ""sql_score"": 75, ""data_collection_score"": 85, ""data_quality_score"": 90, ""statistical_methods_score"": 85, ""communication_score"": 80}",Developing,SYNTHETIC_PROTOTYPE
IND-OSS-1992,Junior Statistical Officer (JSO),State Directorate of Economics and Statistics (DES),4,63,70,55,65,75,86,75,75,6.0,289,64,60.0,Junior Statistical Officer (JSO),"{""statistical_analysis_score"": 70, ""data_visualization_score"": 65, ""python_score"": 60, ""sql_score"": 65, ""data_collection_score"": 85, ""data_quality_score"": 80, ""statistical_methods_score"": 75, ""communication_score"": 70}",Developing,SYNTHETIC_PROTOTYPE
IND-OSS-1993,Field Operations Officer (NSSO),National Statistical Systems Training Academy (NSSTA),2,52,44,36,49,77,77,49,70,2.0,134,52,39.0,Survey Data Specialist,"{""statistical_analysis_score"": 80, ""data_visualization_score"": 70, ""python_score"": 65, ""sql_score"": 75, ""data_collection_score"": 88, ""data_quality_score"": 88, ""statistical_methods_score"": 80, ""communication_score"": 75}",Developing,SYNTHETIC_PROTOTYPE
IND-OSS-1994,Data Analyst,Central Statistics Office (CSO),7,92,99,99,99,77,91,88,96,8.0,243,86,74.0,Field Operations Officer (NSSO),"{""statistical_analysis_score"": 65, ""data_visualization_score"": 55, ""python_score"": 45, ""sql_score"": 50, ""data_collection_score"": 92, ""data_quality_score"": 85, ""statistical_methods_score"": 70, ""communication_score"": 85}",Advanced,SYNTHETIC_PROTOTYPE
IND-OSS-1995,Field Operations Officer (NSSO),Economic Statistics Division (ESD),4,69,66,52,64,99,93,87,92,3.0,152,80,38.0,Field Operations Officer (NSSO),"{""statistical_analysis_score"": 65, ""data_visualization_score"": 55, ""python_score"": 45, ""sql_score"": 50, ""data_collection_score"": 92, ""data_quality_score"": 85, ""statistical_methods_score"": 70, ""communication_score"": 85}",Proficient,SYNTHETIC_PROTOTYPE
IND-OSS-1996,Statistical Analyst,National Sample Survey Office (NSSO),8,78,66,64,75,57,70,73,65,10.0,466,68,87.0,Statistical Analyst,"{""statistical_analysis_score"": 85, ""data_visualization_score"": 75, ""python_score"": 75, ""sql_score"": 80, ""data_collection_score"": 60, ""data_quality_score"": 80, ""statistical_methods_score"": 80, ""communication_score"": 70}",Developing,SYNTHETIC_PROTOTYPE
IND-OSS-1997,Data Analyst,Data Quality Assurance Division (DQAD),20,99,99,99,99,72,99,87,99,14.0,281,85,68.0,Junior Statistical Officer (JSO),"{""statistical_analysis_score"": 70, ""data_visualization_score"": 65, ""python_score"": 60, ""sql_score"": 65, ""data_collection_score"": 85, ""data_quality_score"": 80, ""statistical_methods_score"": 75, ""communication_score"": 70}",Advanced,SYNTHETIC_PROTOTYPE
IND-OSS-1998,Survey Data Specialist,Economic Statistics Division (ESD),13,78,54,51,76,81,86,79,70,9.0,409,66,86.0,Field Operations Officer (NSSO),"{""statistical_analysis_score"": 65, ""data_visualization_score"": 55, ""python_score"": 45, ""sql_score"": 50, ""data_collection_score"": 92, ""data_quality_score"": 85, ""statistical_methods_score"": 70, ""communication_score"": 85}",Proficient,SYNTHETIC_PROTOTYPE
IND-OSS-1999,Senior Statistical Officer (SSO),Central Statistics Office (CSO),7,81,72,61,60,66,84,72,68,8.0,171,63,64.0,Field Operations Officer (NSSO),"{""statistical_analysis_score"": 65, ""data_visualization_score"": 55, ""python_score"": 45, ""sql_score"": 50, ""data_collection_score"": 92, ""data_quality_score"": 85, ""statistical_methods_score"": 70, ""communication_score"": 85}",Developing,SYNTHETIC_PROTOTYPE
IND-OSS-2000,Field Operations Officer (NSSO),Central Statistics Office (CSO),4,35,42,16,27,76,44,46,52,2.0,58,39,54.0,Junior Statistical Officer (JSO),"{""statistical_analysis_score"": 70, ""data_visualization_score"": 65, ""python_score"": 60, ""sql_score"": 65, ""data_collection_score"": 85, ""data_quality_score"": 80, ""statistical_methods_score"": 75, ""communication_score"": 70}",Beginner,SYNTHETIC_PROTOTYPE
